Gender,Customer Type,Age,Type of Travel,Class,Flight Distance,Inflight wifi service,Departure/Arrival time convenient,Ease of Online booking,Gate location,Food and drink,Online boarding,Seat comfort,Inflight entertainment,On-board service,Leg room service,Baggage handling,Checkin service,Inflight service,Cleanliness,Departure Delay in Minutes,Arrival Delay in Minutes,cluster
Male,Loyal Customer,29,Business travel,Business,814,3,3,3,3,4,4,4,4,4,2,5,4,4,4,9,6.0,1
Male,Loyal Customer,54,Business travel,Business,2913,4,4,4,4,4,4,4,4,4,4,4,4,4,4,26,9.0,1
Male,Loyal Customer,52,Business travel,Eco,277,4,5,5,5,4,4,4,4,4,4,4,3,4,4,68,42.0,1
Female,Loyal Customer,17,Personal Travel,Eco,1744,3,0,3,1,4,3,1,4,4,2,5,4,5,4,7,39.0,1
Female,Loyal Customer,30,Personal Travel,Eco,1440,3,4,3,2,3,3,3,3,5,5,4,5,4,3,0,0.0,1
Male,Loyal Customer,45,Business travel,Business,1684,0,5,0,4,3,5,5,5,5,5,5,4,5,5,0,8.0,1
Female,Loyal Customer,33,Business travel,Eco,153,5,5,5,5,5,4,5,5,2,2,4,5,5,5,3,0.0,1
Female,Loyal Customer,51,Business travel,Business,3424,3,4,4,4,5,3,3,3,3,3,3,4,3,4,44,42.0,1
Male,Loyal Customer,55,Personal Travel,Eco,628,3,5,3,2,3,3,3,3,5,2,2,1,1,3,0,0.0,0
Male,Loyal Customer,51,Business travel,Business,954,1,5,1,1,4,5,5,5,5,5,5,3,5,5,0,0.0,1
Female,disloyal Customer,33,Business travel,Business,612,2,2,2,3,2,2,5,2,5,4,5,3,4,2,10,9.0,0
Female,Loyal Customer,67,Business travel,Business,469,3,4,2,2,3,4,4,3,3,3,3,3,3,1,0,0.0,0
Male,Loyal Customer,49,Business travel,Business,2017,3,3,3,3,5,4,4,5,5,5,5,4,5,3,0,0.0,1
Female,Loyal Customer,52,Business travel,Business,771,1,1,4,1,4,1,4,5,5,4,5,5,5,1,0,0.0,1
Female,disloyal Customer,38,Business travel,Business,308,3,3,3,3,4,3,4,4,1,1,4,2,3,4,39,26.0,0
Male,Loyal Customer,37,Business travel,Business,1558,4,1,1,1,1,3,4,4,4,3,4,1,4,3,0,8.0,0
Female,Loyal Customer,42,Business travel,Business,2657,1,1,1,1,4,4,5,5,5,5,4,3,5,3,0,0.0,1
Male,Loyal Customer,50,Business travel,Business,1504,2,2,4,2,3,1,4,5,5,5,5,2,5,4,0,0.0,1
Female,disloyal Customer,21,Business travel,Eco,567,2,3,2,4,3,2,1,3,4,5,3,4,4,3,0,0.0,0
Female,Loyal Customer,37,Business travel,Business,283,2,2,2,2,5,4,4,4,4,4,4,5,4,3,0,0.0,1
Male,Loyal Customer,37,Personal Travel,Eco,2182,0,5,0,3,5,0,5,5,4,2,1,1,1,5,9,17.0,0
Male,Loyal Customer,50,Business travel,Eco,1185,4,5,5,5,3,4,3,3,4,4,5,3,5,3,8,0.0,1
Male,Loyal Customer,58,Business travel,Business,2521,3,3,3,3,5,5,5,5,2,4,5,5,3,5,4,14.0,1
Female,Loyal Customer,9,Personal Travel,Eco Plus,349,2,3,2,4,2,2,2,2,1,1,3,2,4,2,11,5.0,0
Male,disloyal Customer,21,Business travel,Eco,749,1,1,1,2,4,1,4,4,3,3,1,2,4,4,0,0.0,0
Female,Loyal Customer,15,Personal Travel,Eco,524,4,4,4,2,3,4,3,3,4,5,4,3,4,3,0,0.0,1
Male,disloyal Customer,23,Business travel,Business,1165,4,0,4,2,1,4,1,1,3,2,5,4,5,1,79,63.0,0
Male,disloyal Customer,31,Business travel,Eco,921,3,2,2,4,3,2,3,3,1,5,3,2,4,3,125,113.0,0
Female,Loyal Customer,57,Business travel,Business,408,5,5,5,5,2,4,5,4,4,4,4,3,4,3,0,0.0,1
Female,Loyal Customer,46,Business travel,Business,1773,1,4,4,4,2,3,4,1,1,1,1,3,1,4,0,0.0,0
Male,Loyal Customer,22,Business travel,Business,1887,2,3,4,3,2,3,2,2,1,5,4,2,4,2,0,0.0,0
Female,Loyal Customer,54,Business travel,Eco Plus,451,5,1,1,1,5,3,2,5,5,5,5,5,5,4,0,0.0,1
Male,disloyal Customer,27,Business travel,Business,272,2,2,2,1,1,0,1,1,5,4,4,4,5,1,0,0.0,0
Male,disloyal Customer,46,Business travel,Eco,413,2,0,2,4,4,2,4,4,4,4,5,3,1,4,114,119.0,1
Male,Loyal Customer,29,Business travel,Eco Plus,954,2,5,4,5,2,2,2,2,1,5,4,4,4,2,0,0.0,0
Male,Loyal Customer,16,Business travel,Eco,422,4,4,4,4,4,5,4,4,2,1,5,5,2,4,0,0.0,1
Female,Loyal Customer,37,Personal Travel,Eco,122,1,4,1,2,3,1,3,3,5,1,2,1,5,3,0,0.0,0
Male,Loyal Customer,43,Business travel,Business,3146,0,0,0,1,2,5,4,5,5,5,5,3,5,4,0,0.0,1
Female,disloyal Customer,40,Business travel,Business,213,3,3,3,2,3,3,4,3,3,2,5,5,5,3,53,70.0,1
Male,Loyal Customer,40,Personal Travel,Eco,1576,3,4,3,4,2,3,2,2,4,3,4,5,4,2,0,0.0,0
Female,Loyal Customer,41,Business travel,Business,1211,1,1,1,1,4,4,5,5,5,5,5,5,5,3,0,0.0,1
Female,disloyal Customer,35,Business travel,Eco,522,3,2,3,4,3,3,3,3,1,1,3,1,3,3,80,88.0,0
Female,Loyal Customer,44,Business travel,Business,2078,2,2,2,2,3,4,5,4,4,4,4,5,4,4,0,0.0,1
Male,Loyal Customer,33,Personal Travel,Eco,2521,1,2,2,4,2,2,1,1,5,4,3,1,3,1,24,23.0,0
Female,Loyal Customer,14,Personal Travel,Eco Plus,236,4,5,4,5,2,4,2,2,4,4,4,3,4,2,1,0.0,0
Male,Loyal Customer,59,Personal Travel,Eco,1475,3,4,3,4,5,3,5,5,1,1,2,2,3,5,0,0.0,1
Male,Loyal Customer,32,Personal Travel,Eco,448,1,1,1,3,4,1,4,4,3,3,2,2,3,4,0,0.0,0
Female,Loyal Customer,40,Business travel,Business,236,5,5,5,5,2,4,4,4,4,4,4,4,4,5,20,29.0,1
Female,Loyal Customer,50,Business travel,Business,2696,4,4,4,4,2,4,5,5,5,5,5,3,5,3,5,21.0,1
Male,Loyal Customer,15,Personal Travel,Eco,1235,0,5,0,5,2,0,2,2,4,5,4,3,5,2,4,1.0,0
Female,Loyal Customer,41,Business travel,Eco,789,2,2,2,2,2,2,2,2,4,5,2,4,2,2,0,0.0,0
Female,Loyal Customer,49,Business travel,Eco,399,5,4,4,4,2,2,4,5,5,5,5,2,5,5,0,0.0,1
Female,disloyal Customer,34,Business travel,Business,361,2,2,2,3,5,2,2,5,5,5,4,4,5,5,7,5.0,1
Female,Loyal Customer,57,Personal Travel,Eco,408,4,4,4,2,2,4,5,4,4,4,4,3,4,3,0,0.0,1
Male,Loyal Customer,25,Business travel,Eco,588,0,4,0,3,5,0,5,5,4,2,2,2,3,5,0,0.0,0
Male,disloyal Customer,58,Business travel,Eco,370,4,5,4,3,1,4,5,1,2,1,3,1,4,1,3,0.0,0
Female,Loyal Customer,42,Business travel,Business,3912,2,2,2,2,4,4,4,5,5,5,5,3,5,4,0,0.0,1
Male,Loyal Customer,42,Business travel,Eco,448,2,4,4,4,2,2,2,2,1,4,3,1,3,2,0,0.0,0
Male,disloyal Customer,27,Business travel,Eco,899,3,3,3,4,4,3,1,4,3,2,5,2,5,4,0,0.0,1
Male,Loyal Customer,38,Business travel,Business,2421,2,5,1,5,2,4,3,2,2,2,2,3,2,2,0,0.0,0
Female,disloyal Customer,25,Business travel,Eco,1444,3,3,3,3,4,3,4,4,1,4,4,4,4,4,0,0.0,1
Female,Loyal Customer,65,Personal Travel,Eco,594,1,4,1,5,2,4,1,3,3,1,3,2,3,2,0,1.0,0
Female,Loyal Customer,55,Business travel,Eco Plus,102,2,2,5,2,5,4,2,2,2,2,2,2,2,3,0,0.0,0
Female,Loyal Customer,45,Personal Travel,Eco,873,1,1,1,3,3,3,3,4,4,1,4,4,4,4,0,0.0,0
Female,Loyal Customer,35,Business travel,Eco Plus,259,2,1,1,1,2,2,2,2,4,3,3,3,4,2,19,27.0,0
Male,Loyal Customer,23,Personal Travel,Eco,455,4,4,2,2,5,2,5,5,4,2,4,4,4,5,1,11.0,1
Male,disloyal Customer,35,Business travel,Business,859,2,2,2,2,4,2,5,4,3,4,4,4,5,4,0,0.0,1
Female,Loyal Customer,28,Business travel,Business,3859,1,1,1,1,5,5,5,5,5,4,5,3,4,5,10,6.0,1
Female,disloyal Customer,50,Business travel,Business,1198,2,2,2,2,1,2,1,1,3,4,4,4,5,1,5,0.0,0
Male,Loyal Customer,52,Business travel,Business,3581,4,4,4,4,4,4,4,2,1,3,3,4,2,4,256,274.0,0
Male,Loyal Customer,41,Personal Travel,Eco,1041,1,5,1,1,4,1,1,4,4,4,5,4,4,4,0,0.0,0
Female,Loyal Customer,57,Business travel,Business,287,0,0,0,4,4,4,5,5,5,5,5,5,5,5,0,1.0,1
Male,disloyal Customer,20,Business travel,Eco,641,2,3,2,4,5,2,3,5,3,3,3,2,3,5,0,0.0,1
Female,Loyal Customer,59,Personal Travel,Eco Plus,605,2,3,2,1,5,3,4,2,2,2,2,2,2,5,0,0.0,0
Male,Loyal Customer,45,Business travel,Eco Plus,347,5,4,4,4,5,5,5,5,5,5,4,5,2,5,0,0.0,1
Female,Loyal Customer,50,Business travel,Business,3962,4,4,1,4,3,5,5,4,4,4,4,4,4,4,0,0.0,1
Male,Loyal Customer,17,Business travel,Business,366,2,4,4,4,2,2,2,2,1,1,4,1,3,2,56,48.0,0
Female,Loyal Customer,39,Personal Travel,Eco,632,4,3,4,4,5,4,2,5,4,2,4,1,4,5,0,0.0,1
Female,Loyal Customer,26,Business travel,Eco Plus,403,3,2,4,4,3,3,2,3,1,4,4,4,4,3,0,7.0,0
Male,Loyal Customer,32,Personal Travel,Eco,436,4,4,5,3,5,5,5,5,1,5,1,2,5,5,3,1.0,1
Female,Loyal Customer,38,Business travel,Business,1721,5,5,5,5,4,5,1,2,2,2,2,3,2,2,4,0.0,0
Female,Loyal Customer,12,Personal Travel,Eco,1670,2,0,2,1,1,2,1,1,4,4,5,4,5,1,41,18.0,0
Female,Loyal Customer,39,Business travel,Business,1050,3,3,3,3,2,5,5,5,5,5,5,3,5,4,0,2.0,1
Male,Loyal Customer,54,Business travel,Business,2378,2,5,2,2,3,5,5,5,5,5,5,4,5,5,11,0.0,1
Male,Loyal Customer,64,Personal Travel,Eco,366,3,5,3,2,1,3,1,1,5,1,1,3,4,1,2,0.0,0
Male,Loyal Customer,20,Personal Travel,Eco,260,4,3,4,2,5,4,3,5,4,3,2,3,3,5,0,0.0,1
Male,disloyal Customer,33,Business travel,Business,337,3,3,3,5,2,3,2,2,5,4,4,4,5,2,0,0.0,0
Female,disloyal Customer,22,Business travel,Business,1235,5,0,5,2,4,0,4,4,3,3,4,5,4,4,0,0.0,1
Female,disloyal Customer,23,Business travel,Eco,651,5,5,5,3,3,5,3,3,4,5,5,4,4,3,0,0.0,1
Male,Loyal Customer,51,Personal Travel,Eco,666,4,5,4,3,5,4,3,5,1,4,4,1,5,5,17,3.0,1
Male,disloyal Customer,23,Business travel,Business,366,0,3,0,4,2,0,1,2,5,2,5,4,5,2,0,0.0,0
Female,Loyal Customer,60,Personal Travel,Business,458,0,4,0,4,4,3,4,3,3,0,3,1,3,4,20,4.0,0
Male,disloyal Customer,43,Business travel,Business,2454,2,2,2,1,1,2,1,1,3,5,5,4,5,1,19,0.0,0
Female,Loyal Customer,41,Business travel,Business,1606,0,0,0,5,4,5,4,3,3,3,3,4,3,4,0,0.0,1
Female,Loyal Customer,61,Business travel,Business,3751,2,1,1,1,1,4,3,2,2,2,2,4,2,4,29,23.0,0
Male,Loyal Customer,41,Business travel,Business,372,5,5,4,5,2,4,4,4,4,5,4,4,4,5,25,19.0,1
Male,Loyal Customer,31,Business travel,Business,2469,1,1,4,1,5,5,5,5,5,2,4,5,5,5,0,0.0,1
Male,Loyal Customer,60,Personal Travel,Eco,1488,1,4,1,3,3,1,3,3,3,3,5,4,5,3,0,0.0,0
Female,Loyal Customer,54,Business travel,Business,2257,0,4,0,4,2,4,5,5,5,5,5,5,5,4,0,0.0,1
Female,Loyal Customer,27,Business travel,Business,3539,3,5,5,5,3,3,3,3,2,4,2,4,3,3,0,0.0,0
Female,Loyal Customer,48,Business travel,Business,954,1,1,5,1,5,4,4,5,5,5,5,5,5,3,0,0.0,1
Female,disloyal Customer,58,Business travel,Business,315,2,2,2,4,5,2,5,5,3,3,4,5,5,5,73,75.0,1
Male,Loyal Customer,66,Business travel,Eco,190,3,2,2,2,3,3,3,3,3,1,3,1,4,3,0,0.0,0
Male,Loyal Customer,48,Business travel,Business,3161,3,3,3,3,5,4,5,4,4,4,4,4,4,4,0,0.0,1
Male,Loyal Customer,27,Business travel,Business,1960,5,5,5,5,4,4,4,4,4,2,1,2,3,4,0,0.0,1
Female,Loyal Customer,51,Business travel,Eco Plus,817,2,5,5,5,5,5,3,2,2,2,2,1,2,4,1,0.0,0
Female,disloyal Customer,33,Business travel,Business,651,1,1,1,2,4,1,5,4,5,3,5,5,4,4,0,0.0,1
Female,Loyal Customer,29,Business travel,Business,1684,3,3,2,3,4,4,4,4,3,5,4,4,4,4,0,0.0,1
Male,disloyal Customer,25,Business travel,Business,1145,5,0,5,1,2,5,2,2,3,3,5,5,4,2,0,0.0,0
Male,Loyal Customer,25,Business travel,Business,1046,4,4,4,4,4,3,4,4,2,2,3,3,3,4,20,22.0,1
Male,Loyal Customer,55,Business travel,Eco,612,3,1,1,1,3,3,3,3,2,5,3,4,4,3,0,0.0,0
Male,disloyal Customer,38,Business travel,Business,919,3,3,3,2,1,3,1,1,4,4,4,4,5,1,0,0.0,0
Male,Loyal Customer,56,Business travel,Business,1096,3,3,5,3,2,5,4,5,5,5,5,4,5,4,0,0.0,1
Male,disloyal Customer,23,Business travel,Eco,370,1,3,1,3,5,1,5,5,2,3,4,4,4,5,0,0.0,1
Female,disloyal Customer,20,Business travel,Business,1144,4,0,4,2,2,4,2,2,5,5,5,5,5,2,75,129.0,1
Male,disloyal Customer,20,Business travel,Eco,201,2,4,2,4,5,2,1,5,3,1,3,1,4,5,0,4.0,0
Female,Loyal Customer,48,Business travel,Business,594,2,2,2,2,4,5,5,4,4,4,4,3,4,4,0,0.0,1
Male,Loyal Customer,41,Business travel,Business,2668,1,1,1,1,2,5,4,3,3,3,3,4,3,3,8,9.0,0
Female,Loyal Customer,43,Business travel,Business,1426,4,4,4,4,4,4,4,4,4,4,4,4,4,3,0,0.0,1
Female,Loyal Customer,61,Personal Travel,Eco,406,3,4,3,3,4,5,5,5,5,3,5,4,5,5,35,47.0,1
Male,Loyal Customer,59,Business travel,Business,1642,1,1,1,1,3,3,4,1,1,1,1,3,1,4,8,0.0,0
Male,Loyal Customer,56,Business travel,Business,1488,4,4,4,4,2,4,4,4,4,4,4,4,4,3,73,91.0,1
Female,Loyal Customer,22,Personal Travel,Eco,1147,0,1,0,3,3,0,3,3,2,1,2,2,3,3,0,0.0,0
Female,Loyal Customer,38,Business travel,Business,2072,1,1,1,1,3,5,4,5,5,5,5,3,5,5,0,0.0,1
Female,Loyal Customer,28,Business travel,Eco,1034,4,5,5,5,4,4,4,4,1,5,1,3,1,4,10,0.0,1
Female,disloyal Customer,27,Business travel,Business,409,4,5,5,3,2,5,2,2,3,4,5,5,4,2,0,32.0,0
Female,Loyal Customer,53,Business travel,Business,1013,1,1,1,1,5,4,4,5,5,5,5,3,5,4,0,0.0,1
Male,Loyal Customer,31,Personal Travel,Business,1269,1,4,2,3,2,2,2,2,1,2,3,3,3,2,0,0.0,0
Female,Loyal Customer,41,Business travel,Business,287,3,3,3,3,2,5,4,4,4,4,4,5,4,3,21,13.0,1
Male,Loyal Customer,53,Business travel,Business,3361,2,2,2,2,3,4,4,5,5,5,5,3,5,5,0,0.0,1
Female,disloyal Customer,45,Business travel,Eco,1452,1,2,2,3,2,1,4,2,1,3,4,2,4,2,2,30.0,0
Female,Loyal Customer,14,Business travel,Eco,631,2,2,2,2,2,2,1,2,2,1,3,4,4,2,5,9.0,0
Female,disloyal Customer,24,Business travel,Eco,796,3,3,3,1,1,3,1,1,4,2,3,4,5,1,8,1.0,0
Female,Loyal Customer,31,Personal Travel,Eco,354,4,4,3,1,3,5,1,4,5,5,5,1,5,1,200,201.0,0
Female,Loyal Customer,23,Personal Travel,Eco Plus,1208,1,5,1,3,2,1,2,2,5,5,5,2,3,2,11,16.0,0
Male,Loyal Customer,19,Personal Travel,Eco,701,3,4,3,4,2,3,2,2,4,5,5,4,3,2,11,33.0,0
Male,Loyal Customer,46,Business travel,Business,1727,2,2,2,2,5,5,5,4,4,4,4,4,4,3,0,0.0,1
Male,Loyal Customer,57,Personal Travel,Eco Plus,624,1,5,0,3,1,0,1,1,3,1,2,5,3,1,0,0.0,0
Male,Loyal Customer,50,Business travel,Eco,451,1,2,2,2,1,1,1,1,2,5,1,3,1,1,0,0.0,0
Female,Loyal Customer,9,Personal Travel,Eco,1111,1,3,1,3,4,1,4,4,1,2,4,2,3,4,8,0.0,0
Male,Loyal Customer,52,Personal Travel,Eco,1874,5,3,5,3,2,5,2,2,2,4,4,4,4,2,0,0.0,0
Female,Loyal Customer,30,Business travel,Eco,121,5,2,2,2,5,5,5,5,1,1,4,2,3,5,3,2.0,1
Female,Loyal Customer,30,Personal Travel,Eco,1044,3,4,3,4,5,3,1,5,3,2,5,4,5,5,0,0.0,1
Female,Loyal Customer,58,Business travel,Business,2390,2,2,2,2,4,4,4,4,5,5,4,4,3,4,183,185.0,1
Male,Loyal Customer,55,Business travel,Business,2819,2,2,2,2,2,4,5,5,5,5,5,3,5,4,4,0.0,1
Male,Loyal Customer,22,Business travel,Business,1013,2,3,3,3,2,2,2,2,1,5,3,1,3,2,0,0.0,0
Female,Loyal Customer,54,Business travel,Business,3513,3,3,3,3,2,4,5,4,4,4,4,4,4,5,0,0.0,1
Female,Loyal Customer,35,Business travel,Eco,1744,2,3,3,3,2,2,2,2,1,4,4,1,3,2,5,10.0,0
Female,Loyal Customer,42,Personal Travel,Eco,198,1,4,1,4,4,4,5,4,4,1,4,3,4,3,0,0.0,1
Male,Loyal Customer,49,Business travel,Business,2727,2,2,2,2,3,5,5,4,4,4,4,4,4,4,0,0.0,1
Female,Loyal Customer,58,Business travel,Business,2204,3,3,3,3,2,5,4,4,4,4,4,3,4,5,0,1.0,1
Female,disloyal Customer,39,Business travel,Eco,448,2,4,2,3,5,2,5,5,4,3,3,3,4,5,29,27.0,1
Female,Loyal Customer,16,Personal Travel,Eco,534,2,4,3,3,4,3,3,4,3,5,4,4,4,4,6,51.0,1
Female,Loyal Customer,26,Business travel,Business,1516,3,3,3,3,5,5,5,5,4,4,5,3,4,5,0,0.0,1
Female,Loyal Customer,36,Personal Travel,Eco,522,2,4,2,1,2,2,2,2,4,2,5,4,4,2,0,0.0,0
Female,Loyal Customer,32,Personal Travel,Eco,431,3,5,3,2,2,3,4,2,1,3,4,4,1,2,71,95.0,0
Male,Loyal Customer,25,Personal Travel,Eco Plus,507,1,5,1,1,5,1,5,5,4,4,4,4,5,5,4,12.0,1
Female,Loyal Customer,19,Personal Travel,Eco,191,1,5,1,5,5,1,5,5,5,3,5,5,5,5,1,1.0,1
Female,disloyal Customer,22,Business travel,Business,521,4,0,4,1,5,4,5,5,5,1,1,3,3,5,0,0.0,1
Male,Loyal Customer,47,Personal Travel,Eco,373,4,4,4,4,4,2,2,3,5,5,5,2,3,2,301,294.0,0
Male,Loyal Customer,42,Business travel,Business,3685,4,4,4,4,4,5,4,4,4,4,4,5,4,4,0,0.0,1
Female,Loyal Customer,26,Business travel,Business,2934,3,3,3,3,4,4,4,4,5,5,5,3,5,4,0,0.0,1
Female,Loyal Customer,33,Business travel,Business,1589,1,1,1,1,5,5,5,5,5,4,5,3,5,3,0,0.0,1
Female,Loyal Customer,20,Personal Travel,Eco,1195,2,4,2,3,3,2,3,3,4,5,5,4,5,3,0,0.0,1
Male,Loyal Customer,44,Business travel,Business,3797,4,4,4,4,2,5,4,5,5,5,5,5,5,4,0,0.0,1
Female,Loyal Customer,48,Business travel,Business,3360,5,1,5,5,5,5,5,4,4,4,4,3,4,3,0,0.0,1
Female,Loyal Customer,40,Personal Travel,Eco,836,2,5,2,4,3,2,3,3,3,3,4,3,4,3,1,0.0,0
Male,Loyal Customer,39,Business travel,Business,813,3,3,3,3,4,4,4,5,5,5,5,3,5,5,0,0.0,1
Male,Loyal Customer,16,Personal Travel,Eco,787,2,4,2,3,3,2,3,3,3,4,4,3,3,3,15,26.0,0
Male,Loyal Customer,41,Business travel,Business,2601,3,3,3,3,5,4,4,4,4,4,4,3,4,5,12,23.0,1
Male,Loyal Customer,68,Personal Travel,Eco,1089,2,3,2,1,2,2,2,2,2,5,4,1,1,2,0,0.0,0
Female,Loyal Customer,43,Personal Travel,Eco,293,4,3,4,3,1,4,3,4,4,4,4,1,4,1,0,0.0,0
Female,disloyal Customer,34,Business travel,Eco,488,2,0,2,2,5,2,5,5,5,3,2,1,5,5,68,87.0,1
Male,Loyal Customer,29,Business travel,Business,2283,3,4,4,4,3,3,3,3,3,1,1,4,2,3,44,37.0,0
Male,Loyal Customer,24,Business travel,Business,1488,4,3,3,3,4,4,4,4,3,5,4,4,4,4,1,0.0,1
Female,Loyal Customer,9,Personal Travel,Eco Plus,689,3,4,3,2,4,3,4,4,5,4,4,4,5,4,0,0.0,1
Male,Loyal Customer,50,Business travel,Business,1877,2,4,4,4,5,4,4,2,2,2,2,1,2,4,0,0.0,0
Female,Loyal Customer,30,Business travel,Business,1691,5,5,5,5,2,2,2,2,4,5,4,4,5,2,0,0.0,0
Male,Loyal Customer,41,Business travel,Eco,290,4,1,1,1,4,4,4,4,2,3,1,1,4,4,0,0.0,0
Male,Loyal Customer,51,Personal Travel,Eco,442,1,4,3,3,3,3,3,3,1,4,1,5,2,3,20,17.0,0
Male,Loyal Customer,55,Business travel,Business,3713,5,5,5,5,3,4,4,3,3,3,3,5,3,5,71,116.0,1
Male,Loyal Customer,56,Business travel,Business,733,5,5,5,5,5,5,5,4,4,4,4,3,4,5,21,9.0,1
Male,Loyal Customer,30,Business travel,Business,2378,5,5,5,5,4,4,4,4,2,3,4,3,4,4,0,0.0,1
Female,disloyal Customer,27,Business travel,Business,130,2,2,2,4,4,2,2,4,5,5,4,4,5,4,0,1.0,1
Male,Loyal Customer,51,Business travel,Business,814,1,1,1,1,3,5,5,4,4,4,4,4,4,5,37,13.0,1
Female,disloyal Customer,23,Business travel,Eco,1056,1,1,1,5,5,1,5,5,3,4,4,1,3,5,0,0.0,1
Male,disloyal Customer,27,Business travel,Eco,774,3,4,4,3,2,3,2,2,3,3,4,3,3,2,0,0.0,0
Male,disloyal Customer,29,Business travel,Eco,391,3,2,2,4,1,2,1,1,4,4,4,1,4,1,70,73.0,0
Female,Loyal Customer,43,Personal Travel,Eco,1814,3,4,3,1,4,4,4,3,3,3,3,3,3,3,10,6.0,1
Female,Loyal Customer,24,Business travel,Business,862,1,3,3,3,2,1,1,4,1,3,4,1,2,1,129,140.0,0
Male,Loyal Customer,53,Business travel,Business,643,1,1,3,1,4,5,5,5,5,5,5,5,5,3,0,0.0,1
Male,Loyal Customer,49,Personal Travel,Eco,545,2,4,2,4,2,2,2,2,2,5,4,5,4,2,0,2.0,0
Female,Loyal Customer,52,Business travel,Business,3488,2,4,2,2,1,5,2,5,5,5,5,3,5,4,0,0.0,1
Female,Loyal Customer,44,Personal Travel,Eco,227,2,4,2,1,5,5,3,4,4,2,4,1,4,5,19,24.0,1
Male,Loyal Customer,61,Personal Travel,Eco,370,3,5,3,4,3,3,3,3,3,4,4,1,4,3,15,4.0,0
Male,Loyal Customer,53,Business travel,Eco,689,2,4,4,4,2,2,2,2,3,3,3,3,3,2,0,9.0,0
Male,disloyal Customer,22,Business travel,Eco,227,1,4,1,3,2,1,2,2,3,2,3,3,4,2,0,0.0,0
Female,Loyal Customer,62,Personal Travel,Eco,594,1,3,1,3,2,4,3,2,2,1,2,4,2,3,0,5.0,0
Male,Loyal Customer,35,Personal Travel,Eco,693,2,5,2,2,3,2,3,3,3,2,4,3,4,3,18,27.0,0
Female,Loyal Customer,52,Business travel,Business,3714,0,4,0,3,3,5,4,5,5,5,5,5,5,5,0,0.0,1
Male,Loyal Customer,38,Personal Travel,Eco Plus,657,2,4,2,4,2,2,4,2,3,5,3,4,3,2,0,0.0,0
Male,Loyal Customer,22,Personal Travel,Eco,2475,3,3,4,1,3,4,2,3,3,3,5,3,3,3,0,0.0,0
Female,Loyal Customer,40,Business travel,Business,250,3,3,3,3,3,4,5,5,5,5,5,5,5,3,0,0.0,1
Female,Loyal Customer,41,Business travel,Business,1900,1,1,1,1,3,4,5,4,4,4,4,5,4,3,0,0.0,1
Male,Loyal Customer,50,Business travel,Business,2975,2,1,2,1,5,2,3,2,2,2,2,2,2,3,23,22.0,0
Male,Loyal Customer,39,Business travel,Business,334,5,5,3,5,3,4,4,3,3,4,3,4,3,5,0,0.0,1
Female,Loyal Customer,56,Personal Travel,Eco Plus,295,2,5,2,2,3,4,4,2,2,2,2,4,2,4,0,0.0,0
Male,Loyal Customer,47,Business travel,Business,3776,1,1,1,1,2,5,5,5,5,5,5,4,5,3,0,0.0,1
Female,Loyal Customer,48,Business travel,Business,2532,5,5,3,5,5,5,5,4,4,4,4,4,4,4,0,0.0,1
Male,Loyal Customer,66,Personal Travel,Eco,621,3,1,3,2,5,3,5,5,3,4,3,2,3,5,23,33.0,1
Female,disloyal Customer,27,Business travel,Eco Plus,101,3,3,3,3,1,3,1,1,2,1,2,2,4,1,0,0.0,0
Male,Loyal Customer,33,Personal Travel,Eco,854,4,4,4,5,3,4,3,3,3,2,4,4,4,3,6,0.0,1
Female,disloyal Customer,24,Business travel,Eco,666,1,0,1,3,5,1,5,5,3,4,5,4,5,5,4,0.0,1
Male,Loyal Customer,22,Personal Travel,Eco,575,4,1,4,4,5,4,5,5,4,1,4,4,4,5,0,0.0,1
Female,Loyal Customer,39,Business travel,Business,2218,3,3,3,3,3,3,5,5,5,5,5,5,5,4,0,0.0,1
Male,Loyal Customer,32,Business travel,Eco Plus,931,3,4,4,4,3,3,3,3,4,1,3,1,4,3,0,0.0,0
Female,Loyal Customer,57,Business travel,Business,2607,1,1,1,1,4,5,4,4,4,4,4,4,4,5,0,0.0,1
Male,Loyal Customer,12,Business travel,Business,1999,2,5,5,5,2,2,2,2,1,2,4,4,3,2,0,0.0,0
Male,Loyal Customer,18,Business travel,Eco Plus,588,2,2,2,2,2,2,2,2,3,5,3,3,3,2,0,0.0,0
Female,disloyal Customer,39,Business travel,Business,861,1,1,1,1,2,1,2,2,5,5,4,5,5,2,16,12.0,0
Male,disloyal Customer,46,Business travel,Business,1488,2,2,2,5,1,2,3,1,5,3,4,5,5,1,2,0.0,0
Male,Loyal Customer,42,Personal Travel,Eco,224,3,5,3,2,3,3,3,3,5,4,4,4,4,3,0,1.0,1
Female,Loyal Customer,65,Business travel,Business,3332,4,4,4,4,5,5,5,3,5,5,5,5,4,5,318,313.0,1
Male,Loyal Customer,53,Business travel,Business,1723,3,3,3,3,4,4,5,5,5,4,5,4,5,3,15,7.0,1
Male,Loyal Customer,36,Business travel,Business,679,4,1,4,1,5,2,3,4,4,4,4,3,4,1,0,7.0,1
Female,disloyal Customer,23,Business travel,Business,854,4,0,4,4,3,4,3,3,5,3,4,5,5,3,8,0.0,1
Female,Loyal Customer,26,Personal Travel,Eco,928,4,4,4,4,2,4,2,2,1,2,3,1,5,2,0,0.0,0
Female,disloyal Customer,38,Business travel,Eco,199,2,2,2,4,1,2,1,1,2,4,3,3,3,1,0,0.0,0
Male,Loyal Customer,23,Personal Travel,Eco,305,2,5,2,4,3,2,1,3,4,5,5,4,4,3,4,8.0,0
Male,Loyal Customer,52,Personal Travel,Eco,872,4,4,4,1,4,4,4,4,4,1,4,3,2,4,0,0.0,1
Male,Loyal Customer,10,Business travel,Eco,2218,4,4,4,4,4,4,2,4,2,4,3,3,3,4,0,0.0,1
Male,Loyal Customer,46,Business travel,Eco,351,4,5,5,5,4,4,4,4,3,3,4,2,5,4,17,6.0,1
Male,Loyal Customer,66,Personal Travel,Eco,416,4,3,4,2,4,4,1,4,4,2,3,4,4,4,28,22.0,1
Male,Loyal Customer,43,Personal Travel,Eco,1013,3,3,3,3,4,3,3,4,2,5,1,4,4,4,0,0.0,1
Female,disloyal Customer,35,Business travel,Eco,755,1,1,1,4,2,1,2,2,1,2,2,3,4,2,0,0.0,0
Male,disloyal Customer,36,Business travel,Eco,299,3,2,4,4,5,4,5,5,2,1,3,4,4,5,49,45.0,1
Female,Loyal Customer,52,Business travel,Eco,399,5,2,2,2,2,1,4,5,5,5,5,2,5,1,84,84.0,1
Female,Loyal Customer,64,Personal Travel,Eco,868,3,4,3,4,1,4,4,4,4,3,4,4,4,4,0,0.0,1
Female,Loyal Customer,23,Business travel,Business,1192,1,1,1,1,5,5,5,5,3,2,5,3,5,5,0,4.0,1
Male,Loyal Customer,40,Business travel,Eco,374,2,2,2,2,2,2,2,2,5,3,5,1,5,2,0,0.0,0
Male,disloyal Customer,26,Business travel,Business,349,3,3,3,2,5,3,5,5,1,1,3,2,2,5,33,32.0,1
Male,Loyal Customer,45,Business travel,Business,2590,2,4,4,4,2,4,4,2,2,2,2,1,2,4,0,0.0,0
Female,Loyal Customer,49,Business travel,Business,2266,4,3,4,4,4,4,5,4,4,4,4,1,4,1,28,0.0,1
Female,Loyal Customer,21,Personal Travel,Eco,1249,3,4,3,5,4,3,4,4,4,5,4,4,5,4,5,10.0,1
Male,Loyal Customer,71,Business travel,Business,2598,5,5,5,5,2,5,4,4,4,4,4,4,4,5,0,0.0,1
Female,Loyal Customer,25,Business travel,Business,944,2,1,1,1,2,2,2,2,4,5,3,3,4,2,0,0.0,0
Female,Loyal Customer,68,Personal Travel,Eco,895,2,3,2,3,4,4,4,5,5,2,5,4,5,4,0,0.0,1
Female,Loyal Customer,39,Business travel,Business,902,4,4,4,4,2,2,5,5,5,5,5,1,5,1,42,23.0,1
Male,disloyal Customer,47,Business travel,Business,1014,2,2,2,1,4,2,4,4,3,4,4,5,5,4,3,0.0,1
Male,Loyal Customer,15,Personal Travel,Eco,821,2,4,2,4,5,2,5,5,1,2,4,4,4,5,0,0.0,1
Female,Loyal Customer,62,Business travel,Eco,414,3,2,2,2,1,4,3,3,3,3,3,4,3,3,0,0.0,0
Female,Loyal Customer,30,Personal Travel,Eco,1139,4,5,4,1,5,4,5,5,3,4,4,3,4,5,12,14.0,1
Male,disloyal Customer,25,Business travel,Business,309,3,3,3,2,3,3,2,3,1,2,3,4,2,3,0,0.0,0
Female,Loyal Customer,65,Business travel,Eco,606,2,2,2,2,3,3,4,3,3,2,3,2,3,4,18,57.0,0
Female,Loyal Customer,46,Business travel,Business,1728,3,3,1,3,4,4,4,2,2,2,2,5,2,5,8,9.0,0
Male,Loyal Customer,21,Business travel,Business,3991,5,5,2,5,4,4,4,4,3,3,5,5,5,4,0,4.0,1
Male,Loyal Customer,47,Business travel,Business,396,3,3,3,3,4,5,4,5,5,5,5,3,5,4,0,0.0,1
Male,Loyal Customer,41,Business travel,Business,2342,2,2,2,2,2,5,4,5,5,5,5,3,5,4,0,0.0,1
Female,disloyal Customer,18,Business travel,Eco,463,3,2,3,2,2,3,2,2,1,4,3,4,3,2,0,11.0,0
Female,disloyal Customer,39,Business travel,Business,308,3,3,3,4,4,3,4,4,4,3,4,2,3,4,2,2.0,1
Male,Loyal Customer,68,Personal Travel,Eco,2496,2,5,2,3,2,3,3,5,3,3,4,3,4,3,36,1.0,1
Male,Loyal Customer,35,Personal Travel,Eco,436,4,4,4,3,4,4,4,4,5,3,5,3,5,4,0,0.0,1
Female,Loyal Customer,53,Business travel,Business,1963,2,2,2,2,4,5,5,4,4,4,4,4,4,3,1,1.0,1
Female,Loyal Customer,41,Personal Travel,Eco,101,3,2,3,2,5,3,5,5,3,1,2,2,3,5,0,1.0,1
Male,Loyal Customer,59,Business travel,Business,1959,0,4,0,1,4,5,4,2,2,2,2,3,2,4,0,0.0,0
Male,Loyal Customer,32,Business travel,Business,363,5,3,5,5,4,4,4,4,3,4,4,4,4,4,0,0.0,1
Male,Loyal Customer,8,Personal Travel,Eco,102,2,5,2,3,4,2,4,4,3,3,4,4,4,4,6,5.0,1
Male,Loyal Customer,25,Business travel,Business,1709,5,5,5,5,3,4,3,3,5,3,2,3,5,3,0,0.0,1
Female,Loyal Customer,48,Business travel,Business,3172,1,1,1,1,5,5,1,5,5,5,5,2,5,4,13,5.0,1
Male,Loyal Customer,39,Business travel,Business,3665,3,3,3,3,2,4,5,5,5,5,5,3,5,5,0,0.0,1
Female,Loyal Customer,48,Business travel,Business,1521,1,1,1,1,3,5,5,2,2,2,2,5,2,4,0,0.0,0
Female,Loyal Customer,51,Business travel,Business,2157,4,4,4,4,2,4,4,4,4,4,4,5,4,3,28,18.0,1
Male,Loyal Customer,41,Business travel,Business,2115,2,2,3,3,3,4,3,2,2,2,2,2,2,1,0,0.0,0
Male,Loyal Customer,66,Personal Travel,Eco,606,4,4,4,1,3,4,3,3,4,2,5,3,4,3,30,25.0,1
Female,Loyal Customer,18,Personal Travel,Eco Plus,315,2,4,2,3,5,2,5,5,5,3,4,3,4,5,0,0.0,1
Male,Loyal Customer,52,Business travel,Business,1107,3,3,3,3,5,4,4,5,5,5,5,4,5,5,0,2.0,1
Female,Loyal Customer,18,Personal Travel,Eco,1086,0,4,0,3,1,0,1,1,2,1,4,5,1,1,0,0.0,0
Male,Loyal Customer,58,Business travel,Business,237,4,4,4,4,4,4,4,5,5,5,5,5,5,4,0,24.0,1
Female,Loyal Customer,39,Business travel,Business,2477,3,3,3,3,2,4,5,5,5,5,4,5,5,5,7,7.0,1
Male,Loyal Customer,44,Business travel,Business,2959,4,4,5,4,2,4,5,4,4,4,4,5,4,3,34,20.0,1
Male,Loyal Customer,22,Business travel,Eco,405,3,3,1,3,3,3,1,3,2,3,3,4,2,3,0,0.0,0
Female,disloyal Customer,45,Business travel,Eco,649,2,1,2,3,5,2,5,5,1,2,2,1,2,5,0,0.0,0
Male,disloyal Customer,23,Business travel,Eco,849,5,5,5,1,5,5,5,5,3,2,5,5,4,5,0,0.0,1
Male,disloyal Customer,32,Business travel,Eco,163,1,3,1,5,5,1,1,5,3,1,3,5,3,5,0,10.0,0
Male,Loyal Customer,54,Business travel,Business,2383,2,2,2,2,2,4,5,5,5,5,5,4,5,5,0,0.0,1
Female,Loyal Customer,46,Business travel,Eco,495,3,3,3,3,1,3,3,3,3,3,3,4,3,3,41,76.0,0
Female,Loyal Customer,56,Business travel,Eco,458,4,1,1,1,1,5,3,4,4,4,4,5,4,1,0,0.0,0
Male,Loyal Customer,50,Personal Travel,Eco Plus,337,5,4,4,1,3,4,4,3,4,5,5,3,4,3,31,22.0,1
Female,disloyal Customer,18,Business travel,Business,500,0,0,0,4,4,0,4,4,3,3,5,3,4,4,0,0.0,0
Male,Loyal Customer,18,Personal Travel,Eco,109,1,4,1,4,5,1,5,5,4,4,4,4,3,5,1,2.0,1
Male,Loyal Customer,59,Business travel,Business,3180,5,5,5,5,4,4,4,5,5,5,5,4,5,5,0,0.0,1
Male,Loyal Customer,53,Business travel,Business,2777,2,2,3,2,3,4,4,2,2,2,2,1,2,3,34,40.0,0
Female,Loyal Customer,17,Personal Travel,Eco,1182,3,1,3,2,2,3,2,2,4,1,1,3,3,2,31,18.0,0
Female,Loyal Customer,51,Business travel,Business,3479,5,5,5,5,2,3,3,4,4,4,5,3,4,3,0,0.0,1
Male,Loyal Customer,38,Business travel,Business,502,1,1,1,1,2,5,4,4,4,4,4,3,4,3,0,0.0,1
Female,Loyal Customer,18,Personal Travel,Eco,1184,1,5,1,4,5,1,4,5,5,5,5,4,4,5,0,12.0,1
Female,disloyal Customer,21,Business travel,Eco,641,3,2,3,4,1,3,1,1,1,3,4,4,4,1,22,28.0,0
Male,disloyal Customer,23,Business travel,Business,971,4,5,4,1,2,4,2,2,4,4,5,4,4,2,15,0.0,0
Male,Loyal Customer,43,Personal Travel,Eco,190,1,3,1,4,4,1,4,4,3,4,4,2,5,4,2,36.0,1
Female,Loyal Customer,44,Business travel,Business,822,1,1,1,1,3,5,4,3,3,4,3,4,3,5,0,12.0,1
Female,Loyal Customer,49,Business travel,Business,3299,4,4,4,4,2,5,5,5,5,5,5,5,5,3,0,0.0,1
Male,Loyal Customer,16,Personal Travel,Eco,1009,5,5,5,4,4,5,4,4,3,2,4,5,4,4,26,15.0,1
Female,Loyal Customer,65,Personal Travel,Eco,1235,2,4,2,1,4,4,4,2,2,2,2,3,2,3,0,0.0,0
Male,Loyal Customer,36,Personal Travel,Eco,395,1,3,1,1,3,1,4,3,3,5,4,4,1,3,0,0.0,0
Female,Loyal Customer,46,Personal Travel,Eco,2367,1,4,1,2,4,4,4,2,2,1,2,5,2,5,1,0.0,0
Male,disloyal Customer,42,Business travel,Business,762,3,3,3,1,2,3,2,2,3,2,5,4,4,2,2,21.0,0
Male,Loyal Customer,38,Business travel,Business,1982,5,5,5,5,3,4,1,5,5,5,5,3,5,1,0,0.0,1
Male,Loyal Customer,27,Personal Travel,Eco,1430,1,4,1,4,5,1,5,5,5,4,3,5,5,5,0,0.0,1
Female,Loyal Customer,55,Personal Travel,Eco,651,1,4,1,3,3,3,4,1,1,1,1,1,1,3,10,14.0,0
Female,disloyal Customer,48,Business travel,Business,1481,2,2,2,4,4,2,4,4,5,2,5,3,4,4,0,0.0,1
Female,Loyal Customer,9,Business travel,Business,972,2,1,2,2,3,4,3,3,5,5,4,5,3,3,0,0.0,1
Female,Loyal Customer,50,Personal Travel,Eco,761,1,1,1,4,5,3,3,4,4,1,4,1,4,2,0,0.0,0
Male,Loyal Customer,28,Business travel,Business,954,4,4,5,4,4,4,4,4,5,5,5,5,5,4,0,0.0,1
Female,Loyal Customer,16,Personal Travel,Eco,109,1,2,1,2,2,1,2,2,3,3,5,3,5,2,0,0.0,0
Male,Loyal Customer,19,Business travel,Business,1747,4,4,4,4,5,5,5,5,5,2,5,1,2,5,59,55.0,1
Male,Loyal Customer,45,Personal Travel,Eco,762,4,3,4,3,5,4,5,5,4,4,3,3,3,5,0,0.0,1
Female,Loyal Customer,24,Personal Travel,Eco,258,2,4,2,3,3,2,3,3,4,1,4,2,1,3,40,29.0,0
Male,Loyal Customer,22,Business travel,Business,1131,4,4,4,4,5,5,5,5,1,3,3,3,4,5,0,0.0,1
Female,Loyal Customer,33,Business travel,Business,2603,5,5,5,5,4,4,5,5,5,5,5,3,5,4,0,0.0,1
Male,Loyal Customer,27,Business travel,Business,3657,3,3,4,3,5,5,5,5,4,3,4,4,5,5,31,33.0,1
Female,Loyal Customer,31,Business travel,Eco,562,3,5,2,5,3,3,3,3,1,1,3,4,3,3,26,18.0,0
Male,Loyal Customer,30,Personal Travel,Eco,2248,2,5,3,2,3,3,5,3,4,4,4,4,4,3,0,0.0,1
Female,Loyal Customer,15,Personal Travel,Eco Plus,323,4,3,4,4,4,4,4,4,2,4,3,1,4,4,0,0.0,1
Male,Loyal Customer,13,Personal Travel,Eco,628,2,5,2,3,2,5,5,3,3,5,4,5,5,5,204,193.0,1
Female,disloyal Customer,26,Business travel,Eco,584,2,1,2,4,1,2,1,1,4,2,4,3,3,1,0,0.0,0
Male,Loyal Customer,40,Business travel,Business,2475,4,4,4,4,5,5,4,4,4,4,4,5,4,4,1,0.0,1
Female,Loyal Customer,56,Personal Travel,Eco,468,3,1,3,4,1,4,3,2,2,3,2,2,2,3,0,0.0,0
Male,Loyal Customer,34,Business travel,Business,1674,4,4,4,4,4,5,4,4,4,5,4,5,4,3,0,0.0,1
Male,Loyal Customer,52,Personal Travel,Eco,1299,2,4,1,2,1,1,1,1,5,3,4,3,5,1,0,0.0,0
Female,Loyal Customer,37,Business travel,Business,386,3,3,3,3,5,5,5,5,5,5,5,4,5,4,0,4.0,1
Male,Loyal Customer,20,Personal Travel,Eco,595,3,1,3,3,2,3,2,2,1,4,3,4,4,2,0,0.0,0
Female,Loyal Customer,31,Personal Travel,Business,680,3,5,3,2,4,3,4,4,3,4,4,5,4,4,0,0.0,1
Female,disloyal Customer,24,Business travel,Eco,260,2,2,2,4,2,2,2,2,4,3,4,3,4,2,0,6.0,0
Female,Loyal Customer,23,Personal Travel,Eco,757,5,4,5,2,5,5,5,5,5,3,5,5,5,5,0,0.0,1
Male,Loyal Customer,58,Business travel,Eco Plus,579,1,5,5,5,1,1,1,1,4,3,3,2,4,1,84,76.0,0
Female,Loyal Customer,32,Business travel,Eco,101,2,4,4,4,2,3,2,2,4,2,4,1,3,2,0,0.0,0
Female,Loyal Customer,19,Business travel,Business,2158,4,1,3,1,4,4,4,4,4,3,4,4,3,4,35,27.0,1
Male,Loyal Customer,42,Personal Travel,Business,1171,2,5,2,2,5,4,5,2,2,2,2,3,2,3,0,0.0,0
Male,Loyal Customer,31,Business travel,Business,533,2,2,2,2,5,5,5,5,1,1,4,3,4,5,0,0.0,1
Female,Loyal Customer,40,Business travel,Business,3590,5,5,5,5,5,4,5,4,4,4,4,5,4,5,0,0.0,1
Male,disloyal Customer,37,Business travel,Business,338,3,3,3,5,5,3,2,5,5,5,5,3,4,5,5,0.0,1
Female,Loyal Customer,43,Personal Travel,Eco,258,2,4,0,1,1,3,3,3,3,0,2,5,3,5,14,12.0,0
Female,Loyal Customer,54,Business travel,Business,3428,5,5,5,5,3,5,5,4,4,4,4,5,4,5,41,21.0,1
Female,disloyal Customer,49,Business travel,Eco,280,3,1,3,4,1,3,3,1,3,3,4,2,3,1,78,63.0,0
Male,Loyal Customer,38,Business travel,Eco,550,4,4,4,4,4,5,4,4,3,5,1,3,4,4,0,15.0,1
Male,Loyal Customer,67,Personal Travel,Eco,882,1,4,1,1,1,5,5,3,2,5,1,5,2,5,204,188.0,0
Female,disloyal Customer,14,Business travel,Business,1072,0,0,0,2,4,0,4,4,3,3,5,5,4,4,12,3.0,0
Male,Loyal Customer,51,Personal Travel,Eco,175,1,4,1,3,4,1,4,4,5,5,5,5,5,4,5,5.0,1
Male,Loyal Customer,52,Personal Travel,Eco,347,4,4,3,3,3,3,3,3,4,3,4,4,5,3,30,25.0,1
Male,Loyal Customer,33,Business travel,Business,2419,2,2,2,2,4,4,4,2,3,4,1,4,5,4,0,14.0,1
Female,Loyal Customer,41,Business travel,Business,457,1,1,1,1,5,5,4,5,5,5,5,3,5,3,0,3.0,1
Male,Loyal Customer,28,Business travel,Business,606,1,1,1,1,1,1,1,1,4,4,4,1,3,1,58,64.0,0
Female,Loyal Customer,45,Business travel,Business,2898,4,1,1,1,5,4,4,4,4,4,4,2,4,2,47,34.0,1
Female,Loyal Customer,57,Personal Travel,Eco,802,3,4,3,1,1,4,5,2,2,3,2,4,2,5,0,0.0,0
Female,Loyal Customer,32,Business travel,Eco,1774,0,0,0,4,3,0,2,3,1,1,4,2,2,3,0,0.0,0
Female,disloyal Customer,61,Business travel,Business,226,4,4,4,2,1,4,1,1,3,2,5,5,5,1,0,0.0,0
Male,Loyal Customer,47,Business travel,Business,2950,4,4,2,4,3,2,4,5,5,5,5,3,5,4,19,18.0,1
Female,Loyal Customer,25,Business travel,Business,3145,3,3,3,3,4,4,4,4,4,1,1,5,1,4,0,0.0,1
Male,Loyal Customer,47,Business travel,Business,3075,4,4,4,4,4,4,4,3,3,4,4,4,3,4,165,162.0,1
Female,Loyal Customer,60,Personal Travel,Eco,861,2,5,2,3,4,5,5,2,2,2,2,5,2,4,0,0.0,0
Male,Loyal Customer,37,Business travel,Business,1992,1,1,1,1,2,4,3,5,5,5,4,1,5,2,0,0.0,1
Female,disloyal Customer,38,Business travel,Eco,357,2,1,2,4,2,2,2,2,1,5,3,4,4,2,0,0.0,0
Female,Loyal Customer,29,Personal Travel,Eco,474,3,3,3,2,3,3,3,3,2,2,1,3,4,3,0,4.0,0
Female,Loyal Customer,43,Business travel,Business,2248,3,3,3,3,5,5,4,4,4,4,4,5,4,5,5,0.0,1
Male,Loyal Customer,39,Business travel,Business,2895,4,4,4,4,3,5,4,5,5,5,5,3,5,3,4,0.0,1
Male,disloyal Customer,21,Business travel,Business,862,4,5,4,1,2,4,2,2,5,3,4,5,5,2,13,3.0,0
Male,Loyal Customer,14,Business travel,Eco,1124,3,1,1,1,3,3,4,3,2,1,3,1,3,3,0,0.0,0
Female,Loyal Customer,28,Personal Travel,Eco,502,5,4,5,4,1,5,2,1,5,5,4,3,4,1,0,0.0,0
Male,Loyal Customer,43,Personal Travel,Eco,2462,3,4,3,1,3,3,3,5,2,5,5,3,5,3,0,0.0,1
Female,disloyal Customer,42,Business travel,Eco,226,3,1,3,2,1,3,1,1,4,5,3,2,3,1,0,0.0,0
Female,Loyal Customer,36,Business travel,Eco,173,2,3,4,4,2,2,2,2,1,2,3,3,4,2,0,0.0,0
Male,Loyal Customer,53,Personal Travel,Eco,602,2,4,2,5,2,2,2,2,1,2,3,4,4,2,4,8.0,0
Male,Loyal Customer,47,Business travel,Business,1779,3,3,3,3,3,4,3,3,3,3,3,2,3,1,0,13.0,0
Female,Loyal Customer,30,Personal Travel,Eco,669,3,4,3,3,4,3,2,4,4,5,4,5,5,4,0,0.0,1
Female,Loyal Customer,45,Business travel,Eco,201,5,5,3,5,2,5,1,5,5,5,5,5,5,5,0,3.0,1
Female,disloyal Customer,21,Business travel,Business,407,5,0,5,2,5,5,5,5,5,3,4,5,5,5,39,38.0,1
Male,Loyal Customer,50,Business travel,Business,2586,4,5,4,4,1,4,3,4,4,3,4,4,4,4,0,0.0,1
Female,Loyal Customer,28,Business travel,Eco,534,3,5,5,5,3,3,3,3,2,5,3,3,4,3,0,0.0,0
Male,Loyal Customer,23,Personal Travel,Eco,199,2,5,0,5,5,0,5,5,1,5,2,4,2,5,20,29.0,1
Female,Loyal Customer,8,Personal Travel,Business,229,2,4,2,2,4,2,4,4,5,3,4,5,5,4,14,5.0,1
Male,Loyal Customer,22,Business travel,Business,1590,2,1,5,5,2,2,2,2,4,4,3,1,4,2,1,3.0,0
Male,Loyal Customer,28,Business travel,Eco Plus,912,3,1,5,1,3,3,3,3,3,3,3,3,3,3,0,0.0,0
Female,disloyal Customer,23,Business travel,Eco,240,1,2,1,4,1,1,1,1,4,2,3,3,3,1,76,77.0,0
Male,Loyal Customer,37,Business travel,Business,451,2,5,5,5,3,4,3,2,2,2,2,2,2,1,64,63.0,0
Male,Loyal Customer,47,Business travel,Business,308,3,3,3,3,3,4,4,4,4,4,4,4,4,3,0,0.0,1
Male,Loyal Customer,44,Personal Travel,Eco,220,1,4,1,3,2,1,2,2,4,5,3,1,4,2,63,46.0,0
Male,disloyal Customer,61,Business travel,Business,321,1,1,1,5,5,1,1,5,3,4,4,5,4,5,0,0.0,1
Female,Loyal Customer,69,Business travel,Eco,861,4,1,1,1,5,4,4,4,4,4,4,3,4,3,53,93.0,1
Male,Loyal Customer,42,Business travel,Business,1773,1,1,1,1,5,5,4,4,4,4,4,5,4,5,0,0.0,1
Male,disloyal Customer,25,Business travel,Eco,1045,3,2,2,3,5,2,5,5,2,2,3,1,4,5,0,0.0,1
Female,Loyal Customer,22,Business travel,Eco Plus,989,4,3,4,3,4,4,3,4,5,4,2,3,1,4,0,0.0,1
Male,Loyal Customer,48,Business travel,Business,516,1,1,1,1,5,5,5,3,3,3,3,3,3,3,0,0.0,1
Female,Loyal Customer,54,Business travel,Business,2276,5,5,5,5,3,4,4,5,5,5,5,4,5,5,114,88.0,1
Female,Loyal Customer,37,Business travel,Business,3816,4,4,4,4,4,4,3,4,4,4,4,3,4,1,0,0.0,1
Female,Loyal Customer,41,Personal Travel,Eco,174,5,4,5,1,2,5,2,2,3,2,5,5,4,2,0,0.0,0
Female,disloyal Customer,28,Business travel,Eco,2640,2,2,2,4,3,2,5,3,3,2,4,1,4,3,54,27.0,0
Female,Loyal Customer,16,Personal Travel,Eco Plus,1066,2,4,2,3,5,2,5,5,3,2,5,3,4,5,0,0.0,1
Female,Loyal Customer,47,Personal Travel,Eco,813,2,1,1,3,5,2,3,1,1,1,1,2,1,3,7,0.0,0
Female,Loyal Customer,46,Business travel,Business,3703,3,3,5,3,4,5,5,5,5,5,5,3,5,5,52,86.0,1
Male,Loyal Customer,35,Business travel,Eco,1990,3,4,4,4,3,3,3,3,4,2,1,3,3,3,0,0.0,0
Female,disloyal Customer,26,Business travel,Business,447,2,2,2,4,2,2,1,2,2,1,3,1,4,2,0,0.0,0
Female,Loyal Customer,23,Personal Travel,Eco,2075,3,5,3,5,1,3,1,1,3,3,5,2,4,1,5,0.0,0
Male,Loyal Customer,23,Business travel,Business,1521,1,1,5,1,4,4,4,4,5,5,4,5,5,4,0,0.0,1
Male,disloyal Customer,11,Business travel,Eco,944,3,3,3,4,2,3,2,2,3,3,4,2,3,2,0,2.0,0
Male,Loyal Customer,56,Business travel,Business,1599,5,5,5,5,4,5,5,4,4,4,5,3,4,5,0,0.0,1
Female,Loyal Customer,54,Business travel,Business,2950,2,2,2,2,2,5,5,5,5,5,5,4,5,5,10,0.0,1
Male,Loyal Customer,58,Business travel,Business,3206,5,5,5,5,3,1,5,5,5,5,5,5,5,2,0,0.0,1
Male,disloyal Customer,19,Business travel,Eco,1068,4,3,3,2,3,3,3,3,1,1,5,2,1,3,0,0.0,0
Male,Loyal Customer,45,Business travel,Business,250,4,4,4,4,2,4,5,4,4,4,4,3,4,5,0,0.0,1
Male,disloyal Customer,21,Business travel,Eco,1788,3,2,2,2,4,3,4,4,2,1,3,2,3,4,23,20.0,0
Male,Loyal Customer,37,Business travel,Eco,397,5,3,3,3,5,5,5,5,3,2,4,4,2,5,0,2.0,1
Male,Loyal Customer,43,Business travel,Eco,191,5,2,2,2,5,5,5,5,3,3,5,1,3,5,12,4.0,1
Female,Loyal Customer,16,Personal Travel,Eco,2586,2,4,2,4,5,2,5,5,3,5,5,3,4,5,22,14.0,1
Female,disloyal Customer,40,Business travel,Business,109,3,3,3,4,1,3,1,1,4,5,4,4,4,1,46,49.0,0
Female,Loyal Customer,24,Business travel,Business,1506,3,3,1,3,4,4,4,4,5,3,4,4,5,4,87,78.0,1
Female,disloyal Customer,27,Business travel,Eco,365,1,0,1,4,5,1,5,5,4,4,3,3,4,5,0,0.0,1
Male,Loyal Customer,33,Business travel,Business,2529,2,5,5,5,2,2,2,2,1,4,3,1,3,2,0,0.0,0
Male,Loyal Customer,30,Business travel,Business,1973,1,1,1,1,3,3,3,3,4,4,4,5,4,3,9,0.0,1
Male,Loyal Customer,46,Personal Travel,Eco Plus,1097,2,3,3,4,5,3,5,5,3,1,4,3,3,5,2,29.0,1
Female,Loyal Customer,60,Business travel,Eco,447,5,5,5,5,5,4,1,5,5,5,5,1,5,2,1,0.0,1
Male,Loyal Customer,64,Personal Travel,Business,997,3,3,4,4,4,3,3,4,4,4,4,1,4,4,60,47.0,1
Female,Loyal Customer,9,Personal Travel,Eco,257,2,1,2,4,3,2,3,3,3,1,4,1,3,3,0,0.0,0
Male,Loyal Customer,32,Business travel,Business,516,4,4,5,4,4,5,4,4,4,3,5,5,4,4,0,0.0,1
Female,disloyal Customer,38,Business travel,Eco Plus,595,3,3,3,3,4,3,2,4,3,4,4,2,3,4,14,6.0,1
Male,Loyal Customer,46,Business travel,Eco,964,4,1,1,1,4,4,4,4,2,2,4,3,4,4,3,4.0,1
Female,Loyal Customer,30,Business travel,Business,1990,3,3,1,3,2,2,2,2,4,3,5,4,4,2,25,15.0,0
Male,Loyal Customer,47,Business travel,Business,2015,4,4,4,4,3,5,4,5,5,5,5,3,5,3,0,0.0,1
Male,Loyal Customer,41,Business travel,Eco,213,5,1,1,1,5,5,5,5,5,1,2,2,4,5,0,0.0,1
Female,Loyal Customer,37,Personal Travel,Eco,722,3,5,3,3,4,3,4,4,4,4,3,2,2,4,4,0.0,1
Male,Loyal Customer,57,Personal Travel,Eco,239,4,4,4,3,4,4,4,4,4,5,1,4,1,4,3,0.0,1
Female,Loyal Customer,16,Personal Travel,Eco,1089,3,3,3,1,5,3,2,5,3,4,1,4,5,5,0,0.0,1
Male,Loyal Customer,58,Business travel,Business,2009,0,5,0,2,4,2,3,4,4,4,4,3,4,1,0,0.0,0
Female,disloyal Customer,44,Business travel,Eco,287,3,4,4,2,4,4,1,4,3,3,1,3,2,4,8,10.0,0
Male,Loyal Customer,61,Personal Travel,Eco,697,4,5,4,2,2,4,2,2,3,4,5,4,5,2,48,63.0,0
Male,Loyal Customer,43,Business travel,Business,1346,4,4,4,4,2,4,5,4,4,4,4,5,4,3,0,0.0,1
Female,Loyal Customer,44,Business travel,Business,2145,3,3,3,3,4,1,1,5,5,5,5,1,5,4,0,0.0,1
Female,Loyal Customer,49,Business travel,Eco,207,5,4,4,4,2,1,3,5,5,5,5,1,5,2,0,0.0,1
Female,Loyal Customer,69,Personal Travel,Eco,248,3,4,3,2,5,4,4,4,4,3,4,5,4,3,9,10.0,1
Female,Loyal Customer,28,Business travel,Business,2430,1,1,1,1,4,4,4,4,3,3,4,4,4,4,0,0.0,1
Female,Loyal Customer,39,Business travel,Business,2001,2,2,2,2,4,5,4,4,4,5,4,3,4,5,27,19.0,1
Female,Loyal Customer,65,Business travel,Business,2256,2,4,4,4,5,4,4,2,2,2,2,4,2,1,0,1.0,0
Female,disloyal Customer,26,Business travel,Eco,948,2,2,2,4,5,2,5,5,4,4,3,3,3,5,0,0.0,1
Male,Loyal Customer,62,Personal Travel,Eco,371,2,1,4,3,5,4,5,5,1,1,2,2,4,5,1,4.0,1
Female,Loyal Customer,51,Business travel,Business,1609,1,1,1,1,3,3,3,4,4,4,4,4,4,5,0,0.0,1
Male,Loyal Customer,24,Business travel,Business,980,1,1,1,1,5,5,5,5,4,4,4,3,5,5,0,0.0,1
Female,disloyal Customer,66,Business travel,Business,584,3,3,3,3,3,3,3,3,2,1,4,3,3,3,0,0.0,0
Male,Loyal Customer,26,Business travel,Business,2560,2,2,2,2,4,4,4,4,5,3,4,3,4,4,0,0.0,1
Female,Loyal Customer,59,Business travel,Business,2738,1,1,4,1,4,4,4,4,4,4,4,3,4,3,44,60.0,1
Female,Loyal Customer,50,Business travel,Eco,162,5,4,5,4,1,1,1,5,5,5,5,5,5,5,0,0.0,1
Female,Loyal Customer,63,Business travel,Eco,862,4,5,5,5,1,2,1,4,4,4,4,3,4,3,0,0.0,0
Male,Loyal Customer,39,Business travel,Business,630,4,4,4,4,2,5,4,4,4,4,4,3,4,3,0,0.0,1
Female,disloyal Customer,48,Business travel,Eco,201,3,5,3,4,2,3,2,2,4,4,1,3,4,2,0,0.0,0
Male,Loyal Customer,46,Business travel,Business,2341,2,2,2,2,5,3,4,5,5,5,5,2,5,1,0,0.0,1
Female,disloyal Customer,27,Business travel,Business,1262,2,2,2,3,3,2,3,3,3,2,5,5,4,3,6,14.0,0
Female,Loyal Customer,53,Personal Travel,Eco,116,2,3,2,3,3,2,2,5,5,2,5,2,5,4,72,66.0,1
Female,Loyal Customer,33,Business travel,Eco,2475,3,5,5,5,3,3,3,3,1,4,4,3,1,3,0,10.0,0
Male,Loyal Customer,49,Personal Travel,Eco,867,2,4,2,3,3,2,3,3,5,4,5,5,5,3,0,0.0,1
Male,Loyal Customer,48,Business travel,Business,1514,5,1,5,5,5,5,5,5,5,5,5,4,5,3,0,0.0,1
Male,Loyal Customer,52,Personal Travel,Eco,214,1,4,0,4,4,0,4,4,3,5,3,3,4,4,14,18.0,0
Male,disloyal Customer,22,Business travel,Eco,315,0,0,0,4,5,0,5,5,5,2,4,1,4,5,58,80.0,1
Female,Loyal Customer,70,Personal Travel,Business,283,3,1,5,3,2,4,4,4,4,5,4,4,4,3,20,31.0,1
Female,disloyal Customer,28,Business travel,Business,2227,1,1,1,2,2,1,2,2,3,2,4,4,5,2,0,0.0,0
Female,Loyal Customer,41,Business travel,Business,1576,2,2,2,2,2,5,4,3,3,3,3,3,3,5,0,0.0,1
Female,disloyal Customer,47,Business travel,Business,783,3,3,3,2,1,3,1,1,3,4,4,5,4,1,12,9.0,0
Female,Loyal Customer,45,Personal Travel,Business,1416,3,5,3,5,5,5,4,2,2,3,2,3,2,5,0,0.0,1
Male,Loyal Customer,55,Business travel,Business,3267,3,3,3,3,4,4,4,4,4,4,4,2,4,4,0,0.0,1
Female,Loyal Customer,75,Business travel,Eco,205,4,2,5,5,2,2,1,4,4,4,4,5,4,2,0,0.0,0
Female,disloyal Customer,29,Business travel,Eco Plus,1149,2,2,2,3,4,2,4,4,4,4,3,4,3,4,0,15.0,1
Female,Loyal Customer,25,Business travel,Eco,2419,2,2,2,2,2,4,2,4,2,2,3,2,4,2,0,0.0,0
Female,Loyal Customer,42,Business travel,Business,628,1,1,1,1,1,2,2,4,4,4,4,3,4,1,57,70.0,0
Female,Loyal Customer,49,Personal Travel,Eco,719,3,4,3,3,3,5,4,2,2,3,2,5,2,4,7,0.0,0
Male,disloyal Customer,29,Business travel,Business,1073,2,2,2,4,1,2,1,1,2,3,4,1,3,1,0,0.0,0
Male,Loyal Customer,41,Personal Travel,Eco,903,2,5,2,2,2,2,2,2,4,4,4,4,4,2,0,0.0,0
Female,Loyal Customer,35,Personal Travel,Eco,406,2,4,2,3,5,2,5,5,5,4,5,5,4,5,0,0.0,1
Female,Loyal Customer,15,Personal Travel,Eco,234,0,3,0,3,0,3,3,4,3,4,4,3,2,3,151,214.0,0
Male,disloyal Customer,25,Business travel,Business,1208,0,4,0,2,3,0,3,3,5,2,3,4,5,3,83,70.0,0
Female,Loyal Customer,60,Personal Travel,Eco,325,1,3,1,4,3,1,5,3,3,1,3,2,3,4,8,4.0,0
Female,Loyal Customer,41,Personal Travel,Eco Plus,262,3,1,0,2,4,2,3,2,2,0,2,1,2,2,0,0.0,0
Male,disloyal Customer,23,Business travel,Business,391,4,5,4,4,5,4,5,5,4,4,5,5,4,5,6,0.0,1
Female,Loyal Customer,35,Personal Travel,Eco,431,1,2,1,4,3,1,1,3,2,1,3,2,3,3,0,0.0,0
Male,Loyal Customer,30,Personal Travel,Eco,542,2,4,2,3,2,2,1,2,5,4,4,5,1,2,69,51.0,0
Male,Loyal Customer,14,Personal Travel,Eco,337,3,4,3,3,3,3,3,3,4,5,2,2,2,3,13,0.0,0
Female,Loyal Customer,27,Business travel,Business,3186,3,3,3,3,4,4,4,4,2,2,4,1,5,4,109,120.0,1
Male,Loyal Customer,51,Business travel,Business,2843,4,4,4,4,4,5,5,4,4,4,4,3,4,3,0,0.0,1
Male,Loyal Customer,26,Business travel,Eco,862,4,1,1,1,4,4,5,4,2,2,3,2,2,4,0,0.0,1
Male,disloyal Customer,43,Business travel,Business,624,3,3,3,3,4,3,4,4,3,3,4,3,4,4,24,22.0,1
Male,disloyal Customer,22,Business travel,Eco,502,2,1,1,3,5,1,2,5,2,4,2,4,3,5,0,9.0,0
Female,Loyal Customer,79,Business travel,Eco Plus,272,3,4,4,4,4,3,2,3,3,3,3,2,3,2,0,0.0,0
Female,Loyal Customer,42,Business travel,Business,957,1,1,1,1,5,5,4,5,5,5,5,4,5,5,0,0.0,1
Male,Loyal Customer,50,Personal Travel,Eco,338,2,5,3,1,5,3,5,5,4,5,4,5,4,5,0,0.0,1
Female,Loyal Customer,44,Personal Travel,Eco,907,3,1,4,3,3,2,3,3,3,4,3,1,3,3,0,1.0,0
Female,Loyal Customer,20,Business travel,Eco Plus,950,0,5,0,1,1,0,1,1,2,1,1,3,2,1,0,63.0,0
Male,Loyal Customer,20,Personal Travel,Eco,483,2,3,2,3,5,2,5,5,5,2,3,2,4,5,91,82.0,1
Male,Loyal Customer,66,Personal Travel,Eco,1072,1,4,1,3,4,1,4,4,4,3,4,5,5,4,12,10.0,1
Male,Loyal Customer,43,Business travel,Business,1389,5,5,5,5,3,5,4,5,5,5,5,4,5,4,0,0.0,1
Female,Loyal Customer,22,Business travel,Eco Plus,417,1,3,3,3,1,1,1,1,3,3,3,3,4,1,2,0.0,0
Male,Loyal Customer,15,Personal Travel,Eco,383,3,4,2,2,4,2,4,4,4,2,4,3,4,4,2,0.0,1
Female,Loyal Customer,39,Business travel,Business,895,3,5,5,5,5,3,3,3,3,3,3,2,3,1,21,3.0,0
Male,Loyal Customer,56,Business travel,Business,1685,3,5,3,3,1,2,5,4,4,4,4,5,4,5,15,18.0,1
Male,Loyal Customer,28,Personal Travel,Eco,163,4,4,4,3,1,4,1,1,4,2,2,2,1,1,0,0.0,0
Female,Loyal Customer,29,Personal Travel,Business,323,3,1,3,3,3,3,3,3,2,1,3,1,3,3,124,106.0,0
Female,Loyal Customer,51,Business travel,Eco,833,1,2,2,2,3,3,3,1,1,1,1,3,1,4,0,0.0,0
Female,disloyal Customer,27,Business travel,Eco,712,3,3,3,3,3,3,3,3,4,4,3,1,3,3,0,0.0,0
Male,Loyal Customer,27,Business travel,Eco Plus,493,4,4,4,4,4,4,4,4,1,5,5,3,3,4,0,0.0,1
Male,Loyal Customer,47,Personal Travel,Business,449,2,5,2,3,4,3,2,1,1,2,2,3,1,4,0,0.0,0
Female,Loyal Customer,32,Business travel,Business,1488,5,5,5,5,4,4,4,4,5,3,4,3,5,4,35,39.0,1
Female,Loyal Customer,47,Business travel,Business,236,3,3,3,3,4,4,4,5,5,5,5,4,5,3,0,0.0,1
Female,disloyal Customer,59,Business travel,Eco,86,1,0,1,3,3,1,4,3,3,4,1,2,5,3,17,16.0,0
Female,Loyal Customer,58,Business travel,Business,1902,1,1,1,1,5,5,4,4,4,4,4,3,4,4,0,0.0,1
Female,Loyal Customer,53,Business travel,Business,2051,1,1,1,1,3,4,4,4,4,4,4,4,4,4,14,4.0,1
Male,Loyal Customer,40,Business travel,Business,1881,2,2,2,2,5,4,5,4,4,4,4,3,4,5,13,8.0,1
Female,disloyal Customer,18,Business travel,Business,802,0,5,0,2,4,0,4,4,3,2,4,3,4,4,28,25.0,0
Male,Loyal Customer,45,Business travel,Business,414,2,2,3,2,3,5,5,4,4,5,4,3,4,5,5,0.0,1
Female,disloyal Customer,39,Business travel,Business,1072,3,3,3,3,3,3,5,5,3,5,4,5,4,5,170,164.0,1
Female,disloyal Customer,26,Business travel,Business,223,4,0,4,1,5,4,2,5,4,5,4,3,4,5,26,11.0,1
Male,disloyal Customer,8,Business travel,Business,767,2,0,2,3,2,2,2,2,3,5,4,4,4,2,0,0.0,0
Female,Loyal Customer,26,Personal Travel,Eco,2586,2,1,2,2,1,2,1,1,1,2,1,3,2,1,6,0.0,0
Male,disloyal Customer,37,Business travel,Eco,244,4,1,4,3,3,4,3,3,3,3,3,4,3,3,2,0.0,0
Female,Loyal Customer,17,Personal Travel,Eco,239,2,5,0,2,0,1,1,4,4,4,5,1,3,1,167,161.0,0
Female,Loyal Customer,21,Personal Travel,Eco,368,3,3,3,3,3,3,3,3,2,4,1,2,3,3,16,10.0,0
Male,Loyal Customer,47,Business travel,Business,895,3,3,3,3,4,4,5,5,5,5,5,4,5,5,0,0.0,1
Female,Loyal Customer,54,Business travel,Business,2936,3,3,3,3,5,3,1,5,5,5,5,3,5,4,0,0.0,1
Female,Loyal Customer,42,Business travel,Business,1825,5,5,5,5,5,4,4,5,5,5,5,3,5,4,0,0.0,1
Male,Loyal Customer,61,Personal Travel,Eco,125,3,4,3,4,3,3,3,3,1,3,3,1,3,3,67,71.0,0
Male,Loyal Customer,23,Personal Travel,Eco,448,4,4,4,5,4,4,4,4,5,5,5,3,4,4,0,0.0,1
Male,disloyal Customer,17,Business travel,Eco,1034,2,2,2,4,3,2,3,3,5,5,5,2,3,3,15,0.0,0
Male,Loyal Customer,17,Personal Travel,Eco,2585,4,4,4,4,4,5,3,5,2,4,5,3,4,3,0,0.0,1
Female,Loyal Customer,12,Personal Travel,Eco,2446,1,4,1,2,1,1,1,1,5,4,4,5,4,1,8,0.0,0
Male,Loyal Customer,41,Business travel,Eco Plus,226,4,3,3,3,4,4,4,4,1,2,5,2,3,4,0,5.0,1
Female,Loyal Customer,44,Business travel,Business,2172,1,1,1,1,3,4,4,5,5,5,5,4,5,5,0,8.0,1
Male,Loyal Customer,48,Business travel,Business,2392,3,3,3,3,3,3,4,3,3,3,3,2,3,1,14,17.0,0
Female,disloyal Customer,44,Business travel,Eco,196,2,5,2,5,4,2,4,4,3,4,1,1,5,4,0,0.0,0
Female,Loyal Customer,35,Business travel,Eco,1444,3,5,5,5,3,3,3,3,3,2,4,3,4,3,0,0.0,0
Male,Loyal Customer,52,Business travel,Business,628,1,1,5,1,3,4,5,3,3,3,3,5,3,4,0,0.0,1
Female,disloyal Customer,29,Business travel,Eco Plus,1399,2,2,2,3,1,2,1,1,1,3,3,3,3,1,0,26.0,0
Female,Loyal Customer,18,Business travel,Business,1753,1,2,2,2,1,1,1,1,3,4,3,3,3,1,32,32.0,0
Male,Loyal Customer,13,Personal Travel,Eco,1620,4,5,4,5,5,4,5,5,4,3,5,5,5,5,0,7.0,1
Male,Loyal Customer,31,Business travel,Eco,1399,2,3,3,3,2,3,2,2,2,4,3,2,4,2,6,13.0,0
Male,Loyal Customer,40,Business travel,Business,2323,5,5,5,5,2,4,4,5,5,5,5,5,5,5,0,0.0,1
Female,Loyal Customer,75,Business travel,Business,1026,2,2,2,2,4,4,4,2,2,2,2,4,2,4,0,0.0,0
Male,Loyal Customer,34,Business travel,Business,3080,5,5,4,5,3,4,5,5,5,5,5,5,5,4,8,0.0,1
Male,Loyal Customer,65,Personal Travel,Eco,432,2,4,2,3,2,2,2,2,4,5,4,3,2,2,2,0.0,0
Female,Loyal Customer,33,Business travel,Business,3477,4,4,4,4,2,4,3,5,5,5,5,1,5,2,0,30.0,1
Male,disloyal Customer,36,Business travel,Business,337,1,1,1,1,1,1,5,5,4,5,5,5,4,5,170,159.0,1
Female,Loyal Customer,58,Business travel,Eco,223,5,5,5,5,1,4,3,5,5,5,5,2,5,5,26,20.0,1
Male,Loyal Customer,38,Business travel,Eco Plus,216,5,5,5,5,5,5,5,5,2,4,3,1,4,5,0,0.0,1
Male,Loyal Customer,58,Business travel,Business,867,3,3,3,3,4,5,4,5,5,5,5,4,5,3,0,0.0,1
Male,Loyal Customer,28,Business travel,Business,3841,3,3,3,3,4,4,4,4,2,4,2,4,1,4,0,0.0,1
Male,disloyal Customer,23,Business travel,Eco,621,3,0,3,2,2,3,2,2,4,3,4,5,4,2,0,8.0,0
Male,Loyal Customer,45,Business travel,Business,236,2,5,4,5,4,3,3,2,2,2,2,1,2,4,22,26.0,0
Male,Loyal Customer,19,Personal Travel,Eco,261,3,2,3,3,3,3,3,3,3,3,4,4,3,3,0,0.0,0
Female,Loyal Customer,19,Personal Travel,Eco,874,4,1,4,3,2,4,2,2,2,1,2,1,3,2,0,0.0,0
Male,Loyal Customer,52,Business travel,Business,2144,4,4,4,4,4,4,5,4,4,5,4,4,4,5,0,3.0,1
Female,disloyal Customer,25,Business travel,Business,2295,3,5,3,2,4,3,4,4,3,5,4,3,4,4,1,0.0,1
Male,disloyal Customer,50,Business travel,Business,575,4,4,4,4,3,4,3,3,3,4,4,5,5,3,0,0.0,1
Female,Loyal Customer,40,Business travel,Business,2296,5,5,5,5,4,3,5,4,4,5,4,3,4,3,1,0.0,1
Male,Loyal Customer,25,Personal Travel,Eco,749,1,2,1,3,3,1,4,3,2,1,3,1,4,3,13,13.0,0
Male,Loyal Customer,40,Business travel,Business,802,5,5,2,5,2,4,4,5,5,5,5,3,5,5,2,0.0,1
Male,Loyal Customer,40,Business travel,Business,239,2,4,2,2,5,5,5,4,4,4,4,4,4,4,0,0.0,1
Female,Loyal Customer,69,Personal Travel,Eco,297,4,2,4,3,4,4,4,1,1,4,1,3,1,4,36,21.0,0
Male,Loyal Customer,52,Business travel,Business,3942,4,4,4,4,1,4,3,4,4,4,4,4,4,2,38,26.0,1
Male,Loyal Customer,55,Business travel,Business,1357,3,3,3,3,4,4,5,4,4,4,4,5,4,3,0,0.0,1
Male,Loyal Customer,69,Business travel,Business,2230,1,1,1,1,1,3,4,1,1,2,1,3,1,1,0,0.0,0
Female,Loyal Customer,45,Business travel,Eco,174,2,4,4,4,4,3,3,2,2,2,2,2,2,4,0,0.0,0
Male,Loyal Customer,41,Business travel,Eco Plus,2677,2,2,2,2,2,3,3,3,2,4,4,3,3,3,0,0.0,0
Male,Loyal Customer,67,Personal Travel,Eco,1747,2,5,2,4,4,2,3,4,4,3,4,5,4,4,54,34.0,1
Male,Loyal Customer,25,Business travel,Business,667,2,3,3,3,2,2,2,2,4,2,2,3,2,2,73,55.0,0
Female,Loyal Customer,46,Business travel,Eco,907,2,3,3,3,4,4,3,2,2,2,2,2,2,3,3,7.0,0
Female,Loyal Customer,55,Business travel,Eco,1075,4,3,3,3,1,3,4,4,4,4,4,5,4,4,2,1.0,1
Male,disloyal Customer,22,Business travel,Eco,1415,3,3,3,4,1,3,2,1,1,1,5,5,2,1,0,0.0,0
Male,Loyal Customer,25,Business travel,Business,2230,1,1,1,1,4,4,4,4,3,1,5,2,2,4,2,13.0,1
Male,disloyal Customer,30,Business travel,Eco,828,3,2,2,3,4,2,4,4,1,2,5,2,2,4,0,0.0,0
Female,Loyal Customer,44,Business travel,Business,3431,2,2,2,2,4,4,5,4,4,5,4,3,4,5,0,2.0,1
Female,Loyal Customer,17,Business travel,Business,850,4,4,4,4,5,5,5,5,5,4,4,3,5,5,11,4.0,1
Male,Loyal Customer,43,Business travel,Business,449,3,3,3,3,2,4,4,5,5,5,5,3,5,3,45,42.0,1
Male,Loyal Customer,70,Personal Travel,Eco Plus,534,2,4,2,2,4,2,4,4,5,3,4,4,4,4,19,18.0,1
Male,Loyal Customer,12,Personal Travel,Eco,357,4,5,4,1,1,4,1,1,3,5,5,4,1,1,40,38.0,0
Female,disloyal Customer,35,Business travel,Eco,1107,1,1,1,2,3,1,3,3,1,5,2,1,2,3,4,6.0,0
Female,disloyal Customer,23,Business travel,Business,1317,0,1,0,3,1,0,5,1,4,5,4,5,4,1,6,0.0,0
Male,Loyal Customer,8,Personal Travel,Eco,756,4,4,4,1,5,4,2,5,5,4,4,5,5,5,1,0.0,1
Male,Loyal Customer,17,Business travel,Eco,563,1,2,2,2,1,1,3,1,1,5,4,2,3,1,54,54.0,0
Male,Loyal Customer,44,Business travel,Business,3293,2,2,2,2,3,4,5,5,5,5,5,5,5,4,1,0.0,1
Female,Loyal Customer,44,Personal Travel,Eco,409,3,5,5,4,1,3,1,5,5,5,5,5,5,4,10,33.0,1
Male,Loyal Customer,15,Personal Travel,Eco,253,1,5,1,3,3,1,3,3,1,4,2,3,1,3,0,0.0,0
Female,Loyal Customer,38,Business travel,Business,813,2,2,2,2,2,4,5,5,5,5,5,4,5,5,0,0.0,1
Male,Loyal Customer,28,Business travel,Business,3178,2,1,1,1,2,2,2,2,4,2,3,2,3,2,0,11.0,0
Female,Loyal Customer,23,Business travel,Business,89,3,2,3,2,3,3,3,3,4,2,3,4,3,3,0,0.0,0
Male,disloyal Customer,23,Business travel,Eco,967,4,4,4,1,2,4,2,2,5,4,5,3,4,2,69,64.0,0
Female,Loyal Customer,37,Personal Travel,Eco,463,2,5,2,1,5,2,5,5,4,4,4,4,5,5,107,124.0,1
Female,Loyal Customer,25,Personal Travel,Eco,1303,4,4,4,4,4,4,3,4,4,5,4,5,5,4,11,0.0,1
Female,Loyal Customer,31,Business travel,Business,2013,5,5,5,5,4,4,4,4,4,5,5,4,5,4,78,82.0,1
Male,Loyal Customer,50,Business travel,Business,1578,3,3,3,3,2,4,5,4,4,4,4,5,4,5,38,29.0,1
Female,disloyal Customer,20,Business travel,Business,213,3,4,3,4,3,3,3,3,3,2,3,1,4,3,32,32.0,0
Female,Loyal Customer,48,Business travel,Business,1724,4,4,4,4,4,3,1,4,4,4,4,4,4,4,0,0.0,1
Female,Loyal Customer,59,Business travel,Eco,170,4,3,3,3,4,3,1,5,5,4,5,3,5,4,39,34.0,1
Male,Loyal Customer,46,Personal Travel,Eco,1874,4,4,4,4,2,4,2,2,2,4,3,1,4,2,3,0.0,0
Male,Loyal Customer,29,Personal Travel,Eco,301,2,5,2,4,3,2,3,3,5,3,5,4,4,3,30,17.0,0
Female,Loyal Customer,45,Personal Travel,Eco Plus,399,3,4,3,1,5,4,5,5,5,3,2,5,5,3,30,42.0,1
Female,Loyal Customer,77,Business travel,Business,2353,5,5,5,5,2,1,4,4,4,4,4,2,4,4,0,0.0,1
Male,Loyal Customer,36,Business travel,Eco,328,4,5,5,5,4,4,4,4,3,5,3,4,5,4,0,0.0,1
Male,Loyal Customer,36,Business travel,Business,2552,4,4,4,4,3,5,4,4,4,5,4,4,4,3,0,0.0,1
Male,Loyal Customer,56,Personal Travel,Business,422,2,2,2,3,2,4,4,5,5,2,5,4,5,3,0,0.0,1
Male,Loyal Customer,41,Business travel,Business,2163,3,3,3,3,5,3,4,3,3,3,3,3,3,4,60,70.0,1
Female,Loyal Customer,36,Personal Travel,Eco,1299,3,4,2,3,4,2,4,4,5,5,5,3,5,4,2,3.0,1
Female,disloyal Customer,30,Business travel,Business,945,2,2,2,1,2,2,2,2,3,2,5,5,5,2,9,0.0,0
Male,disloyal Customer,38,Business travel,Business,96,4,4,4,4,2,4,2,2,3,5,4,3,5,2,0,0.0,0
Female,Loyal Customer,43,Business travel,Business,1488,5,2,5,5,2,4,5,4,4,4,4,4,4,5,3,11.0,1
Female,disloyal Customer,23,Business travel,Eco,925,4,3,3,1,1,3,1,1,4,4,5,4,5,1,12,5.0,0
Male,Loyal Customer,16,Personal Travel,Eco,2176,4,2,5,3,2,5,2,2,3,1,3,1,4,2,34,25.0,0
Male,Loyal Customer,66,Personal Travel,Eco,427,4,5,4,3,5,4,5,5,5,4,1,1,5,5,0,0.0,1
Male,Loyal Customer,69,Personal Travel,Eco Plus,588,2,5,2,3,2,2,2,2,5,2,4,3,5,2,7,0.0,0
Male,Loyal Customer,27,Business travel,Business,1773,1,1,4,1,4,4,4,4,2,3,1,1,5,4,68,78.0,0
Male,Loyal Customer,43,Business travel,Business,1105,3,2,3,3,5,5,4,5,5,5,5,3,5,3,25,2.0,1
Male,Loyal Customer,66,Personal Travel,Eco,1892,3,3,2,3,3,2,3,3,3,5,3,1,3,3,0,0.0,0
Female,Loyal Customer,22,Business travel,Business,1340,4,4,4,4,3,4,3,3,5,4,5,4,5,3,111,103.0,1
Female,Loyal Customer,38,Personal Travel,Eco Plus,926,1,3,1,4,5,1,5,5,3,4,3,2,3,5,0,0.0,1
Male,disloyal Customer,55,Business travel,Eco,1334,3,3,3,3,1,3,1,1,5,4,4,5,5,1,39,37.0,0
Male,Loyal Customer,31,Personal Travel,Eco,290,4,5,5,3,2,5,2,2,4,5,4,4,4,2,0,0.0,0
Male,Loyal Customer,41,Business travel,Business,3639,3,3,3,3,4,2,5,4,4,4,4,1,4,1,0,0.0,1
Male,Loyal Customer,25,Business travel,Eco,363,4,5,3,5,4,4,4,4,5,2,1,2,3,4,43,36.0,1
Female,Loyal Customer,48,Business travel,Business,2187,5,5,5,5,3,5,5,5,5,5,5,5,5,4,0,0.0,1
Female,disloyal Customer,49,Business travel,Business,980,2,2,2,2,3,2,3,3,3,5,5,4,4,3,11,6.0,1
Female,Loyal Customer,14,Personal Travel,Eco,622,2,4,1,1,4,1,4,4,5,4,5,3,4,4,0,0.0,1
Female,Loyal Customer,38,Business travel,Business,2235,1,1,3,1,2,5,5,4,4,4,4,4,4,3,0,0.0,1
Female,Loyal Customer,38,Business travel,Business,3607,1,1,1,1,3,2,4,4,4,4,4,2,4,3,0,0.0,1
Female,Loyal Customer,27,Business travel,Eco Plus,835,2,3,3,3,2,2,2,2,3,4,3,3,3,2,15,2.0,0
Male,Loyal Customer,41,Business travel,Business,3544,4,4,4,4,5,5,4,3,3,4,3,4,3,4,0,0.0,1
Male,Loyal Customer,56,Business travel,Business,1553,2,2,2,2,2,5,5,4,4,5,4,3,4,4,0,0.0,1
Male,Loyal Customer,18,Business travel,Business,325,1,1,1,1,5,5,5,5,3,1,4,5,5,5,0,1.0,1
Female,disloyal Customer,25,Business travel,Eco,761,2,3,3,1,3,3,1,3,3,2,2,2,4,3,0,0.0,0
Female,disloyal Customer,47,Business travel,Business,989,3,3,3,1,5,3,5,5,4,2,4,3,5,5,13,15.0,1
Male,Loyal Customer,38,Personal Travel,Eco,164,3,4,0,5,3,0,3,3,5,4,4,5,5,3,41,35.0,0
Female,Loyal Customer,61,Business travel,Business,1724,4,4,4,4,4,5,4,5,5,5,5,4,5,3,84,80.0,1
Male,Loyal Customer,49,Business travel,Business,544,3,3,3,3,4,4,5,4,4,5,4,5,4,3,0,0.0,1
Male,disloyal Customer,24,Business travel,Business,1222,5,0,5,2,3,5,3,3,4,2,4,5,5,3,6,13.0,1
Male,Loyal Customer,23,Business travel,Business,3390,4,4,3,4,4,4,4,4,5,5,5,5,5,4,0,19.0,1
Female,Loyal Customer,7,Personal Travel,Eco,528,4,4,4,4,5,4,5,5,4,2,4,4,5,5,0,0.0,1
Female,Loyal Customer,41,Personal Travel,Eco,1047,2,5,2,4,2,2,5,2,5,3,5,4,5,2,0,0.0,0
Male,disloyal Customer,20,Business travel,Eco,1238,4,4,4,4,4,4,4,4,4,2,3,3,4,4,0,0.0,1
Female,Loyal Customer,40,Business travel,Business,3707,2,2,2,2,3,5,4,4,4,4,4,4,4,4,17,11.0,1
Male,Loyal Customer,44,Business travel,Business,3419,0,4,0,3,4,4,4,1,1,1,1,4,1,3,0,0.0,0
Female,Loyal Customer,36,Business travel,Eco,495,5,2,2,2,4,5,5,1,4,4,3,5,3,5,266,266.0,1
Female,Loyal Customer,46,Business travel,Business,1987,3,3,3,3,3,4,4,4,4,4,4,5,4,3,70,66.0,1
Female,Loyal Customer,58,Business travel,Business,2869,4,4,4,4,5,3,3,4,4,4,4,3,4,1,0,0.0,1
Female,Loyal Customer,56,Business travel,Business,668,4,4,4,4,3,4,4,5,5,5,5,5,5,3,47,51.0,1
Female,Loyal Customer,15,Personal Travel,Business,417,4,5,4,4,1,4,1,1,4,3,3,2,4,1,8,7.0,0
Female,Loyal Customer,54,Business travel,Eco,109,2,4,4,4,5,4,4,2,2,2,2,1,2,3,0,6.0,0
Male,Loyal Customer,20,Business travel,Business,1529,5,5,5,5,4,4,4,4,2,2,5,4,1,4,4,0.0,1
Male,Loyal Customer,37,Business travel,Business,3990,3,5,5,5,3,4,3,3,3,2,3,1,3,2,44,40.0,0
Male,Loyal Customer,22,Business travel,Eco,837,5,1,1,1,5,5,3,5,2,2,3,2,1,5,5,2.0,1
Female,Loyal Customer,9,Personal Travel,Eco,1190,4,4,4,3,4,4,4,4,4,4,4,5,5,4,0,0.0,1
Female,Loyal Customer,35,Business travel,Business,3291,2,2,2,2,3,4,4,5,5,5,5,4,5,3,44,30.0,1
Female,Loyal Customer,61,Personal Travel,Business,486,1,2,1,4,2,2,4,3,3,1,3,2,3,1,0,0.0,0
Male,Loyal Customer,36,Business travel,Eco,628,1,3,4,4,1,2,1,1,3,2,3,1,4,1,18,11.0,0
Female,Loyal Customer,31,Personal Travel,Eco,1399,2,5,2,3,4,2,4,4,3,3,5,3,5,4,0,0.0,1
Female,Loyal Customer,47,Business travel,Business,1916,4,4,2,4,2,3,4,4,4,4,4,3,4,4,4,0.0,1
Male,Loyal Customer,31,Business travel,Business,3964,1,1,1,1,4,4,4,4,3,1,5,5,4,4,0,0.0,1
Male,Loyal Customer,59,Personal Travel,Eco,1572,2,4,2,1,4,2,1,4,4,2,3,5,5,4,11,23.0,0
Male,disloyal Customer,22,Business travel,Eco,1237,5,4,4,2,2,4,2,2,4,2,3,4,5,2,0,0.0,0
Female,disloyal Customer,26,Business travel,Business,2227,4,4,4,4,5,4,5,5,3,5,4,3,5,5,0,0.0,1
Male,disloyal Customer,18,Business travel,Eco,1431,3,3,3,4,4,3,4,4,1,2,4,4,3,4,0,0.0,1
Female,Loyal Customer,37,Business travel,Business,1827,2,2,2,2,3,3,3,2,2,2,2,3,2,2,0,2.0,0
Male,Loyal Customer,33,Business travel,Business,581,2,2,2,2,4,4,4,4,3,2,4,1,5,4,1,0.0,1
Female,Loyal Customer,38,Business travel,Business,3470,1,1,1,1,1,3,1,5,5,5,5,2,5,2,0,0.0,0
Female,Loyal Customer,51,Business travel,Business,3384,3,3,2,3,2,5,5,4,4,4,4,4,4,3,0,0.0,1
Male,Loyal Customer,63,Personal Travel,Eco Plus,557,3,5,3,2,3,3,3,3,2,4,2,1,4,3,81,62.0,0
Male,Loyal Customer,60,Business travel,Business,2949,2,2,2,2,4,4,4,5,5,5,5,4,5,5,8,11.0,1
Male,Loyal Customer,45,Business travel,Eco,564,2,1,1,1,3,2,3,3,4,5,1,3,3,3,0,0.0,0
Female,Loyal Customer,39,Business travel,Business,1514,4,2,4,4,4,4,4,5,5,5,5,4,5,3,0,4.0,1
Female,Loyal Customer,42,Business travel,Business,337,2,2,2,2,2,5,4,5,5,5,5,3,5,4,58,57.0,1
Female,Loyal Customer,47,Business travel,Eco,1134,4,3,3,3,2,5,3,4,4,4,4,1,4,5,0,0.0,1
Male,Loyal Customer,59,Personal Travel,Eco,550,1,5,0,4,5,0,3,5,3,5,5,3,4,5,43,67.0,1
Male,Loyal Customer,27,Business travel,Business,2773,1,0,0,4,2,0,2,2,3,3,3,2,3,2,7,6.0,0
Male,Loyal Customer,63,Personal Travel,Eco,2079,4,1,4,3,2,4,2,2,3,2,4,3,4,2,66,91.0,0
Male,Loyal Customer,40,Personal Travel,Eco,547,2,5,2,1,3,2,3,3,3,5,4,5,5,3,0,0.0,0
Female,Loyal Customer,36,Business travel,Eco,237,2,4,4,4,2,2,2,2,2,4,2,1,1,2,0,0.0,0
Female,disloyal Customer,33,Business travel,Eco,179,2,3,2,4,2,2,2,2,2,3,2,3,3,2,0,0.0,0
Male,Loyal Customer,48,Personal Travel,Eco,1127,1,4,1,5,1,1,1,1,4,2,5,3,5,1,32,33.0,0
Female,Loyal Customer,48,Business travel,Business,2857,4,4,4,4,3,4,4,4,4,4,4,5,4,5,30,28.0,1
Female,Loyal Customer,33,Personal Travel,Business,1009,1,3,1,2,2,2,2,1,1,1,1,4,1,2,3,9.0,0
Male,Loyal Customer,63,Personal Travel,Eco,925,2,5,2,1,5,2,2,5,3,2,4,4,5,5,0,0.0,1
Female,Loyal Customer,60,Business travel,Business,2773,1,1,1,1,4,5,4,4,4,4,4,5,4,3,0,0.0,1
Male,Loyal Customer,19,Personal Travel,Eco,550,2,4,2,3,3,2,3,3,3,3,4,5,5,3,14,9.0,0
Male,Loyal Customer,44,Business travel,Eco,436,3,1,1,1,3,3,3,3,4,1,4,1,3,3,21,14.0,0
Male,Loyal Customer,35,Business travel,Eco Plus,190,4,1,1,1,4,4,4,4,3,2,3,2,3,4,0,0.0,1
Female,Loyal Customer,39,Business travel,Business,3112,1,1,1,1,3,4,4,5,5,4,5,5,5,4,2,2.0,1
Female,Loyal Customer,58,Personal Travel,Eco,1754,4,3,4,4,4,3,2,3,3,4,1,1,3,4,0,0.0,0
Male,Loyal Customer,38,Personal Travel,Eco,1476,3,4,3,2,1,3,1,1,5,4,5,3,4,1,0,6.0,0
Male,Loyal Customer,8,Personal Travel,Eco,2614,4,5,4,1,4,5,5,3,3,4,5,5,3,5,0,41.0,1
Female,Loyal Customer,24,Business travel,Business,679,4,4,4,4,5,5,5,5,4,1,5,4,4,5,39,24.0,1
Female,Loyal Customer,53,Personal Travel,Eco,102,3,5,3,2,2,4,5,1,1,3,1,5,1,5,0,4.0,0
Female,Loyal Customer,22,Business travel,Business,3858,5,5,5,5,2,2,2,2,4,3,4,3,4,2,0,0.0,0
Male,disloyal Customer,26,Business travel,Eco,612,1,4,1,1,4,1,2,4,3,5,4,3,1,4,0,0.0,0
Male,Loyal Customer,59,Personal Travel,Eco,944,2,4,2,4,3,2,3,3,2,1,3,3,4,3,0,0.0,0
Female,disloyal Customer,21,Business travel,Eco,370,0,0,1,5,1,1,1,1,2,4,5,2,3,1,0,0.0,0
Male,Loyal Customer,44,Business travel,Business,84,5,5,5,5,5,4,5,5,5,5,4,3,5,3,3,7.0,1
Male,Loyal Customer,29,Personal Travel,Eco,544,1,2,1,3,3,1,3,3,4,5,4,4,4,3,0,0.0,0
Female,Loyal Customer,65,Business travel,Eco,356,3,3,3,3,1,4,4,3,3,3,3,4,3,4,0,0.0,0
Male,disloyal Customer,22,Business travel,Eco,273,1,0,1,3,1,1,1,1,4,3,4,5,5,1,1,0.0,0
Male,Loyal Customer,40,Business travel,Business,2834,1,3,3,3,1,1,1,3,4,3,2,1,4,1,334,318.0,0
Female,disloyal Customer,41,Business travel,Business,1598,2,2,2,2,4,2,4,4,5,3,4,3,4,4,0,0.0,1
Male,Loyal Customer,22,Business travel,Business,515,4,4,4,4,5,5,5,5,5,5,4,3,4,5,12,3.0,1
Female,Loyal Customer,44,Business travel,Eco,106,4,2,2,2,1,1,5,4,4,4,4,4,4,4,43,42.0,1
Female,Loyal Customer,20,Personal Travel,Eco,2288,2,2,2,3,2,2,2,2,4,1,3,4,4,2,0,11.0,0
Male,Loyal Customer,14,Personal Travel,Eco,460,1,4,1,2,5,1,4,5,4,2,5,5,5,5,29,25.0,1
Male,Loyal Customer,42,Business travel,Business,3118,5,5,5,5,3,5,5,2,2,2,2,5,2,3,3,0.0,1
Female,Loyal Customer,49,Business travel,Business,2432,4,4,4,4,4,5,4,2,2,2,2,3,2,5,0,0.0,1
Male,Loyal Customer,39,Business travel,Business,2473,1,1,5,1,3,4,4,4,4,4,4,3,4,4,0,0.0,1
Female,Loyal Customer,48,Business travel,Business,3108,5,5,5,5,3,5,5,5,5,5,5,5,5,3,48,39.0,1
Female,Loyal Customer,28,Business travel,Business,618,1,1,1,1,4,4,4,4,3,1,5,1,2,4,107,97.0,0
Male,Loyal Customer,27,Business travel,Business,719,4,4,4,4,5,5,5,5,3,4,5,3,4,5,0,0.0,1
Male,disloyal Customer,34,Business travel,Business,1995,3,3,3,5,3,3,3,3,3,2,4,3,5,3,0,0.0,0
Female,Loyal Customer,45,Business travel,Business,319,1,1,1,1,4,5,4,4,4,4,4,4,4,5,33,40.0,1
Male,Loyal Customer,20,Personal Travel,Business,1102,4,4,3,3,5,3,5,5,1,1,4,3,4,5,0,0.0,1
Female,Loyal Customer,33,Business travel,Business,2282,1,2,2,2,2,1,1,4,3,4,3,1,4,1,140,152.0,0
Male,Loyal Customer,31,Business travel,Business,224,2,5,5,5,3,3,2,3,4,5,4,2,3,3,0,6.0,0
Female,Loyal Customer,29,Business travel,Business,507,5,5,5,5,5,5,5,5,3,2,5,5,5,5,19,6.0,1
Female,Loyal Customer,13,Personal Travel,Eco,109,0,5,0,4,5,0,3,5,5,3,4,5,4,5,0,0.0,1
Female,Loyal Customer,51,Personal Travel,Business,397,3,5,3,3,2,2,1,2,2,3,2,1,2,4,9,0.0,0
Male,disloyal Customer,38,Business travel,Business,864,3,3,3,2,5,3,5,5,3,4,4,4,5,5,3,0.0,1
Female,Loyal Customer,52,Business travel,Business,2943,2,2,1,2,5,5,4,5,5,5,5,3,5,3,19,2.0,1
Female,disloyal Customer,45,Business travel,Business,1164,3,3,3,3,4,3,4,4,4,5,5,4,5,4,1,1.0,1
Male,Loyal Customer,24,Business travel,Business,1190,1,1,1,1,4,4,4,4,1,2,2,4,3,4,0,0.0,0
Female,Loyal Customer,41,Business travel,Business,2340,4,4,4,4,2,5,5,4,4,4,4,5,4,4,16,9.0,1
Female,disloyal Customer,36,Business travel,Eco,245,4,0,4,2,1,4,1,1,5,2,1,1,3,1,10,2.0,0
Male,disloyal Customer,29,Business travel,Business,731,5,5,5,4,3,5,3,3,3,3,5,4,5,3,0,0.0,1
Female,Loyal Customer,43,Business travel,Business,356,3,3,3,3,2,5,4,5,5,5,5,4,5,3,0,0.0,1
Male,Loyal Customer,58,Personal Travel,Eco,347,1,5,5,3,5,5,5,5,4,5,5,3,4,5,2,2.0,1
Female,Loyal Customer,58,Business travel,Business,2804,2,3,2,2,5,5,5,5,5,4,5,4,5,5,5,0.0,1
Female,disloyal Customer,36,Business travel,Eco Plus,711,2,2,2,3,3,2,3,3,2,2,3,2,4,3,24,9.0,0
Female,Loyal Customer,54,Business travel,Eco,134,2,5,5,5,4,4,5,2,2,2,2,4,2,5,7,0.0,0
Male,Loyal Customer,28,Personal Travel,Eco Plus,502,2,5,2,3,5,2,2,5,5,5,4,3,5,5,0,0.0,1
Female,Loyal Customer,36,Business travel,Eco,1211,5,4,4,4,5,5,5,5,5,4,5,3,2,5,0,0.0,1
Female,disloyal Customer,42,Business travel,Eco Plus,257,2,2,2,3,2,2,2,2,3,5,3,1,4,2,0,0.0,0
Female,Loyal Customer,69,Business travel,Eco,842,2,3,3,3,3,4,4,2,2,2,2,1,2,4,0,0.0,0
Female,Loyal Customer,50,Business travel,Business,3558,0,0,0,1,2,5,5,1,1,1,1,3,1,4,0,0.0,0
Male,Loyal Customer,59,Business travel,Business,821,4,4,3,4,3,5,4,4,4,4,4,3,4,3,6,1.0,1
Female,Loyal Customer,49,Business travel,Business,224,3,3,3,3,5,4,5,5,5,5,5,4,5,5,0,0.0,1
Male,Loyal Customer,58,Business travel,Business,2213,2,2,5,2,5,4,5,5,5,5,5,3,5,5,27,42.0,1
Male,Loyal Customer,35,Business travel,Eco,818,4,1,3,1,4,4,4,4,3,1,2,4,1,4,0,0.0,0
Male,Loyal Customer,37,Business travel,Business,3869,0,0,0,3,3,5,5,2,2,5,5,5,2,3,0,0.0,1
Male,Loyal Customer,58,Business travel,Eco,314,3,5,5,5,3,3,3,3,3,1,4,2,3,3,6,0.0,0
Male,Loyal Customer,9,Personal Travel,Eco Plus,280,3,5,3,3,5,3,5,5,4,2,4,3,4,5,0,0.0,1
Female,Loyal Customer,21,Business travel,Business,641,1,2,1,1,5,5,5,5,3,3,4,3,4,5,0,0.0,1
Male,Loyal Customer,39,Business travel,Business,826,3,5,5,5,5,4,4,3,3,3,3,3,3,1,0,0.0,1
Male,disloyal Customer,18,Business travel,Business,305,5,5,5,2,5,5,1,5,4,5,5,3,4,5,3,0.0,1
Female,Loyal Customer,67,Personal Travel,Eco,239,4,1,0,4,1,4,3,4,4,0,2,2,4,1,8,3.0,0
Female,Loyal Customer,42,Business travel,Business,2773,2,2,2,2,4,4,4,5,5,5,5,5,5,5,0,0.0,1
Female,disloyal Customer,20,Business travel,Business,404,4,0,4,5,5,4,5,5,3,2,5,5,4,5,0,0.0,1
Female,disloyal Customer,8,Business travel,Eco,728,1,1,1,3,3,1,3,3,4,5,3,1,4,3,11,9.0,0
Male,Loyal Customer,37,Personal Travel,Eco,680,2,4,2,3,5,2,5,5,3,3,5,3,4,5,0,0.0,1
Male,Loyal Customer,68,Personal Travel,Eco,1121,3,4,3,3,4,3,4,4,3,2,5,4,4,4,0,0.0,1
Female,Loyal Customer,46,Business travel,Business,399,1,1,1,1,2,5,5,4,4,4,4,4,4,3,0,0.0,1
Female,Loyal Customer,32,Business travel,Business,3666,0,5,0,2,5,5,5,5,4,3,4,5,1,5,0,0.0,1
Male,disloyal Customer,38,Business travel,Business,277,4,4,4,1,3,4,3,3,3,5,5,5,4,3,0,0.0,1
Female,disloyal Customer,26,Business travel,Eco,391,2,3,2,4,2,2,3,2,1,2,3,3,4,2,0,0.0,0
Male,Loyal Customer,40,Business travel,Business,1742,3,1,1,1,3,3,4,2,2,2,3,2,2,1,0,0.0,0
Female,Loyal Customer,17,Personal Travel,Eco,813,2,3,2,4,2,2,2,2,1,2,2,3,4,2,0,0.0,0
Female,Loyal Customer,63,Business travel,Business,3991,2,2,2,2,2,4,4,2,2,2,2,2,2,2,41,33.0,0
Female,Loyal Customer,14,Personal Travel,Eco Plus,2176,3,2,4,3,3,4,5,3,4,5,3,1,3,3,0,14.0,1
Female,Loyal Customer,23,Business travel,Business,674,5,5,5,5,4,4,4,4,1,3,1,2,5,4,30,59.0,1
Female,Loyal Customer,62,Personal Travel,Eco,214,2,3,2,4,1,3,3,5,5,2,5,3,5,2,0,16.0,0
Male,Loyal Customer,52,Business travel,Business,2670,1,1,1,1,1,2,4,4,4,4,4,3,4,5,0,4.0,1
Male,Loyal Customer,9,Personal Travel,Eco Plus,448,2,4,2,2,2,2,2,2,5,4,4,5,4,2,34,25.0,0
Female,Loyal Customer,68,Personal Travel,Eco,748,2,3,2,2,3,5,3,2,2,2,4,2,2,4,0,0.0,0
Female,Loyal Customer,14,Personal Travel,Eco,1172,2,4,2,3,4,2,1,4,4,2,1,3,2,4,0,0.0,0
Female,Loyal Customer,23,Business travel,Business,447,3,3,3,3,5,5,5,5,5,1,1,2,3,5,27,1.0,1
Female,disloyal Customer,27,Business travel,Eco,1050,3,3,3,1,4,3,4,4,4,5,4,3,4,4,0,0.0,1
Female,Loyal Customer,50,Business travel,Business,3962,4,4,4,4,4,4,4,4,4,4,4,4,4,5,0,0.0,1
Female,Loyal Customer,66,Business travel,Business,288,2,2,2,2,5,3,3,2,2,2,2,2,2,4,0,22.0,0
Male,disloyal Customer,40,Business travel,Eco,626,1,1,1,4,3,1,3,3,1,4,3,1,4,3,69,53.0,0
Female,Loyal Customer,36,Personal Travel,Eco,1009,2,2,2,4,1,2,1,1,3,3,3,1,3,1,60,55.0,0
Male,Loyal Customer,43,Personal Travel,Eco,2153,1,2,1,4,1,1,1,1,3,4,3,1,3,1,0,0.0,0
Female,Loyal Customer,38,Business travel,Eco Plus,500,2,5,5,5,2,2,2,2,2,3,3,2,4,2,56,63.0,0
Male,Loyal Customer,35,Personal Travel,Eco,402,3,5,3,3,4,3,4,4,4,4,5,4,5,4,0,0.0,1
Male,Loyal Customer,41,Business travel,Business,3077,2,2,5,2,2,5,1,5,5,5,5,1,5,2,6,0.0,1
Male,Loyal Customer,59,Personal Travel,Eco,993,1,4,1,2,1,1,1,1,4,4,5,3,4,1,0,0.0,0
Female,Loyal Customer,39,Business travel,Business,247,2,2,2,2,4,4,5,4,4,4,4,4,4,5,10,0.0,1
Male,Loyal Customer,67,Personal Travel,Eco,190,2,1,2,3,1,2,1,1,1,4,3,4,4,1,0,0.0,0
Male,disloyal Customer,8,Business travel,Eco,1023,1,1,1,3,1,1,1,1,1,1,3,1,3,1,0,0.0,0
Female,Loyal Customer,45,Business travel,Eco,577,1,4,4,4,5,3,4,1,1,1,1,2,1,1,0,0.0,0
Male,Loyal Customer,46,Business travel,Business,3469,2,2,2,2,3,5,4,4,4,4,4,3,4,3,60,41.0,1
Male,disloyal Customer,62,Business travel,Eco,386,3,2,3,3,2,3,2,2,4,2,4,2,3,2,1,0.0,0
Female,Loyal Customer,42,Personal Travel,Business,1533,3,2,3,3,1,4,4,2,2,3,2,4,2,3,0,0.0,0
Female,Loyal Customer,56,Business travel,Business,2266,5,5,4,5,3,3,2,5,5,5,5,3,5,1,0,0.0,1
Female,disloyal Customer,54,Business travel,Eco,888,3,4,4,3,3,4,3,3,2,3,3,2,4,3,0,0.0,0
Male,Loyal Customer,31,Business travel,Business,2474,5,5,5,5,4,4,4,4,4,2,2,4,1,4,0,0.0,1
Female,disloyal Customer,47,Business travel,Eco,271,4,1,5,1,2,5,2,2,1,2,2,2,1,2,8,16.0,0
Female,Loyal Customer,46,Business travel,Business,989,3,3,3,3,3,5,4,5,5,5,5,3,5,5,72,58.0,1
Male,Loyal Customer,39,Business travel,Business,3570,0,0,0,4,4,4,4,2,2,2,5,5,2,5,0,19.0,1
Female,Loyal Customer,60,Business travel,Business,2214,4,4,4,4,3,4,5,5,5,5,5,4,5,5,5,0.0,1
Male,Loyal Customer,49,Personal Travel,Eco Plus,399,3,4,3,2,1,3,1,1,5,4,5,5,5,1,0,0.0,0
Male,Loyal Customer,30,Business travel,Business,1065,1,1,5,1,5,5,5,5,5,3,4,4,5,5,6,0.0,1
Female,Loyal Customer,13,Personal Travel,Eco,1346,3,4,3,4,2,3,3,2,5,4,3,5,5,2,0,0.0,0
Female,Loyal Customer,23,Personal Travel,Eco,1624,3,3,3,1,2,3,2,2,4,4,5,3,4,2,45,35.0,0
Female,Loyal Customer,40,Business travel,Business,177,5,5,5,5,2,5,4,5,5,5,4,5,5,1,0,0.0,1
Male,Loyal Customer,37,Business travel,Business,2069,3,3,3,3,3,5,4,5,5,5,4,2,5,1,0,0.0,1
Female,Loyal Customer,46,Business travel,Eco,199,2,5,5,5,4,3,3,2,2,2,2,1,2,2,17,9.0,0
Female,Loyal Customer,43,Business travel,Business,2125,2,2,3,2,5,4,4,4,4,4,4,4,4,4,0,22.0,1
Female,Loyal Customer,52,Business travel,Eco Plus,552,5,4,4,4,2,1,1,5,5,5,5,3,5,3,38,34.0,1
Male,Loyal Customer,55,Personal Travel,Business,432,4,4,2,1,5,4,4,3,3,2,2,4,3,5,0,0.0,1
Female,disloyal Customer,35,Business travel,Eco Plus,590,2,2,2,4,3,2,1,3,1,1,4,4,4,3,19,19.0,0
Male,Loyal Customer,22,Business travel,Business,3742,3,5,4,5,3,3,3,3,1,2,4,1,4,3,0,0.0,0
Male,disloyal Customer,18,Business travel,Business,828,5,4,5,4,4,5,2,4,2,1,3,3,5,4,0,0.0,1
Female,Loyal Customer,39,Business travel,Business,1656,1,1,1,1,3,4,5,4,4,4,4,3,4,5,0,0.0,1
Female,disloyal Customer,23,Business travel,Eco,164,3,1,3,2,2,3,2,2,2,1,2,1,1,2,36,40.0,0
Male,Loyal Customer,42,Business travel,Business,737,2,2,2,2,4,5,5,4,4,4,4,5,4,5,0,0.0,1
Male,Loyal Customer,48,Business travel,Eco Plus,689,5,5,5,5,5,5,5,5,4,3,4,1,4,5,10,6.0,1
Male,Loyal Customer,37,Business travel,Business,1481,3,3,3,3,3,4,4,3,3,3,3,3,3,3,7,0.0,0
Female,disloyal Customer,64,Business travel,Eco,990,3,3,3,4,5,3,5,5,2,5,4,2,4,5,6,0.0,1
Female,Loyal Customer,49,Personal Travel,Eco,624,2,3,2,3,4,4,4,2,2,2,2,2,2,2,113,119.0,0
Male,Loyal Customer,62,Personal Travel,Eco,990,2,5,1,3,3,1,3,3,3,2,4,4,4,3,0,0.0,0
Male,Loyal Customer,42,Business travel,Business,473,1,1,3,1,2,5,5,5,5,5,5,3,5,3,3,0.0,1
Female,disloyal Customer,25,Business travel,Business,719,5,0,5,3,1,5,1,1,5,4,5,4,4,1,0,1.0,0
Female,Loyal Customer,23,Business travel,Business,1830,2,4,4,4,2,2,2,2,4,4,3,2,3,2,0,27.0,0
Male,Loyal Customer,23,Business travel,Business,621,5,1,2,2,5,4,5,5,2,3,3,2,3,5,0,0.0,1
Male,Loyal Customer,50,Business travel,Eco Plus,192,4,5,5,5,4,4,4,4,2,5,4,2,4,4,9,22.0,1
Male,Loyal Customer,28,Personal Travel,Eco,345,3,4,3,4,2,3,2,2,4,4,2,4,2,2,0,0.0,0
Female,Loyal Customer,47,Business travel,Eco,746,3,1,1,1,3,3,3,3,3,3,3,1,3,1,101,108.0,0
Female,Loyal Customer,10,Personal Travel,Eco,728,2,3,3,3,4,3,2,4,2,4,3,1,3,4,6,14.0,0
Female,Loyal Customer,43,Business travel,Business,580,3,3,3,3,3,4,5,4,4,4,4,3,4,3,0,0.0,1
Female,Loyal Customer,26,Personal Travel,Eco,406,3,5,3,2,2,3,2,2,5,5,5,3,5,2,0,0.0,0
Female,Loyal Customer,55,Business travel,Eco,253,5,1,1,1,5,4,3,5,5,5,5,3,5,5,13,13.0,1
Male,Loyal Customer,45,Business travel,Eco,192,5,2,2,2,5,5,5,5,5,3,4,3,3,5,0,0.0,1
Female,Loyal Customer,25,Business travel,Business,3939,1,1,3,1,5,4,5,5,5,4,5,4,4,5,22,11.0,1
Male,Loyal Customer,46,Business travel,Business,2998,4,4,4,4,5,5,4,4,4,4,4,4,4,3,0,0.0,1
Male,Loyal Customer,54,Business travel,Eco Plus,157,5,1,1,1,5,5,5,5,4,5,5,4,1,5,0,0.0,1
Female,disloyal Customer,48,Business travel,Business,1264,2,2,2,3,2,2,2,2,4,4,5,5,5,2,0,0.0,0
Male,Loyal Customer,51,Business travel,Business,3559,4,1,4,4,2,4,4,4,4,4,4,4,4,5,16,0.0,1
Female,Loyal Customer,25,Business travel,Eco,936,3,5,5,5,3,3,4,3,2,4,3,3,3,3,21,16.0,0
Male,disloyal Customer,24,Business travel,Business,546,0,5,0,4,2,0,2,2,4,4,4,3,4,2,0,0.0,0
Female,Loyal Customer,62,Personal Travel,Eco,1744,1,2,1,2,3,2,2,4,4,1,4,2,4,3,0,0.0,0
Female,Loyal Customer,45,Business travel,Business,1546,1,1,1,1,3,5,5,5,5,5,5,2,5,2,38,30.0,1
Female,Loyal Customer,41,Personal Travel,Eco,587,2,4,2,3,5,2,5,5,3,4,4,5,5,5,0,0.0,1
Male,Loyal Customer,68,Personal Travel,Eco,488,3,0,3,3,5,3,5,5,3,3,4,3,5,5,81,75.0,1
Female,Loyal Customer,48,Business travel,Business,1416,1,4,4,4,3,4,3,1,1,1,1,1,1,2,0,0.0,0
Male,Loyal Customer,34,Personal Travel,Eco,1192,2,5,2,4,5,2,5,5,4,5,4,4,5,5,0,0.0,1
Male,Loyal Customer,46,Business travel,Eco,522,5,4,4,4,5,5,5,5,1,5,5,1,3,5,0,0.0,1
Male,Loyal Customer,8,Personal Travel,Eco,419,3,2,3,4,5,3,5,5,3,3,4,1,3,5,0,0.0,1
Female,Loyal Customer,38,Business travel,Business,413,4,4,4,4,4,5,5,5,5,5,5,4,5,3,0,0.0,1
Female,Loyal Customer,53,Personal Travel,Eco,507,1,3,1,4,3,3,3,1,1,1,2,4,1,5,0,0.0,0
Male,Loyal Customer,36,Personal Travel,Eco,584,1,1,2,2,3,2,3,3,3,3,2,3,3,3,0,0.0,0
Male,Loyal Customer,27,Business travel,Eco Plus,1448,0,0,0,4,1,4,1,1,1,2,4,4,1,1,5,0.0,0
Male,Loyal Customer,44,Business travel,Business,2975,1,1,1,1,2,5,5,5,5,4,5,5,5,3,0,0.0,1
Female,Loyal Customer,42,Business travel,Business,3299,1,1,1,1,2,4,4,4,4,4,4,4,4,4,0,0.0,1
Male,Loyal Customer,55,Business travel,Business,1790,2,2,2,2,4,5,4,5,5,5,5,5,5,4,0,0.0,1
Female,Loyal Customer,47,Business travel,Eco,270,2,4,4,4,3,2,2,2,2,2,2,1,2,1,0,0.0,0
Female,disloyal Customer,55,Business travel,Eco,1497,3,3,3,2,1,3,1,1,2,3,1,3,2,1,0,0.0,0
Male,Loyal Customer,64,Personal Travel,Eco,1660,2,5,2,3,5,2,5,5,3,2,5,3,5,5,0,44.0,1
Female,Loyal Customer,40,Business travel,Business,3434,3,2,2,2,5,3,3,3,3,3,3,4,3,4,23,18.0,1
Female,Loyal Customer,11,Personal Travel,Eco,163,3,5,0,2,2,0,2,2,4,2,4,3,4,2,0,0.0,0
Male,Loyal Customer,55,Personal Travel,Eco,457,5,5,5,3,1,5,1,1,4,2,5,2,4,1,0,3.0,0
Female,Loyal Customer,29,Personal Travel,Eco,272,1,2,1,4,3,1,3,3,4,2,4,2,3,3,22,13.0,0
Male,Loyal Customer,61,Personal Travel,Eco,812,2,1,2,4,5,2,5,5,2,5,3,2,4,5,0,0.0,1
Male,Loyal Customer,38,Business travel,Business,2156,4,4,4,4,1,1,3,5,5,5,5,1,5,5,13,18.0,1
Female,Loyal Customer,50,Business travel,Business,2798,3,3,3,3,2,5,4,4,4,4,4,5,4,5,0,0.0,1
Male,Loyal Customer,37,Business travel,Business,1846,2,2,2,2,3,5,4,5,5,5,5,5,5,5,19,0.0,1
Male,Loyal Customer,41,Business travel,Eco,599,4,5,5,5,5,4,5,5,3,3,3,4,4,5,0,0.0,1
Female,Loyal Customer,24,Personal Travel,Eco,2475,2,4,2,5,2,4,4,1,1,4,5,4,1,4,12,66.0,0
Female,Loyal Customer,52,Business travel,Business,562,5,5,5,5,3,4,5,4,4,4,4,4,4,3,27,18.0,1
Male,disloyal Customer,34,Business travel,Eco,301,2,1,2,2,4,2,4,4,4,5,3,2,3,4,0,4.0,1
Female,Loyal Customer,58,Business travel,Business,3645,5,5,5,5,3,5,4,3,3,4,3,5,3,5,0,0.0,1
Female,disloyal Customer,24,Business travel,Eco,1167,2,2,2,2,2,2,2,2,4,5,4,3,2,2,0,0.0,0
Male,Loyal Customer,40,Business travel,Business,644,5,5,5,5,4,4,4,4,4,5,4,5,4,4,0,0.0,1
Female,Loyal Customer,28,Business travel,Business,2568,1,1,1,1,4,4,4,4,2,5,5,3,5,4,0,0.0,1
Female,Loyal Customer,10,Business travel,Business,1521,5,5,5,5,4,4,4,4,4,5,4,5,5,4,0,0.0,1
Female,Loyal Customer,35,Business travel,Business,3950,1,4,4,4,4,3,3,1,1,1,1,4,1,2,0,0.0,0
Female,Loyal Customer,49,Business travel,Business,1735,3,3,3,3,5,4,5,5,5,5,5,5,5,3,3,0.0,1
Male,Loyal Customer,43,Business travel,Eco Plus,692,2,5,5,5,2,2,2,2,2,3,2,2,2,2,85,82.0,0
Female,Loyal Customer,50,Business travel,Eco,769,3,4,4,4,1,3,4,3,3,3,3,4,3,1,0,0.0,0
Female,Loyal Customer,11,Personal Travel,Eco Plus,632,3,1,3,2,4,3,4,4,1,2,2,3,1,4,0,0.0,0
Male,Loyal Customer,40,Business travel,Business,590,1,1,1,1,4,5,5,5,5,5,5,4,5,3,12,9.0,1
Female,Loyal Customer,17,Business travel,Business,3812,2,2,2,2,5,4,5,5,3,3,4,3,4,5,0,0.0,1
Female,Loyal Customer,50,Personal Travel,Eco,2174,5,4,5,3,2,4,5,2,2,5,2,5,2,5,0,0.0,1
Female,Loyal Customer,60,Personal Travel,Eco,1009,2,5,2,3,1,1,1,3,3,2,3,4,3,3,0,1.0,0
Female,Loyal Customer,20,Personal Travel,Eco,472,2,2,2,3,2,5,5,2,4,2,2,5,1,5,121,137.0,0
Female,Loyal Customer,50,Personal Travel,Eco,547,4,5,4,4,1,5,5,5,5,4,5,3,5,1,0,0.0,1
Male,Loyal Customer,44,Business travel,Business,3469,2,2,2,2,5,5,5,4,4,4,4,3,4,4,0,0.0,1
Female,Loyal Customer,50,Business travel,Business,1573,4,4,4,4,5,1,5,4,4,5,4,1,4,5,3,2.0,1
Female,Loyal Customer,80,Business travel,Business,3709,2,5,5,5,1,4,3,2,2,2,2,4,2,4,31,22.0,0
Female,Loyal Customer,52,Business travel,Business,2663,5,5,5,5,5,5,4,3,3,3,3,4,3,3,0,0.0,1
Female,Loyal Customer,60,Business travel,Business,2639,1,1,1,1,2,5,5,5,5,4,5,5,5,3,0,0.0,1
Female,disloyal Customer,27,Business travel,Eco,1056,1,1,1,4,3,1,3,3,4,1,3,4,3,3,0,0.0,0
Female,Loyal Customer,46,Business travel,Eco,290,4,2,2,2,5,3,4,4,4,4,4,1,4,3,0,0.0,1
Female,Loyal Customer,72,Business travel,Business,1671,1,3,3,3,4,2,4,1,1,1,1,1,1,1,4,0.0,0
Female,Loyal Customer,63,Personal Travel,Eco,479,1,5,5,1,5,5,2,4,4,5,4,2,4,5,12,8.0,1
Male,Loyal Customer,44,Business travel,Business,2632,2,2,5,2,5,4,4,3,3,3,3,3,3,3,11,0.0,1
Male,Loyal Customer,39,Personal Travel,Eco Plus,190,1,2,1,3,2,1,2,2,2,5,3,2,4,2,0,0.0,0
Male,Loyal Customer,56,Personal Travel,Eco,1874,2,2,2,3,5,2,5,5,1,4,4,3,3,5,0,0.0,1
Female,Loyal Customer,8,Personal Travel,Eco Plus,190,4,5,4,3,1,4,1,1,5,4,4,4,5,1,0,0.0,0
Female,Loyal Customer,25,Business travel,Eco,689,4,1,1,1,4,4,5,4,5,1,2,2,1,4,0,0.0,1
Male,Loyal Customer,69,Personal Travel,Eco,528,4,5,4,4,5,4,1,5,5,4,5,3,4,5,0,0.0,1
Male,Loyal Customer,56,Personal Travel,Eco,957,1,5,1,3,3,1,3,3,5,2,4,3,5,3,4,0.0,0
Female,Loyal Customer,56,Business travel,Eco Plus,612,3,2,1,1,5,3,2,2,2,3,2,1,2,3,25,41.0,0
Female,Loyal Customer,52,Business travel,Eco Plus,190,5,2,2,2,4,5,4,5,5,5,5,3,5,2,27,23.0,1
Female,Loyal Customer,29,Business travel,Business,873,3,3,3,3,5,5,5,5,5,4,3,2,4,5,0,0.0,1
Male,Loyal Customer,45,Business travel,Eco,972,4,1,1,1,4,4,4,4,2,3,2,5,1,4,9,7.0,1
Male,Loyal Customer,40,Personal Travel,Eco,642,1,4,1,5,3,1,3,3,3,4,2,2,3,3,0,0.0,0
Female,Loyal Customer,36,Personal Travel,Eco,874,2,2,2,3,5,2,5,5,1,4,2,4,4,5,47,76.0,1
Female,Loyal Customer,31,Personal Travel,Eco,1501,2,5,2,1,3,2,2,3,5,5,5,1,4,3,7,0.0,0
Female,Loyal Customer,28,Business travel,Business,3897,4,4,4,4,4,4,4,4,5,4,5,4,5,4,8,0.0,1
Male,disloyal Customer,37,Business travel,Business,762,2,2,2,4,5,2,5,5,1,2,3,1,3,5,18,16.0,1
Male,disloyal Customer,59,Business travel,Eco,460,3,3,3,4,2,3,2,2,3,1,4,4,4,2,54,52.0,0
Male,disloyal Customer,34,Business travel,Business,442,2,2,2,3,2,2,2,2,3,5,5,4,5,2,0,2.0,0
Female,Loyal Customer,45,Business travel,Business,2038,5,5,5,5,5,4,4,4,4,5,4,5,4,4,17,9.0,1
Female,Loyal Customer,21,Business travel,Eco Plus,1598,0,3,0,2,1,0,1,1,4,5,3,3,3,1,0,5.0,0
Female,Loyal Customer,29,Business travel,Business,466,4,4,4,4,4,4,4,4,1,4,1,1,5,4,66,67.0,1
Male,Loyal Customer,40,Business travel,Business,3874,0,0,0,4,3,5,5,4,4,4,3,3,4,5,0,0.0,1
Male,Loyal Customer,21,Personal Travel,Eco,691,2,5,2,3,3,2,3,3,5,4,5,4,4,3,0,3.0,1
Male,Loyal Customer,62,Business travel,Business,404,4,4,4,4,5,5,4,5,5,5,5,5,5,3,0,5.0,1
Female,Loyal Customer,40,Personal Travel,Eco,912,3,5,3,2,1,3,1,1,4,5,4,3,4,1,0,0.0,0
Male,Loyal Customer,33,Personal Travel,Eco,2402,3,1,3,3,2,3,2,2,4,1,4,4,4,2,56,51.0,0
Female,Loyal Customer,33,Business travel,Business,3784,1,1,1,1,3,4,5,4,4,5,4,4,4,5,5,7.0,1
Female,Loyal Customer,9,Personal Travel,Eco Plus,404,3,4,2,2,4,2,4,4,3,5,5,3,5,4,1,0.0,1
Female,disloyal Customer,24,Business travel,Eco,895,4,4,4,1,2,4,2,2,5,2,5,5,5,2,0,0.0,0
Female,Loyal Customer,43,Business travel,Business,313,4,4,4,4,2,5,4,5,5,5,5,3,5,4,0,2.0,1
Female,Loyal Customer,59,Personal Travel,Eco Plus,515,3,4,3,3,5,4,4,5,5,3,5,5,5,4,13,17.0,1
Female,Loyal Customer,39,Business travel,Business,1535,3,3,5,3,5,4,4,5,5,5,5,5,5,5,0,0.0,1
Female,Loyal Customer,24,Personal Travel,Eco,1011,3,1,3,3,5,3,3,5,2,5,4,3,3,5,9,13.0,1
Male,Loyal Customer,15,Personal Travel,Eco,192,1,4,1,4,1,1,1,1,3,4,5,4,4,1,0,3.0,0
Female,Loyal Customer,40,Business travel,Business,1900,4,4,4,4,2,5,4,4,4,4,4,5,4,5,0,13.0,1
Male,Loyal Customer,64,Personal Travel,Eco,304,4,5,4,4,2,4,2,2,2,1,3,3,2,2,0,0.0,0
Male,disloyal Customer,20,Business travel,Eco,89,1,4,1,5,3,1,1,3,5,2,4,4,4,3,0,0.0,0
Female,Loyal Customer,53,Personal Travel,Eco,1810,4,1,4,2,4,3,3,3,3,4,3,2,3,1,1,5.0,0
Male,Loyal Customer,67,Personal Travel,Eco,550,1,4,0,4,2,0,2,2,4,2,3,3,4,2,0,0.0,0
Female,disloyal Customer,32,Business travel,Business,231,4,4,4,3,4,4,2,4,4,2,5,3,4,4,0,0.0,1
Male,Loyal Customer,37,Business travel,Business,323,3,5,5,5,4,4,3,3,3,3,3,4,3,2,8,10.0,0
Male,Loyal Customer,45,Business travel,Business,489,3,5,5,5,2,4,3,3,3,3,3,2,3,1,7,0.0,0
Male,Loyal Customer,26,Business travel,Business,1984,4,4,4,4,4,4,4,4,4,5,3,1,5,4,0,0.0,1
Female,Loyal Customer,32,Business travel,Eco,569,4,4,4,4,4,4,4,4,3,5,5,3,4,4,0,0.0,1
Male,disloyal Customer,44,Business travel,Business,406,5,5,5,1,3,5,5,3,5,3,4,5,4,3,0,0.0,1
Female,Loyal Customer,55,Business travel,Business,3172,2,2,2,2,5,5,4,3,3,4,3,3,3,3,0,0.0,1
Male,Loyal Customer,33,Business travel,Business,2076,1,0,0,3,4,0,4,4,2,3,3,2,4,4,0,0.0,0
Female,Loyal Customer,24,Personal Travel,Eco,787,2,5,2,3,4,2,5,4,4,4,5,4,5,4,9,12.0,1
Male,Loyal Customer,49,Business travel,Business,1440,1,1,1,1,4,5,4,4,4,4,4,4,4,5,0,0.0,1
Female,Loyal Customer,34,Personal Travel,Eco,645,2,5,2,3,3,2,3,3,3,4,4,4,5,3,122,118.0,0
Female,Loyal Customer,49,Business travel,Business,3796,2,2,1,2,5,4,5,5,5,5,5,5,5,5,43,60.0,1
Male,Loyal Customer,43,Business travel,Eco Plus,1192,2,1,1,1,2,2,2,2,1,5,4,2,3,2,0,0.0,0
Male,Loyal Customer,38,Business travel,Eco,363,5,4,4,4,5,5,5,5,4,5,1,2,3,5,0,0.0,1
Male,Loyal Customer,37,Business travel,Business,2463,5,5,5,5,2,4,4,4,4,4,4,3,4,4,0,0.0,1
Male,disloyal Customer,37,Business travel,Business,220,2,3,3,2,2,3,2,2,3,2,5,3,5,2,14,21.0,0
Male,Loyal Customer,59,Business travel,Eco,1096,3,4,4,4,3,3,3,3,2,2,4,3,4,3,0,0.0,0
Female,Loyal Customer,30,Business travel,Business,3022,1,4,4,4,1,1,1,1,4,5,4,3,3,1,0,0.0,0
Female,Loyal Customer,33,Business travel,Business,369,1,1,1,1,5,2,3,3,3,4,3,1,3,4,0,0.0,0
Female,disloyal Customer,27,Business travel,Eco,1123,4,4,4,3,5,4,5,5,4,4,5,2,2,5,8,7.0,1
Female,Loyal Customer,36,Business travel,Business,1121,5,5,5,5,4,5,5,4,4,4,4,5,4,3,0,0.0,1
Female,disloyal Customer,39,Business travel,Eco,446,2,5,2,1,2,2,2,2,3,3,2,4,1,2,4,0.0,0
Male,Loyal Customer,38,Personal Travel,Eco Plus,787,2,3,2,1,2,2,5,2,1,1,4,1,1,2,0,0.0,0
Male,Loyal Customer,23,Business travel,Business,489,4,4,4,4,4,4,4,4,4,5,3,2,3,4,0,0.0,1
Female,Loyal Customer,56,Business travel,Business,1306,4,4,2,4,4,5,4,4,4,4,4,3,4,4,0,0.0,1
Male,Loyal Customer,36,Business travel,Business,449,5,5,5,5,4,4,4,3,2,5,5,4,5,4,163,148.0,1
Female,Loyal Customer,26,Personal Travel,Eco,669,2,3,2,2,5,2,5,5,2,1,3,3,3,5,0,0.0,1
Male,disloyal Customer,27,Business travel,Eco,534,4,4,4,4,4,4,4,4,1,2,4,1,3,4,0,0.0,1
Female,disloyal Customer,30,Business travel,Business,2586,2,3,3,4,1,3,1,1,3,4,5,3,5,1,0,0.0,0
Male,disloyal Customer,42,Business travel,Eco,2329,2,2,2,3,2,2,2,2,1,1,3,3,3,2,0,0.0,0
Male,Loyal Customer,62,Personal Travel,Eco,1009,2,5,2,3,5,2,4,5,3,3,5,3,5,5,28,24.0,1
Male,Loyal Customer,52,Business travel,Business,3561,2,4,4,4,2,4,4,2,2,2,2,4,2,2,0,11.0,0
Male,Loyal Customer,11,Personal Travel,Eco,589,2,5,2,3,2,2,2,2,4,2,5,5,5,2,0,0.0,0
Female,Loyal Customer,35,Business travel,Business,3910,3,3,3,3,3,2,4,4,4,4,4,3,4,4,0,1.0,1
Male,Loyal Customer,56,Personal Travel,Eco,338,2,4,2,2,2,2,2,2,4,3,4,3,5,2,0,0.0,0
Female,Loyal Customer,68,Personal Travel,Eco,667,3,5,3,3,3,4,5,1,1,3,1,3,1,4,0,0.0,0
Male,disloyal Customer,36,Business travel,Business,1727,2,2,2,4,5,2,5,5,3,2,3,4,5,5,0,0.0,1
Female,Loyal Customer,25,Business travel,Eco,1068,2,4,1,4,2,2,2,2,4,2,4,4,4,2,0,19.0,0
Female,Loyal Customer,73,Business travel,Business,349,2,2,3,3,2,3,4,2,2,3,2,4,2,2,5,0.0,0
Male,Loyal Customer,48,Business travel,Business,2072,2,2,2,2,5,3,4,4,4,4,4,4,4,4,4,0.0,1
Male,disloyal Customer,38,Business travel,Business,544,5,5,5,2,4,5,4,4,3,4,5,5,5,4,0,0.0,1
Male,Loyal Customer,53,Business travel,Business,1842,2,3,2,3,1,1,2,2,2,2,2,2,2,2,0,1.0,0
Female,Loyal Customer,38,Personal Travel,Eco,1979,3,5,3,3,3,3,3,3,3,2,5,5,3,3,4,0.0,0
Female,Loyal Customer,35,Business travel,Business,425,1,2,2,2,4,4,3,1,1,2,1,3,1,4,0,0.0,0
Female,disloyal Customer,19,Business travel,Eco,1121,1,1,1,1,5,1,5,5,1,3,4,2,1,5,0,0.0,0
Male,Loyal Customer,60,Personal Travel,Eco Plus,1726,1,4,1,1,1,1,1,1,4,2,5,4,4,1,39,3.0,0
Female,Loyal Customer,38,Personal Travel,Eco,835,3,5,3,3,5,3,5,5,3,2,4,3,5,5,0,0.0,1
Female,disloyal Customer,25,Business travel,Business,592,5,0,4,1,5,4,5,5,3,2,5,5,4,5,0,0.0,1
Male,Loyal Customer,51,Business travel,Business,534,5,5,5,5,5,5,5,4,4,4,4,4,4,3,2,0.0,1
Male,Loyal Customer,47,Business travel,Business,2762,5,5,5,5,2,4,5,4,4,4,4,5,4,1,0,0.0,1
Female,Loyal Customer,43,Business travel,Business,1355,4,4,4,4,5,5,5,3,3,4,3,3,3,5,20,0.0,1
Male,disloyal Customer,50,Business travel,Business,1947,3,3,3,1,1,3,1,1,4,2,3,5,4,1,0,6.0,0
Female,disloyal Customer,32,Business travel,Eco,201,4,4,5,4,3,5,3,3,3,2,4,4,4,3,0,0.0,1
Male,Loyal Customer,34,Business travel,Business,3260,1,1,1,1,5,4,4,5,5,5,5,3,5,5,0,0.0,1
Male,Loyal Customer,45,Business travel,Business,2353,3,3,3,3,5,5,5,4,4,4,4,4,4,3,6,16.0,1
Male,disloyal Customer,18,Business travel,Eco,551,2,4,2,4,4,2,4,4,1,1,4,3,4,4,71,79.0,0
Male,Loyal Customer,58,Personal Travel,Eco,1428,2,2,2,4,1,2,1,1,4,4,4,1,4,1,54,37.0,0
Female,Loyal Customer,51,Personal Travel,Eco,594,2,2,2,1,1,1,2,2,2,2,2,3,2,4,0,0.0,0
Male,Loyal Customer,39,Business travel,Business,2178,4,4,4,4,2,5,4,5,5,5,5,4,5,5,36,39.0,1
Male,disloyal Customer,28,Business travel,Eco,1024,2,2,2,4,5,2,5,5,2,2,4,4,4,5,9,0.0,1
Female,Loyal Customer,47,Business travel,Business,3966,3,3,3,3,2,5,4,4,4,4,4,5,4,5,5,0.0,1
Male,Loyal Customer,58,Personal Travel,Eco,333,2,5,5,2,5,5,5,5,1,2,1,3,1,5,0,0.0,1
Female,Loyal Customer,51,Business travel,Eco,641,3,2,2,2,3,4,3,3,3,3,3,1,3,1,0,11.0,0
Male,Loyal Customer,47,Business travel,Eco,1061,2,1,1,1,2,2,2,2,2,1,3,3,3,2,18,5.0,0
Male,Loyal Customer,15,Personal Travel,Eco,1605,1,5,1,2,3,1,3,3,4,3,5,4,4,3,45,21.0,0
Female,Loyal Customer,46,Business travel,Business,1691,2,2,2,2,2,5,5,4,4,4,4,5,4,5,5,1.0,1
Male,Loyal Customer,39,Business travel,Eco Plus,1215,4,3,3,3,4,4,4,4,1,3,3,3,5,4,1,0.0,1
Male,Loyal Customer,59,Business travel,Business,351,2,2,2,2,2,5,5,5,5,5,5,4,5,3,0,0.0,1
Female,Loyal Customer,64,Business travel,Business,3961,1,1,4,1,3,4,5,4,4,5,4,3,4,3,23,18.0,1
Female,Loyal Customer,52,Business travel,Business,223,1,1,1,1,5,5,5,4,4,4,5,4,4,3,4,0.0,1
Female,Loyal Customer,28,Personal Travel,Eco,240,3,4,3,2,1,3,1,1,5,3,1,3,2,1,0,0.0,0
Male,Loyal Customer,58,Personal Travel,Eco,944,3,3,3,4,2,3,2,2,1,1,4,4,4,2,0,0.0,0
Female,Loyal Customer,58,Business travel,Eco,335,2,3,3,3,1,4,4,2,2,2,2,4,2,3,14,0.0,0
Female,Loyal Customer,35,Business travel,Business,1671,2,2,2,2,5,4,4,5,5,5,5,4,5,5,5,0.0,1
Male,Loyal Customer,40,Business travel,Business,602,5,5,5,5,5,5,4,5,5,5,5,4,5,4,0,0.0,1
Male,Loyal Customer,52,Business travel,Business,802,4,4,4,4,2,5,5,4,4,4,4,3,4,3,0,0.0,1
Female,disloyal Customer,39,Business travel,Business,140,1,1,1,2,4,1,4,4,4,4,5,5,4,4,0,0.0,1
Female,Loyal Customer,26,Personal Travel,Eco,2860,4,4,4,3,1,4,1,1,3,5,4,5,5,1,16,0.0,0
Male,Loyal Customer,52,Business travel,Business,1190,2,4,4,4,1,4,3,2,2,2,2,1,2,4,0,6.0,0
Male,Loyal Customer,29,Business travel,Eco Plus,1069,5,5,5,5,5,5,5,5,2,5,3,3,5,5,42,53.0,1
Male,Loyal Customer,15,Personal Travel,Eco,1448,4,5,4,4,2,4,5,2,5,1,3,5,3,2,0,0.0,0
Female,Loyal Customer,48,Personal Travel,Eco,1947,1,4,1,3,5,2,4,3,3,1,3,1,3,2,11,0.0,0
Female,Loyal Customer,11,Personal Travel,Eco,667,2,5,2,1,2,2,3,2,5,3,4,3,4,2,4,0.0,0
Male,Loyal Customer,32,Business travel,Business,391,5,5,5,5,2,2,2,2,3,3,4,1,1,2,44,30.0,0
Female,Loyal Customer,65,Business travel,Business,2631,3,1,1,1,3,3,3,4,5,1,2,3,1,3,0,0.0,0
Female,Loyal Customer,38,Business travel,Eco Plus,641,3,2,2,2,3,3,3,3,3,5,3,4,3,3,45,33.0,0
Male,Loyal Customer,21,Business travel,Business,545,1,1,3,1,5,5,5,5,2,2,2,4,4,5,0,0.0,1
Male,disloyal Customer,23,Business travel,Eco,927,3,3,3,1,5,3,3,5,3,1,1,2,5,5,0,0.0,1
Female,Loyal Customer,41,Personal Travel,Eco,588,3,3,3,3,4,3,4,4,4,4,3,2,2,4,0,0.0,1
Female,Loyal Customer,18,Personal Travel,Eco,871,1,3,1,2,2,1,2,2,3,4,4,4,5,2,2,0.0,0
Female,Loyal Customer,64,Business travel,Eco Plus,234,4,5,5,5,4,3,4,4,4,4,4,2,4,2,0,0.0,1
Male,Loyal Customer,37,Business travel,Business,1585,4,4,4,4,2,4,3,2,2,2,4,2,2,2,6,49.0,0
Male,Loyal Customer,49,Personal Travel,Eco,645,3,4,3,2,4,3,2,4,4,4,5,4,4,4,61,73.0,1
Female,Loyal Customer,66,Personal Travel,Eco,399,3,3,3,2,4,1,3,3,3,3,3,2,3,2,0,0.0,0
Male,disloyal Customer,23,Business travel,Eco,554,1,2,2,4,5,2,5,5,3,5,3,1,4,5,0,0.0,1
Male,Loyal Customer,47,Business travel,Business,3836,0,4,0,4,5,4,4,5,5,5,5,5,5,3,0,7.0,1
Male,Loyal Customer,38,Business travel,Eco Plus,406,2,3,3,3,2,2,2,2,4,1,3,2,3,2,12,34.0,0
Female,Loyal Customer,49,Business travel,Business,975,3,3,3,3,4,4,3,5,5,5,5,2,5,1,0,3.0,1
Female,Loyal Customer,41,Business travel,Eco Plus,1448,5,4,4,4,1,3,4,5,5,5,5,1,5,2,0,0.0,1
Male,Loyal Customer,69,Personal Travel,Eco,106,1,5,1,3,2,1,2,2,4,3,4,4,5,2,69,73.0,0
Male,Loyal Customer,42,Business travel,Business,2583,4,4,4,4,2,4,4,4,4,4,4,4,4,5,0,0.0,1
Female,disloyal Customer,37,Business travel,Business,491,4,4,4,2,2,4,2,2,4,4,4,3,5,2,1,13.0,0
Male,Loyal Customer,30,Business travel,Business,1449,1,1,1,1,4,4,4,4,5,4,4,3,5,4,2,0.0,1
Female,Loyal Customer,48,Personal Travel,Eco,948,4,4,4,3,2,4,4,3,3,4,3,1,3,4,3,0.0,0
Female,Loyal Customer,28,Personal Travel,Eco,2370,4,5,4,3,3,4,3,3,5,4,4,5,4,3,3,0.0,1
Female,Loyal Customer,27,Business travel,Business,1990,1,1,1,1,4,4,4,4,4,2,5,3,4,4,2,13.0,1
Female,Loyal Customer,47,Personal Travel,Eco,590,3,5,3,3,4,4,4,2,2,3,2,3,2,3,0,3.0,0
Male,Loyal Customer,55,Business travel,Business,2134,3,3,3,3,5,4,5,5,5,5,5,3,5,5,30,24.0,1
Female,Loyal Customer,70,Personal Travel,Eco,306,2,4,2,5,1,3,1,1,1,2,1,3,1,5,5,0.0,0
Male,Loyal Customer,48,Business travel,Eco,912,3,2,2,2,3,3,3,3,4,1,3,1,2,3,19,7.0,0
Female,Loyal Customer,61,Personal Travel,Eco Plus,1554,2,2,2,3,2,4,3,5,5,2,5,3,5,1,0,2.0,1
Female,Loyal Customer,52,Business travel,Eco,299,4,3,3,3,2,2,2,4,4,4,4,2,4,4,6,5.0,0
Female,disloyal Customer,30,Business travel,Eco,1239,3,3,3,2,2,3,2,2,1,4,1,2,1,2,0,21.0,0
Male,Loyal Customer,58,Business travel,Business,1650,3,3,3,3,4,5,4,5,5,5,5,3,5,5,0,0.0,1
Female,Loyal Customer,68,Personal Travel,Eco,1041,2,4,2,1,2,5,5,1,1,2,1,4,1,3,33,33.0,0
Male,disloyal Customer,44,Business travel,Business,391,2,1,1,5,4,2,4,4,4,3,5,5,4,4,1,0.0,1
Male,disloyal Customer,25,Business travel,Eco,563,2,3,3,5,3,3,3,3,4,1,5,2,1,3,55,52.0,0
Female,disloyal Customer,45,Business travel,Eco,347,1,0,1,4,3,1,4,3,2,4,2,2,1,3,0,9.0,0
Female,Loyal Customer,53,Business travel,Business,216,5,5,4,5,3,3,3,4,4,4,4,1,4,2,13,24.0,1
Female,Loyal Customer,26,Business travel,Business,2351,1,1,5,1,4,4,4,4,1,1,4,3,4,4,30,0.0,1
Male,Loyal Customer,36,Business travel,Eco,426,1,3,3,3,1,1,1,1,1,5,4,3,4,1,31,51.0,0
Male,Loyal Customer,52,Business travel,Business,762,3,4,4,4,5,4,3,3,3,3,3,1,3,4,1,0.0,1
Male,Loyal Customer,29,Business travel,Eco Plus,955,4,2,2,2,4,4,4,4,3,2,3,2,1,4,0,1.0,0
Female,disloyal Customer,39,Business travel,Business,552,3,3,3,5,3,3,4,3,3,5,5,3,5,3,0,0.0,1
Male,Loyal Customer,39,Business travel,Business,647,4,4,4,4,2,5,4,3,3,3,3,4,3,3,3,2.0,1
Female,Loyal Customer,42,Business travel,Business,3874,4,4,4,4,3,2,2,5,5,5,5,1,5,2,0,0.0,1
Female,Loyal Customer,27,Business travel,Business,3875,0,5,0,1,5,2,2,5,3,4,4,2,3,5,60,47.0,1
Female,disloyal Customer,47,Business travel,Eco,56,3,3,3,3,1,3,1,1,3,4,3,1,3,1,36,26.0,0
Male,Loyal Customer,32,Personal Travel,Eco,651,2,2,2,2,5,2,5,5,1,3,3,3,3,5,0,0.0,1
Female,disloyal Customer,31,Business travel,Eco,1023,2,2,2,4,3,2,3,3,2,1,4,2,3,3,0,0.0,0
Male,disloyal Customer,23,Business travel,Business,967,4,0,5,1,2,5,2,2,4,4,5,4,4,2,5,2.0,0
Male,Loyal Customer,22,Personal Travel,Eco,507,3,3,2,3,2,2,2,2,2,5,3,4,3,2,0,4.0,0
Male,Loyal Customer,51,Business travel,Business,910,3,3,4,3,2,5,4,5,5,5,5,5,5,3,0,0.0,1
Male,disloyal Customer,24,Business travel,Business,282,4,5,4,3,1,4,1,1,5,5,4,3,4,1,0,0.0,0
Male,Loyal Customer,25,Business travel,Business,3549,1,1,1,1,5,5,5,5,5,4,4,3,5,5,0,26.0,1
Male,Loyal Customer,31,Personal Travel,Business,984,3,3,3,3,2,3,5,2,5,1,5,2,2,2,0,0.0,0
Male,Loyal Customer,57,Business travel,Business,1534,1,1,1,1,4,5,4,4,4,4,4,4,4,4,0,1.0,1
Female,Loyal Customer,47,Business travel,Business,1967,3,3,5,3,3,5,5,5,5,5,5,4,5,4,81,89.0,1
Male,Loyal Customer,52,Business travel,Business,2402,5,5,5,5,5,4,1,4,4,4,4,5,4,3,0,9.0,1
Male,Loyal Customer,52,Personal Travel,Eco,853,2,4,2,1,5,2,5,5,5,5,4,4,4,5,13,7.0,1
Female,Loyal Customer,47,Personal Travel,Eco,300,2,4,2,3,2,4,4,2,2,2,2,5,2,5,29,24.0,0
Male,disloyal Customer,26,Business travel,Business,980,4,4,4,3,5,4,4,5,5,2,4,4,4,5,0,0.0,1
Female,Loyal Customer,40,Business travel,Business,1797,2,2,2,2,5,4,5,4,4,4,4,5,4,4,5,6.0,1
Female,Loyal Customer,52,Business travel,Business,1733,1,1,1,1,3,3,5,5,5,5,5,4,5,4,22,17.0,1
Female,Loyal Customer,34,Personal Travel,Eco,151,3,4,0,1,3,0,2,3,5,3,5,3,4,3,0,0.0,0
Female,Loyal Customer,39,Business travel,Business,1035,2,2,2,2,5,4,4,5,5,5,5,5,5,5,0,0.0,1
Female,disloyal Customer,38,Business travel,Eco Plus,987,3,2,2,2,3,2,3,3,3,5,5,4,3,3,0,0.0,0
Female,Loyal Customer,16,Business travel,Eco Plus,1027,5,3,3,3,5,4,1,5,4,2,3,2,2,5,34,46.0,1
Male,Loyal Customer,47,Business travel,Business,1390,4,4,4,4,5,5,4,4,4,4,4,5,4,4,26,5.0,1
Female,Loyal Customer,42,Business travel,Business,3818,1,1,1,1,2,2,3,4,4,4,4,2,4,5,0,0.0,1
Female,Loyal Customer,43,Business travel,Business,3582,1,1,1,1,4,5,5,4,4,4,4,5,4,2,0,0.0,1
Female,Loyal Customer,72,Business travel,Business,2072,4,4,2,4,2,3,5,4,4,5,4,4,4,4,2,9.0,1
Male,Loyal Customer,23,Business travel,Business,1182,1,1,1,1,2,2,2,2,5,3,5,5,5,2,5,0.0,0
Male,Loyal Customer,53,Business travel,Business,328,0,0,0,3,4,5,5,2,2,2,2,5,2,4,0,0.0,0
Male,disloyal Customer,24,Business travel,Eco,495,1,3,1,4,2,1,2,2,3,2,4,2,4,2,0,56.0,0
Female,disloyal Customer,21,Business travel,Eco,1155,2,3,3,4,3,3,3,4,4,4,1,3,2,3,0,0.0,0
Female,Loyal Customer,60,Business travel,Business,2679,3,3,3,3,4,5,5,3,3,3,3,3,3,5,6,0.0,1
Male,Loyal Customer,9,Personal Travel,Eco,515,3,4,3,4,5,3,5,5,4,3,4,4,5,5,0,0.0,1
Female,Loyal Customer,37,Business travel,Business,1993,2,2,2,2,2,5,5,4,4,4,4,4,4,4,14,14.0,1
Female,disloyal Customer,24,Business travel,Business,936,5,2,5,2,2,5,2,2,3,3,4,5,5,2,0,0.0,0
Female,Loyal Customer,43,Business travel,Business,919,4,4,4,4,5,4,5,5,5,5,5,3,5,5,22,17.0,1
Male,Loyal Customer,27,Business travel,Eco Plus,391,5,4,4,4,5,5,5,5,4,4,5,4,4,5,0,1.0,1
Female,Loyal Customer,15,Personal Travel,Eco,675,0,4,0,1,1,0,1,1,4,4,5,5,5,1,0,0.0,0
Female,disloyal Customer,25,Business travel,Business,925,5,3,5,1,2,5,2,2,3,4,5,4,5,2,0,0.0,1
Male,disloyal Customer,19,Business travel,Eco,2065,3,3,3,4,4,3,4,4,3,2,3,3,4,4,4,11.0,1
Female,disloyal Customer,36,Business travel,Eco,451,2,4,2,3,2,2,2,2,2,1,3,2,4,2,0,0.0,0
Female,Loyal Customer,65,Business travel,Eco,196,1,5,5,5,2,2,2,1,1,1,1,3,1,3,0,12.0,0
Male,Loyal Customer,44,Personal Travel,Eco,841,3,4,3,4,4,3,4,4,3,2,4,2,4,4,0,3.0,1
Female,Loyal Customer,44,Business travel,Business,862,2,5,5,5,3,4,4,2,2,1,2,2,2,3,0,44.0,0
Female,Loyal Customer,21,Business travel,Business,1005,2,1,1,1,2,2,2,2,3,1,4,1,3,2,18,16.0,0
Male,Loyal Customer,55,Business travel,Business,328,2,2,2,2,2,4,4,4,4,4,4,3,4,3,0,0.0,1
Female,Loyal Customer,16,Business travel,Business,1771,1,1,5,1,1,1,1,1,3,4,4,4,4,1,0,15.0,0
Female,disloyal Customer,39,Business travel,Business,868,3,4,4,5,2,4,2,2,5,4,4,3,4,2,0,2.0,0
Male,Loyal Customer,57,Business travel,Business,3109,3,3,3,3,5,4,5,4,4,4,4,5,4,3,0,0.0,1
Female,Loyal Customer,40,Business travel,Business,2106,1,1,1,1,2,5,5,4,4,4,4,4,4,4,7,20.0,1
Male,Loyal Customer,34,Personal Travel,Eco Plus,502,2,5,2,1,1,2,1,1,4,2,4,3,5,1,0,0.0,0
Male,Loyal Customer,40,Personal Travel,Eco,888,3,5,3,5,2,3,2,2,4,3,5,4,5,2,0,17.0,0
Female,Loyal Customer,17,Personal Travel,Eco,1167,1,5,1,2,3,1,3,3,5,2,5,4,4,3,0,0.0,0
Male,Loyal Customer,42,Business travel,Eco,313,4,5,5,5,4,4,4,4,1,3,4,1,3,4,3,7.0,1
Female,disloyal Customer,29,Business travel,Business,1205,4,4,4,2,3,4,3,3,3,3,4,3,4,3,0,0.0,1
Female,Loyal Customer,49,Business travel,Business,264,3,3,3,3,3,4,5,5,5,5,5,5,5,4,0,0.0,1
Male,disloyal Customer,39,Business travel,Business,859,5,4,4,4,2,4,2,2,5,2,5,5,4,2,0,0.0,0
Female,Loyal Customer,46,Business travel,Eco Plus,448,2,3,3,3,2,5,4,1,1,2,1,5,1,5,0,0.0,0
Male,disloyal Customer,28,Business travel,Business,2342,3,3,3,4,3,3,3,3,3,5,5,4,4,3,0,0.0,1
Female,Loyal Customer,50,Business travel,Business,3221,5,5,5,5,3,4,5,4,4,4,4,3,4,5,0,17.0,1
Male,Loyal Customer,41,Business travel,Business,780,1,1,1,1,1,4,3,5,5,5,5,1,5,4,0,0.0,1
Male,disloyal Customer,20,Business travel,Eco,337,2,0,2,5,3,2,3,3,4,4,4,3,4,3,12,0.0,0
Female,Loyal Customer,48,Business travel,Business,3924,3,3,3,3,3,5,5,5,5,5,5,5,5,3,61,45.0,1
Male,Loyal Customer,22,Business travel,Eco Plus,669,2,1,1,1,2,2,4,2,1,3,4,3,3,2,0,0.0,0
Female,Loyal Customer,63,Personal Travel,Eco,606,4,3,4,4,1,1,2,2,2,4,2,1,2,4,0,0.0,0
Female,Loyal Customer,25,Personal Travel,Eco,1810,1,4,1,4,4,1,1,4,4,5,4,3,5,4,0,0.0,0
Male,Loyal Customer,13,Personal Travel,Eco,386,2,4,5,4,2,5,2,2,3,2,5,4,5,2,0,0.0,0
Male,Loyal Customer,73,Business travel,Eco,1204,4,5,5,5,4,4,4,4,3,3,3,4,3,4,2,1.0,1
Male,Loyal Customer,20,Personal Travel,Eco,849,3,4,3,3,2,3,2,2,3,2,4,3,5,2,0,1.0,0
Female,Loyal Customer,53,Business travel,Business,229,5,3,4,3,3,3,3,5,5,4,5,1,5,1,6,0.0,1
Female,disloyal Customer,22,Business travel,Eco,912,3,3,3,4,3,3,3,3,1,2,4,2,4,3,0,0.0,0
Male,Loyal Customer,55,Business travel,Business,1611,3,3,3,3,5,5,5,5,5,5,5,5,5,4,0,0.0,1
Female,disloyal Customer,23,Business travel,Eco,197,0,4,0,2,5,0,5,5,5,5,5,5,5,5,4,1.0,1
Male,disloyal Customer,20,Business travel,Business,1121,2,1,2,4,4,2,4,4,4,5,3,2,3,4,0,7.0,1
Male,Loyal Customer,39,Business travel,Eco,255,3,5,5,5,3,3,3,3,4,3,3,4,3,3,0,0.0,0
Male,Loyal Customer,24,Business travel,Business,1954,1,1,1,1,4,4,4,4,4,4,5,5,5,4,58,54.0,1
Female,Loyal Customer,50,Business travel,Business,3737,2,2,2,2,5,4,4,2,2,2,2,3,2,5,35,25.0,0
Female,Loyal Customer,54,Personal Travel,Eco,1053,2,4,2,2,5,5,4,5,5,2,5,3,5,4,0,0.0,1
Male,Loyal Customer,56,Business travel,Eco,236,3,3,3,3,3,3,3,3,4,4,3,1,3,3,0,0.0,0
Male,Loyal Customer,17,Personal Travel,Eco,187,2,5,2,1,2,2,2,2,3,2,5,4,5,2,0,0.0,0
Male,Loyal Customer,52,Personal Travel,Eco,2402,3,4,3,3,2,3,4,2,5,3,5,3,5,2,36,17.0,1
Male,disloyal Customer,27,Business travel,Eco,247,1,0,1,3,5,1,5,5,2,1,1,5,3,5,0,0.0,0
Male,disloyal Customer,57,Business travel,Business,227,5,5,5,4,2,5,2,2,5,5,4,4,4,2,0,0.0,1
Male,disloyal Customer,29,Business travel,Eco,900,2,2,2,1,1,2,1,1,4,4,4,3,1,1,0,0.0,0
Female,Loyal Customer,34,Business travel,Eco,569,1,5,5,5,1,1,1,1,3,2,3,2,4,1,7,0.0,0
Female,disloyal Customer,25,Business travel,Eco Plus,544,4,4,5,3,5,5,5,5,3,2,4,2,3,5,24,84.0,1
Male,Loyal Customer,41,Business travel,Business,1571,3,3,3,3,3,4,4,4,4,4,4,4,4,4,0,0.0,1
Male,Loyal Customer,55,Business travel,Business,3130,2,3,3,3,1,2,1,3,1,4,3,1,4,1,204,208.0,0
Male,Loyal Customer,40,Business travel,Business,2246,5,5,5,5,3,5,5,5,5,5,5,5,5,4,0,0.0,1
Male,Loyal Customer,60,Business travel,Eco,510,3,2,2,2,4,3,4,4,2,5,4,1,3,4,0,0.0,1
Male,Loyal Customer,28,Personal Travel,Eco,210,1,4,1,4,4,1,4,4,3,1,3,1,4,4,6,1.0,0
Male,Loyal Customer,47,Personal Travel,Eco,679,1,4,1,2,2,1,2,2,5,3,4,5,5,2,0,0.0,0
Female,Loyal Customer,58,Business travel,Business,197,1,2,2,2,5,4,4,2,2,2,1,1,2,4,35,25.0,0
Female,Loyal Customer,58,Personal Travel,Eco,542,1,4,1,5,3,5,3,1,1,1,3,1,1,1,5,0.0,0
Male,Loyal Customer,43,Business travel,Business,2419,1,1,1,1,5,5,5,3,5,5,4,5,4,5,304,288.0,1
Female,Loyal Customer,10,Personal Travel,Eco,1372,4,4,4,1,3,4,2,3,4,3,3,3,5,3,0,2.0,0
Male,Loyal Customer,27,Personal Travel,Eco,784,4,4,4,3,1,4,1,1,5,3,5,3,4,1,19,8.0,0
Female,Loyal Customer,57,Business travel,Business,1947,5,5,5,5,4,5,4,5,5,5,5,3,5,5,59,53.0,1
Male,Loyal Customer,33,Business travel,Eco Plus,1024,0,0,0,2,5,0,5,5,5,2,4,5,1,5,0,0.0,1
Female,Loyal Customer,32,Personal Travel,Eco,611,1,2,1,3,3,1,3,3,3,4,3,2,3,3,6,1.0,0
Female,Loyal Customer,17,Personal Travel,Eco,404,3,4,3,3,5,3,5,5,5,3,4,3,4,5,4,0.0,1
Male,Loyal Customer,60,Personal Travel,Eco,1041,5,5,5,3,3,5,3,3,5,2,5,3,5,3,0,0.0,1
Male,Loyal Customer,59,Business travel,Business,2698,5,5,5,5,4,1,5,5,5,5,5,3,5,2,0,0.0,1
Male,disloyal Customer,24,Business travel,Business,991,4,5,4,4,2,4,2,2,4,5,4,5,5,2,49,41.0,1
Female,Loyal Customer,36,Business travel,Business,3500,5,5,3,5,4,3,3,5,5,5,5,4,5,5,0,0.0,1
Male,Loyal Customer,30,Business travel,Business,752,4,4,4,4,3,3,3,3,1,4,2,5,2,3,14,1.0,0
Female,Loyal Customer,41,Business travel,Business,1598,1,1,1,1,4,3,5,5,5,5,5,5,5,4,0,0.0,1
Male,Loyal Customer,36,Personal Travel,Eco,733,4,5,4,4,1,4,1,1,5,5,1,5,3,1,0,5.0,0
Male,Loyal Customer,44,Business travel,Business,2042,3,3,3,3,4,4,4,5,5,5,4,3,5,4,0,0.0,1
Female,Loyal Customer,58,Business travel,Business,304,5,5,3,5,2,3,4,4,4,4,4,4,4,3,0,0.0,1
Male,Loyal Customer,50,Business travel,Business,1555,0,4,0,2,3,4,5,5,5,5,5,4,5,3,2,0.0,1
Male,Loyal Customer,48,Personal Travel,Eco,583,4,4,4,2,3,4,3,3,5,1,5,3,4,3,49,51.0,1
Female,Loyal Customer,28,Personal Travel,Eco,2454,3,2,3,3,3,5,5,1,3,3,4,5,1,5,98,70.0,1
Female,Loyal Customer,31,Business travel,Eco,1598,3,1,4,4,3,4,3,3,1,5,3,1,2,3,19,2.0,0
Male,Loyal Customer,36,Business travel,Business,1024,2,2,2,2,4,4,5,4,4,4,4,3,4,3,7,0.0,1
Female,Loyal Customer,44,Business travel,Business,2484,5,5,5,5,2,4,5,5,5,5,5,3,5,3,0,0.0,1
Female,Loyal Customer,57,Business travel,Business,164,3,4,4,4,3,4,3,2,2,2,3,3,2,4,25,23.0,0
Male,Loyal Customer,55,Business travel,Business,1576,5,5,5,5,5,4,5,4,4,4,4,5,4,5,8,0.0,1
Female,Loyal Customer,48,Business travel,Business,192,2,2,2,2,2,2,2,4,4,4,5,2,4,2,0,0.0,0
Male,Loyal Customer,60,Business travel,Business,1751,5,1,5,5,3,3,4,4,4,4,4,5,4,3,0,0.0,1
Male,Loyal Customer,47,Personal Travel,Eco,937,1,4,1,1,5,1,5,5,5,5,5,4,4,5,0,0.0,1
Female,Loyal Customer,28,Business travel,Business,867,3,3,1,1,3,3,3,3,3,3,3,2,4,3,0,0.0,0
Female,disloyal Customer,30,Business travel,Business,1546,0,0,0,2,2,0,2,2,4,5,5,4,5,2,3,31.0,0
Female,disloyal Customer,39,Business travel,Business,280,3,3,3,4,3,3,3,3,4,4,3,2,3,3,0,0.0,0
Female,Loyal Customer,45,Business travel,Business,1943,4,4,2,4,4,5,2,5,5,5,5,3,5,3,0,6.0,1
Male,disloyal Customer,18,Business travel,Eco,101,1,0,1,3,2,1,3,2,2,2,5,5,1,2,0,0.0,0
Female,Loyal Customer,23,Business travel,Eco Plus,378,4,4,4,4,4,4,5,4,1,1,4,1,3,4,2,0.0,1
Male,Loyal Customer,52,Business travel,Eco,334,3,4,4,4,3,3,3,3,4,1,3,2,4,3,98,91.0,0
Female,Loyal Customer,27,Business travel,Business,2172,2,2,2,2,2,2,2,2,4,2,4,3,4,2,0,0.0,0
Male,Loyal Customer,58,Business travel,Business,3957,0,0,0,2,2,4,5,5,5,5,5,4,5,4,0,0.0,1
Male,disloyal Customer,35,Business travel,Business,1635,4,4,4,5,3,4,3,3,3,3,5,3,4,3,26,25.0,1
Female,Loyal Customer,61,Personal Travel,Business,936,4,5,4,2,1,4,1,3,3,4,3,1,3,2,3,0.0,0
Male,disloyal Customer,33,Business travel,Business,322,3,3,3,3,3,3,3,3,4,5,5,3,5,3,57,87.0,1
Female,Loyal Customer,33,Personal Travel,Eco,542,4,5,4,2,4,4,4,4,3,5,4,4,4,4,9,0.0,1
Male,Loyal Customer,51,Business travel,Business,1520,2,2,1,2,2,2,2,4,2,4,4,2,4,2,127,162.0,0
Male,Loyal Customer,49,Business travel,Eco Plus,195,4,3,3,3,4,4,4,4,1,1,3,1,1,4,0,0.0,0
Male,Loyal Customer,46,Business travel,Business,2086,1,1,1,1,2,4,4,5,5,4,5,3,5,3,0,0.0,1
Female,Loyal Customer,52,Business travel,Business,3004,1,1,1,1,3,5,5,3,3,4,3,3,3,4,23,22.0,1
Male,Loyal Customer,45,Business travel,Business,151,2,3,2,2,2,4,1,4,4,4,3,2,4,1,0,1.0,0
Female,Loyal Customer,62,Personal Travel,Eco,764,4,4,4,5,3,5,4,3,3,4,3,3,3,4,20,22.0,1
Female,Loyal Customer,43,Business travel,Business,1983,0,0,0,3,5,4,4,1,1,1,1,5,1,4,3,0.0,0
Male,disloyal Customer,19,Business travel,Eco,153,2,2,2,3,5,2,5,5,4,1,3,1,3,5,76,79.0,1
Male,Loyal Customer,39,Business travel,Business,2481,2,2,2,2,4,5,5,5,5,5,5,3,5,4,15,0.0,1
Male,disloyal Customer,27,Business travel,Business,1372,4,4,4,3,2,4,2,2,4,5,5,3,5,2,60,22.0,0
Male,Loyal Customer,39,Business travel,Eco,325,2,1,2,1,2,2,2,2,2,4,3,1,3,2,0,1.0,0
Male,disloyal Customer,25,Business travel,Business,667,3,0,3,3,1,3,1,1,5,4,5,4,4,1,0,0.0,0
Male,disloyal Customer,22,Business travel,Eco,551,2,4,2,2,3,2,3,3,1,1,4,2,5,3,0,0.0,0
Female,disloyal Customer,26,Business travel,Business,1310,4,3,3,1,2,3,2,2,4,5,5,4,5,2,0,6.0,0
Male,Loyal Customer,40,Business travel,Business,216,1,1,1,1,5,4,3,1,1,1,1,4,1,2,0,0.0,0
Male,Loyal Customer,32,Personal Travel,Eco,190,3,5,3,3,5,3,1,5,3,5,5,4,5,5,10,13.0,1
Female,Loyal Customer,40,Business travel,Eco,73,1,1,1,1,1,1,1,1,4,1,4,3,3,1,1,24.0,0
Male,Loyal Customer,47,Business travel,Business,2565,4,2,4,4,4,4,4,4,1,4,4,4,4,4,0,0.0,1
Female,Loyal Customer,30,Business travel,Business,602,3,3,3,3,5,5,5,5,5,2,3,2,2,5,0,3.0,1
Female,disloyal Customer,39,Business travel,Eco,611,2,0,2,1,4,2,4,4,1,2,1,1,4,4,0,0.0,0
Female,Loyal Customer,22,Personal Travel,Business,946,1,5,1,2,3,1,5,3,1,4,1,5,1,3,0,0.0,0
Male,Loyal Customer,32,Business travel,Business,3183,4,4,4,4,3,4,3,3,4,5,5,5,5,3,0,0.0,1
Male,Loyal Customer,24,Business travel,Eco,493,2,1,5,1,2,2,1,2,3,3,3,2,4,2,19,15.0,0
Female,Loyal Customer,45,Business travel,Business,2442,0,0,0,4,4,5,1,4,4,4,4,2,4,4,0,4.0,1
Male,Loyal Customer,36,Business travel,Business,2136,2,5,5,5,4,4,3,2,2,2,2,4,2,4,0,0.0,0
Female,disloyal Customer,26,Business travel,Business,337,0,5,0,4,5,0,5,5,5,5,5,5,5,5,16,14.0,1
Male,Loyal Customer,55,Personal Travel,Eco,432,2,4,2,1,4,2,4,4,3,5,5,4,4,4,0,0.0,1
Male,Loyal Customer,49,Business travel,Business,3642,4,3,4,3,4,3,2,4,4,4,4,2,4,3,0,0.0,1
Female,disloyal Customer,10,Business travel,Eco Plus,787,1,2,1,3,4,1,4,4,2,2,3,3,4,4,1,13.0,0
Male,disloyal Customer,40,Business travel,Business,557,1,0,0,3,4,0,4,4,4,5,5,3,4,4,1,5.0,1
Female,Loyal Customer,44,Business travel,Business,3922,1,1,2,1,2,5,5,3,3,4,3,3,3,3,0,0.0,1
Male,disloyal Customer,41,Business travel,Eco,641,2,0,2,4,2,2,5,2,2,1,5,4,5,2,0,0.0,0
Female,disloyal Customer,42,Business travel,Eco,2465,3,3,3,4,2,3,5,2,3,1,3,4,2,2,0,0.0,0
Male,disloyal Customer,37,Business travel,Business,1173,3,3,3,1,2,3,2,2,4,5,4,4,4,2,12,53.0,0
Male,Loyal Customer,51,Personal Travel,Eco,333,2,5,4,5,2,4,2,2,3,3,5,3,4,2,20,19.0,0
Female,Loyal Customer,42,Business travel,Business,237,4,4,3,4,2,4,5,4,4,4,4,4,4,4,11,2.0,1
Male,disloyal Customer,24,Business travel,Eco,1211,5,5,5,2,5,5,5,5,5,4,4,4,4,5,79,81.0,1
Male,Loyal Customer,33,Business travel,Eco,483,4,4,4,4,4,4,4,4,3,1,3,4,5,4,313,336.0,1
Female,Loyal Customer,27,Personal Travel,Eco,373,2,1,5,2,4,5,3,4,1,5,2,2,3,4,57,57.0,0
Male,Loyal Customer,59,Business travel,Business,2130,3,3,5,3,2,5,4,2,2,2,2,4,2,3,0,0.0,0
Male,disloyal Customer,42,Business travel,Business,864,4,4,4,4,4,4,4,4,3,4,4,3,5,4,78,71.0,1
Male,Loyal Customer,22,Business travel,Business,387,2,5,5,5,2,3,2,2,1,4,3,4,3,2,22,36.0,0
Male,Loyal Customer,53,Business travel,Business,630,2,2,2,2,2,2,2,4,3,5,4,2,5,2,203,185.0,0
Female,Loyal Customer,64,Business travel,Business,3346,4,4,4,4,1,3,3,3,3,3,4,3,3,2,0,0.0,0
Female,Loyal Customer,19,Business travel,Business,2475,4,4,4,4,4,4,4,4,5,4,1,3,4,4,0,0.0,1
Male,Loyal Customer,30,Business travel,Business,604,1,1,1,1,1,1,1,1,4,1,3,1,4,1,0,7.0,0
Female,Loyal Customer,45,Business travel,Business,2236,2,1,1,1,5,2,3,2,2,2,2,2,2,2,84,0.0,0
Female,disloyal Customer,39,Business travel,Business,414,4,4,4,4,2,4,2,2,5,4,4,3,4,2,0,0.0,0
Male,Loyal Customer,64,Personal Travel,Eco Plus,141,3,5,3,2,5,3,5,5,3,4,5,3,1,5,33,27.0,1
Male,Loyal Customer,29,Business travel,Business,612,4,4,4,4,5,5,5,5,3,3,4,5,5,5,17,19.0,1
Male,Loyal Customer,12,Personal Travel,Eco,588,2,1,2,4,5,2,5,5,4,1,3,3,4,5,5,34.0,1
Male,Loyal Customer,54,Business travel,Eco,305,4,1,1,1,4,4,4,4,5,4,2,2,4,4,0,0.0,1
Female,disloyal Customer,50,Business travel,Eco,216,4,0,4,4,4,4,4,4,5,2,1,4,4,4,0,0.0,1
Female,disloyal Customer,21,Business travel,Business,650,0,0,1,3,1,1,1,1,5,5,5,4,5,1,3,2.0,0
Female,disloyal Customer,12,Personal Travel,Eco,868,3,3,3,2,1,3,1,1,2,4,1,3,4,1,0,3.0,0
Male,Loyal Customer,29,Business travel,Business,549,5,5,5,5,5,5,5,5,4,4,4,4,4,5,0,0.0,1
Female,Loyal Customer,35,Personal Travel,Eco,432,3,5,3,2,4,3,4,4,3,5,4,4,4,4,0,0.0,1
Male,Loyal Customer,29,Business travel,Business,636,2,2,2,2,5,5,5,5,3,2,5,2,1,5,0,0.0,1
Female,Loyal Customer,23,Business travel,Eco,378,5,4,4,4,5,5,4,5,4,2,4,3,5,5,0,0.0,1
Male,Loyal Customer,10,Personal Travel,Eco,802,4,4,4,4,4,4,5,4,3,2,4,4,5,4,0,0.0,1
Male,disloyal Customer,26,Business travel,Business,366,4,4,4,1,4,4,2,4,3,4,4,3,5,4,4,0.0,1
Male,Loyal Customer,41,Personal Travel,Eco,599,3,1,3,1,4,3,4,4,3,5,2,4,2,4,0,0.0,1
Male,Loyal Customer,7,Personal Travel,Eco,1916,4,5,4,3,3,4,3,3,3,2,4,4,4,3,0,2.0,1
Male,Loyal Customer,45,Business travel,Eco,842,1,5,5,5,1,1,1,1,3,1,3,4,2,1,0,0.0,0
Male,Loyal Customer,45,Business travel,Business,1008,5,5,5,5,1,4,2,4,4,4,4,2,4,3,1,1.0,1
Female,Loyal Customer,52,Business travel,Business,991,3,3,3,3,5,4,5,3,3,3,3,4,3,4,0,0.0,1
Female,Loyal Customer,45,Personal Travel,Eco,666,0,2,0,3,1,2,3,3,3,0,3,1,3,2,3,1.0,0
Female,Loyal Customer,38,Personal Travel,Eco,197,2,5,2,1,2,2,2,2,5,3,4,3,4,2,12,18.0,0
Female,disloyal Customer,16,Business travel,Eco,1744,1,1,1,4,4,1,4,4,3,2,4,3,3,4,0,0.0,0
Female,Loyal Customer,25,Business travel,Business,628,2,2,2,2,4,5,4,4,3,2,4,4,5,4,17,14.0,1
Female,Loyal Customer,33,Business travel,Business,2275,2,3,3,3,4,3,4,2,2,2,2,1,2,1,14,7.0,0
Female,Loyal Customer,48,Business travel,Business,2701,4,4,4,4,5,4,5,5,5,5,5,1,5,1,5,0.0,1
Female,Loyal Customer,42,Business travel,Business,3670,2,1,1,1,4,3,4,2,2,2,2,3,2,3,0,9.0,0
Male,Loyal Customer,41,Business travel,Business,2625,5,5,5,5,3,5,5,4,4,4,4,5,4,5,15,9.0,1
Female,Loyal Customer,40,Business travel,Business,312,0,0,0,1,4,4,5,1,1,1,1,4,1,5,0,0.0,0
Female,disloyal Customer,38,Business travel,Business,404,4,4,4,1,2,4,2,2,5,3,5,3,4,2,3,0.0,0
Male,Loyal Customer,28,Business travel,Business,910,2,2,3,2,5,5,5,5,3,2,4,4,4,5,0,0.0,1
Female,Loyal Customer,50,Personal Travel,Business,395,2,1,2,4,3,4,3,3,3,2,3,2,3,3,2,0.0,0
Female,Loyal Customer,59,Business travel,Business,2864,3,3,3,3,5,2,3,3,3,3,3,1,3,1,9,19.0,0
Male,Loyal Customer,31,Business travel,Eco,272,5,5,5,5,5,5,5,5,5,3,4,3,2,5,0,0.0,1
Male,Loyal Customer,69,Personal Travel,Eco Plus,817,2,4,1,3,1,1,1,1,1,2,4,4,4,1,0,0.0,0
Male,Loyal Customer,31,Personal Travel,Eco,983,3,5,3,1,2,3,2,2,4,2,4,5,4,2,0,0.0,0
Female,disloyal Customer,26,Business travel,Business,175,1,0,0,4,4,0,4,4,3,5,5,4,5,4,0,0.0,1
Male,Loyal Customer,70,Personal Travel,Eco,495,3,4,3,3,5,3,5,5,4,3,4,4,4,5,13,0.0,1
Male,disloyal Customer,23,Business travel,Business,641,4,0,4,2,4,4,4,4,5,4,5,4,5,4,0,0.0,1
Male,Loyal Customer,69,Business travel,Business,164,3,3,1,3,5,4,1,4,4,4,5,5,4,5,0,0.0,1
Female,Loyal Customer,21,Personal Travel,Eco,599,2,4,2,1,1,2,1,1,4,1,1,3,1,1,0,0.0,0
Female,Loyal Customer,47,Business travel,Business,1547,1,1,1,1,4,4,5,4,4,4,4,4,4,4,21,20.0,1
Female,disloyal Customer,26,Business travel,Business,802,3,0,3,4,2,3,2,2,3,5,4,4,5,2,0,0.0,0
Male,Loyal Customer,40,Business travel,Business,227,3,2,2,2,4,3,3,3,3,3,3,2,3,1,32,30.0,0
Male,Loyal Customer,22,Business travel,Business,1744,2,2,5,2,4,5,4,4,5,5,4,4,4,4,3,0.0,1
Male,disloyal Customer,26,Business travel,Business,728,4,4,4,1,3,4,3,3,3,4,4,3,4,3,15,12.0,1
Female,Loyal Customer,39,Business travel,Business,1533,2,2,2,2,3,4,4,4,4,4,4,3,4,5,0,0.0,1
Female,Loyal Customer,17,Personal Travel,Eco,83,2,4,0,2,2,0,2,2,3,5,5,5,4,2,0,0.0,0
Female,disloyal Customer,24,Business travel,Eco,1255,2,2,2,3,5,2,5,5,3,1,4,4,3,5,0,38.0,1
Male,Loyal Customer,56,Personal Travel,Eco,488,2,0,2,2,1,2,1,1,4,5,3,4,4,1,0,0.0,0
Female,Loyal Customer,22,Business travel,Business,2429,2,2,2,2,5,5,5,5,3,2,5,3,5,5,0,0.0,1
Male,Loyal Customer,39,Business travel,Eco,806,5,2,2,2,5,5,5,5,3,1,5,2,1,5,93,77.0,1
Female,Loyal Customer,51,Business travel,Eco,588,4,3,3,3,2,4,4,4,4,4,4,1,4,1,0,0.0,0
Male,Loyal Customer,47,Business travel,Eco,226,3,4,4,4,3,3,3,3,1,3,4,1,4,3,24,10.0,0
Male,Loyal Customer,50,Business travel,Business,3195,1,1,4,1,3,4,4,4,4,4,4,4,4,5,8,2.0,1
Female,Loyal Customer,66,Personal Travel,Eco,679,3,2,3,3,3,5,5,2,2,3,3,5,2,5,171,172.0,1
Female,Loyal Customer,40,Business travel,Eco,899,3,1,1,1,3,3,3,3,4,5,3,1,4,3,0,8.0,0
Male,disloyal Customer,25,Business travel,Eco,323,4,3,4,1,5,4,5,5,4,5,4,4,4,5,33,23.0,1
Female,disloyal Customer,25,Business travel,Business,813,0,0,0,1,2,0,2,2,3,3,4,4,4,2,0,0.0,0
Female,Loyal Customer,52,Business travel,Business,590,2,2,2,2,2,5,5,3,3,3,3,3,3,4,1,0.0,1
Female,Loyal Customer,55,Business travel,Business,1948,3,4,4,4,5,4,4,3,3,2,3,3,3,1,0,0.0,0
Male,Loyal Customer,62,Business travel,Eco Plus,268,5,5,5,5,5,5,5,5,4,1,2,4,1,5,0,3.0,1
Male,Loyal Customer,57,Personal Travel,Eco,972,2,4,2,2,2,2,2,2,3,3,5,4,4,2,0,0.0,0
Female,Loyal Customer,41,Business travel,Business,1831,3,3,2,3,4,4,4,3,3,3,3,3,3,3,8,5.0,1
Female,Loyal Customer,48,Business travel,Business,2716,1,4,4,4,2,4,4,1,1,1,1,4,1,1,28,27.0,0
Female,Loyal Customer,15,Personal Travel,Eco,1089,3,5,3,5,4,3,2,4,3,5,2,2,1,4,1,0.0,0
Female,Loyal Customer,64,Personal Travel,Eco,666,1,5,1,4,3,5,2,2,2,1,2,4,2,4,0,0.0,0
Female,Loyal Customer,36,Business travel,Business,2490,2,3,3,3,3,4,4,3,3,3,2,4,3,2,44,23.0,0
Female,Loyal Customer,27,Business travel,Business,3320,2,1,1,1,2,2,2,2,2,4,2,2,2,2,0,0.0,0
Male,Loyal Customer,12,Personal Travel,Eco,1874,5,1,5,3,4,5,4,4,1,3,2,4,2,4,18,2.0,1
Female,Loyal Customer,28,Business travel,Business,2721,3,3,4,3,2,2,2,2,3,5,1,3,3,2,0,0.0,0
Female,Loyal Customer,59,Business travel,Business,1910,1,1,1,1,4,5,5,5,5,5,5,4,5,3,0,0.0,1
Female,Loyal Customer,22,Business travel,Business,2210,4,4,4,4,5,5,5,5,3,3,4,4,5,5,0,0.0,1
Female,Loyal Customer,33,Business travel,Business,590,3,2,2,2,5,3,3,3,3,3,3,3,3,4,0,7.0,1
Female,Loyal Customer,47,Business travel,Business,1389,4,4,4,4,5,4,4,4,4,4,4,4,4,3,0,0.0,1
Female,Loyal Customer,40,Business travel,Eco,2106,4,4,4,4,4,4,4,5,1,4,5,4,1,4,143,145.0,1
Female,disloyal Customer,25,Business travel,Eco,2504,1,1,1,4,4,1,1,4,3,2,2,3,4,4,72,61.0,0
Female,disloyal Customer,23,Business travel,Business,2704,1,1,1,3,1,2,2,4,4,4,3,2,4,2,34,61.0,0
Female,Loyal Customer,24,Business travel,Eco,762,4,2,3,3,4,4,3,4,1,3,3,4,3,4,0,0.0,1
Male,Loyal Customer,28,Personal Travel,Business,577,3,4,3,3,1,3,1,1,3,5,4,5,4,1,0,0.0,0
Male,Loyal Customer,49,Business travel,Business,2450,2,1,1,1,4,4,4,2,2,2,2,4,2,1,1,0.0,0
Female,Loyal Customer,67,Personal Travel,Eco,590,1,4,1,5,4,5,4,4,4,1,4,3,4,5,44,45.0,1
Female,disloyal Customer,20,Business travel,Eco,127,5,0,5,4,4,5,4,4,1,3,3,5,4,4,0,0.0,1
Female,disloyal Customer,47,Business travel,Business,787,1,1,1,4,2,1,2,2,3,5,5,3,5,2,13,6.0,0
Male,Loyal Customer,69,Personal Travel,Eco,645,1,2,1,3,2,1,3,2,4,3,3,4,3,2,50,36.0,0
Male,Loyal Customer,27,Business travel,Business,862,2,2,3,2,5,5,5,5,5,3,4,3,5,5,0,0.0,1
Female,Loyal Customer,50,Business travel,Business,760,4,4,4,4,4,5,5,5,5,5,5,4,5,3,0,2.0,1
Female,Loyal Customer,35,Business travel,Business,2586,3,2,2,2,3,3,3,4,5,3,2,3,4,3,0,0.0,1
Male,Loyal Customer,56,Business travel,Business,3342,4,4,4,4,4,4,4,5,5,5,5,4,5,4,1,1.0,1
Male,Loyal Customer,60,Business travel,Business,1542,4,4,4,4,1,5,4,4,4,4,4,3,4,2,0,0.0,1
Male,Loyal Customer,56,Business travel,Business,2589,3,3,3,3,4,4,4,3,3,3,3,3,3,3,0,0.0,1
Male,Loyal Customer,62,Personal Travel,Eco,2158,2,5,2,3,5,2,5,5,3,2,5,5,4,5,0,0.0,1
Male,Loyal Customer,80,Business travel,Business,3005,3,5,5,5,1,4,4,3,3,3,3,4,3,2,6,9.0,0
Male,Loyal Customer,17,Personal Travel,Eco,1117,2,2,3,4,3,3,3,3,4,4,4,3,3,3,26,0.0,0
Male,Loyal Customer,17,Personal Travel,Eco,733,2,3,2,2,1,2,1,1,5,5,4,5,5,1,0,0.0,0
Female,Loyal Customer,53,Business travel,Business,1464,4,4,4,4,2,4,5,4,4,4,4,5,4,3,0,0.0,1
Female,Loyal Customer,59,Business travel,Business,731,3,5,5,5,5,4,3,3,3,3,3,1,3,1,17,1.0,0
Male,Loyal Customer,50,Personal Travel,Eco Plus,1979,3,3,3,2,5,3,5,5,5,1,5,4,1,5,4,2.0,1
Female,disloyal Customer,26,Business travel,Eco,733,1,1,1,4,1,1,1,1,4,4,3,4,3,1,5,0.0,0
Female,Loyal Customer,46,Personal Travel,Eco,372,2,5,2,3,2,5,5,3,3,2,3,1,3,2,0,2.0,0
Female,Loyal Customer,28,Business travel,Business,2153,3,3,3,3,4,4,4,4,3,4,3,5,4,4,14,0.0,1
Male,Loyal Customer,24,Business travel,Business,726,1,0,0,4,4,0,4,4,2,4,4,2,3,4,0,0.0,0
Male,Loyal Customer,48,Business travel,Business,3088,4,4,5,4,3,4,4,4,4,4,4,3,4,3,0,12.0,1
Female,disloyal Customer,38,Business travel,Business,1276,3,2,2,1,3,2,3,3,4,4,5,3,5,3,0,5.0,1
Female,disloyal Customer,49,Business travel,Eco Plus,692,4,4,4,2,5,4,5,5,2,3,5,4,3,5,28,48.0,1
Male,Loyal Customer,34,Business travel,Business,1947,3,3,3,3,4,4,4,5,5,5,5,4,5,5,0,6.0,1
Female,Loyal Customer,60,Business travel,Business,3277,3,3,4,3,2,5,4,4,4,4,4,4,4,5,11,21.0,1
Male,Loyal Customer,38,Business travel,Eco,190,4,5,4,5,4,4,4,4,1,5,4,4,1,4,5,5.0,1
Male,Loyal Customer,54,Business travel,Business,3389,4,2,5,2,2,4,4,4,4,4,4,3,4,3,32,40.0,1
Female,Loyal Customer,44,Business travel,Business,1712,5,5,5,5,1,3,1,5,5,5,5,5,5,5,17,4.0,1
Female,Loyal Customer,46,Business travel,Business,794,5,5,5,5,4,5,5,4,4,4,4,5,4,5,23,18.0,1
Female,Loyal Customer,39,Business travel,Business,2790,3,3,3,3,5,2,1,3,3,3,3,4,3,3,0,5.0,0
Male,Loyal Customer,53,Business travel,Business,479,1,1,1,1,5,5,5,4,4,4,4,5,4,3,0,0.0,1
Male,Loyal Customer,47,Business travel,Business,3612,3,2,2,2,3,4,4,3,3,3,3,1,3,1,1,0.0,0
Female,Loyal Customer,43,Business travel,Eco,1075,3,1,1,1,5,5,3,2,2,3,2,1,2,2,0,0.0,0
Male,disloyal Customer,52,Business travel,Eco,651,3,5,3,2,3,3,3,3,3,3,3,3,3,3,0,0.0,0
Female,Loyal Customer,24,Business travel,Business,456,2,3,3,3,2,2,2,2,4,4,3,4,3,2,119,116.0,0
Female,Loyal Customer,8,Personal Travel,Eco,139,3,3,3,4,1,3,3,1,2,1,3,4,3,1,43,52.0,0
Female,Loyal Customer,35,Personal Travel,Eco,329,1,5,1,2,4,1,2,4,1,2,2,3,2,4,5,0.0,0
Male,Loyal Customer,22,Business travel,Business,1591,4,4,4,4,2,2,2,2,3,3,5,3,5,2,0,0.0,0
Female,Loyal Customer,51,Personal Travel,Eco,781,4,5,5,4,4,5,4,2,2,5,2,3,2,4,2,0.0,1
Male,Loyal Customer,59,Business travel,Business,2480,3,3,3,3,4,4,4,4,4,4,4,5,4,4,4,0.0,1
Female,Loyal Customer,36,Personal Travel,Business,240,4,5,4,2,4,3,3,5,5,4,5,5,5,4,69,66.0,1
Male,Loyal Customer,17,Personal Travel,Eco,762,4,2,4,4,1,4,1,1,4,2,3,2,3,1,0,0.0,0
Male,disloyal Customer,36,Business travel,Business,1180,4,4,4,2,2,4,5,2,3,5,5,5,4,2,0,0.0,1
Male,Loyal Customer,69,Personal Travel,Eco,588,3,3,3,3,4,3,4,4,4,2,3,2,4,4,5,0.0,1
Female,disloyal Customer,39,Business travel,Business,201,3,3,3,5,2,3,2,2,5,5,4,4,5,2,54,52.0,0
Male,disloyal Customer,37,Business travel,Business,427,4,3,3,3,4,3,4,4,5,2,4,4,4,4,0,0.0,1
Male,Loyal Customer,42,Business travel,Business,2140,1,1,1,1,4,5,4,5,5,5,5,3,5,4,0,0.0,1
Female,Loyal Customer,15,Personal Travel,Eco,533,1,4,1,5,2,1,5,2,4,2,4,4,5,2,0,0.0,0
Male,disloyal Customer,24,Business travel,Business,108,0,4,0,4,4,4,2,4,4,2,5,5,5,4,0,0.0,1
Female,Loyal Customer,56,Business travel,Business,1431,5,5,5,5,3,4,4,4,4,5,4,5,4,3,0,0.0,1
Male,Loyal Customer,25,Business travel,Business,1709,2,2,2,2,4,4,4,4,5,5,3,5,4,4,42,22.0,1
Female,Loyal Customer,47,Business travel,Business,1551,1,1,1,1,2,5,4,4,4,4,4,5,4,3,22,25.0,1
Female,Loyal Customer,43,Business travel,Business,362,4,4,4,4,4,4,3,4,4,3,4,3,4,3,47,45.0,1
Female,disloyal Customer,46,Business travel,Business,1276,4,4,4,1,4,1,1,5,4,4,5,1,4,1,348,329.0,0
Female,Loyal Customer,45,Personal Travel,Eco,429,1,4,1,3,4,4,4,5,5,1,5,1,5,3,6,4.0,1
Female,Loyal Customer,34,Personal Travel,Eco Plus,447,1,1,1,2,3,1,3,3,4,1,2,2,3,3,0,0.0,0
Male,Loyal Customer,53,Personal Travel,Eco,763,2,4,2,4,4,2,4,4,3,4,2,4,1,4,11,22.0,0
Female,Loyal Customer,18,Business travel,Business,3711,2,2,2,2,4,4,4,4,3,4,4,3,2,4,0,0.0,1
Male,Loyal Customer,67,Personal Travel,Eco,354,2,5,2,4,4,2,4,4,3,4,5,5,4,4,0,0.0,1
Male,disloyal Customer,44,Business travel,Eco,1281,1,1,1,4,4,1,4,4,1,5,2,2,4,4,12,10.0,0
Female,disloyal Customer,49,Business travel,Eco Plus,846,4,4,4,4,4,4,4,4,3,3,4,3,3,4,9,2.0,1
Female,Loyal Customer,45,Business travel,Business,3169,4,4,3,4,2,5,5,4,4,4,4,5,4,3,0,0.0,1
Male,Loyal Customer,53,Business travel,Business,86,4,5,5,5,2,3,3,1,1,1,4,1,1,2,0,0.0,0
Female,disloyal Customer,35,Business travel,Business,2586,2,2,2,4,2,2,4,3,3,5,5,4,3,4,72,94.0,1
Female,Loyal Customer,48,Business travel,Business,1012,5,5,5,5,5,4,5,4,4,4,4,4,4,4,10,6.0,1
Male,Loyal Customer,43,Business travel,Business,587,3,3,3,3,4,4,5,5,5,5,5,5,5,5,10,1.0,1
Female,disloyal Customer,24,Business travel,Eco,296,5,0,5,2,2,5,4,2,5,4,4,5,5,2,0,0.0,1
Male,Loyal Customer,52,Business travel,Business,1999,4,4,4,4,3,4,4,4,4,4,4,5,4,3,24,16.0,1
Male,Loyal Customer,20,Business travel,Business,825,3,1,1,1,3,2,3,3,1,2,3,3,3,3,0,0.0,0
Female,Loyal Customer,48,Business travel,Eco,803,5,5,5,5,4,1,5,5,5,5,5,2,5,2,0,0.0,1
Female,Loyal Customer,62,Business travel,Eco,201,4,5,5,5,1,5,5,4,4,4,4,3,4,1,0,0.0,1
Male,Loyal Customer,21,Business travel,Business,2098,2,5,5,5,2,2,2,2,2,5,4,1,4,2,0,0.0,0
Female,disloyal Customer,22,Business travel,Eco,251,4,2,5,2,4,5,4,4,1,5,2,4,3,4,38,33.0,1
Male,Loyal Customer,39,Business travel,Business,842,2,2,3,2,3,3,3,3,5,4,4,3,5,3,77,139.0,1
Male,Loyal Customer,29,Personal Travel,Eco,315,1,5,1,1,3,1,3,3,4,5,4,5,4,3,39,40.0,0
Female,Loyal Customer,59,Business travel,Business,3272,1,1,1,1,2,5,4,4,4,4,4,3,4,5,0,38.0,1
Female,Loyal Customer,31,Business travel,Business,1047,2,2,2,2,5,5,5,5,3,2,5,3,5,5,65,63.0,1
Male,Loyal Customer,29,Business travel,Business,2106,5,5,5,5,5,5,5,5,5,5,5,4,5,5,1,0.0,1
Male,disloyal Customer,29,Business travel,Eco,695,5,5,5,3,2,5,2,2,1,4,3,2,1,2,0,34.0,0
Male,Loyal Customer,53,Business travel,Business,2319,4,2,4,2,5,4,4,4,4,4,4,4,4,2,13,6.0,1
Female,Loyal Customer,59,Business travel,Business,944,4,4,4,4,5,4,4,5,5,5,5,4,5,4,0,9.0,1
Male,Loyal Customer,9,Business travel,Business,3612,4,3,3,3,4,4,4,4,3,1,4,1,3,4,0,0.0,1
Female,Loyal Customer,56,Business travel,Eco,106,5,2,2,2,4,2,1,5,5,5,5,1,5,1,0,0.0,1
Male,Loyal Customer,22,Personal Travel,Eco Plus,2075,3,4,3,3,5,3,5,5,3,4,4,5,5,5,0,0.0,1
Male,Loyal Customer,50,Business travel,Business,2048,1,1,1,1,4,4,4,2,2,2,2,4,2,3,18,36.0,0
Male,Loyal Customer,45,Business travel,Business,1750,5,5,5,5,4,1,3,4,4,5,3,4,4,1,0,0.0,1
Female,Loyal Customer,42,Personal Travel,Eco,888,1,4,1,1,2,1,4,3,3,1,3,4,3,5,1,6.0,0
Female,Loyal Customer,48,Business travel,Business,3456,2,2,2,2,2,4,4,4,4,4,4,3,4,3,0,0.0,1
Female,Loyal Customer,53,Business travel,Business,794,4,4,4,4,4,4,5,5,5,5,5,3,5,4,20,0.0,1
Female,disloyal Customer,18,Business travel,Eco Plus,1849,4,0,4,3,2,4,2,2,3,1,1,4,4,2,0,0.0,0
Female,Loyal Customer,12,Business travel,Eco Plus,1236,2,3,3,3,2,2,3,2,1,1,4,2,3,2,40,42.0,0
Male,Loyal Customer,17,Personal Travel,Eco Plus,1598,3,4,3,2,5,3,5,5,3,3,3,4,5,5,72,63.0,1
Male,Loyal Customer,12,Personal Travel,Eco,416,3,1,3,4,5,3,1,5,4,5,3,3,4,5,0,0.0,1
Male,Loyal Customer,49,Business travel,Eco,2077,1,4,4,4,1,1,1,1,2,3,3,4,2,1,0,38.0,0
Female,Loyal Customer,20,Business travel,Eco Plus,937,0,3,1,3,4,1,5,4,1,1,1,4,1,4,34,20.0,0
Female,Loyal Customer,11,Personal Travel,Eco,1050,2,5,2,3,5,2,4,5,4,4,4,4,5,5,3,0.0,1
Male,Loyal Customer,12,Personal Travel,Eco,453,2,4,2,3,4,2,3,4,3,5,3,4,4,4,0,0.0,1
Female,Loyal Customer,46,Business travel,Eco,808,2,3,3,3,5,3,5,2,2,2,2,2,2,3,0,0.0,0
Female,Loyal Customer,60,Business travel,Business,2107,4,4,4,4,4,3,3,4,4,4,4,3,4,2,0,0.0,1
Female,Loyal Customer,45,Business travel,Business,419,4,4,4,4,3,5,4,4,4,4,4,5,4,4,3,1.0,1
Female,Loyal Customer,46,Business travel,Eco,1250,2,3,3,3,4,5,2,2,2,2,2,2,2,1,0,0.0,0
Female,disloyal Customer,38,Business travel,Eco,348,3,1,3,3,3,3,5,3,3,5,3,1,4,3,0,6.0,0
Female,Loyal Customer,58,Business travel,Business,3399,1,1,1,1,5,5,4,5,5,5,5,4,5,5,0,12.0,1
Male,Loyal Customer,22,Business travel,Business,2274,3,3,4,4,3,3,3,3,3,5,4,1,4,3,0,0.0,1
Male,disloyal Customer,30,Business travel,Business,1605,3,2,2,3,1,2,1,1,4,5,4,3,5,1,9,1.0,0
Male,Loyal Customer,40,Business travel,Business,2992,4,4,2,4,1,3,5,5,5,5,5,2,5,5,0,24.0,1
Female,Loyal Customer,33,Business travel,Business,3432,2,2,2,2,5,3,2,4,4,4,4,3,4,2,0,0.0,1
Male,Loyal Customer,53,Business travel,Business,577,3,3,3,3,2,4,5,3,3,3,3,5,3,4,13,8.0,1
Female,Loyal Customer,46,Business travel,Eco,1135,3,5,2,5,2,3,3,3,3,3,3,2,3,4,0,7.0,0
Male,Loyal Customer,64,Personal Travel,Eco,951,5,2,5,3,3,5,1,3,1,1,3,3,3,3,85,83.0,0
Male,disloyal Customer,27,Business travel,Business,534,0,0,0,2,5,0,4,5,3,4,4,5,4,5,32,19.0,1
Male,Loyal Customer,47,Business travel,Business,522,1,4,4,4,3,4,4,1,1,1,1,3,1,4,46,36.0,0
Female,Loyal Customer,54,Business travel,Business,3430,5,5,5,5,3,5,5,5,5,5,5,5,5,5,13,2.0,1
Male,Loyal Customer,53,Business travel,Business,3402,3,3,3,3,3,5,4,4,4,4,4,4,4,3,20,10.0,1
Male,Loyal Customer,35,Business travel,Business,271,0,0,0,4,5,5,5,3,3,3,3,5,3,5,18,16.0,1
Male,Loyal Customer,49,Business travel,Business,3121,5,5,5,5,3,1,3,4,4,4,4,3,4,4,0,0.0,1
Male,Loyal Customer,39,Business travel,Business,834,4,4,4,4,2,4,5,5,5,5,5,4,5,4,15,1.0,1
Male,Loyal Customer,31,Personal Travel,Eco,588,3,4,3,1,5,3,5,5,3,5,5,4,5,5,0,0.0,1
Male,Loyal Customer,41,Business travel,Business,557,1,1,1,1,5,4,5,5,5,5,5,5,5,3,14,29.0,1
Male,Loyal Customer,45,Business travel,Business,469,2,2,2,2,5,5,4,4,4,4,4,3,4,3,0,0.0,1
Female,Loyal Customer,40,Business travel,Eco,1074,5,1,1,1,5,5,5,5,4,3,5,5,1,5,0,0.0,1
Male,Loyal Customer,52,Personal Travel,Eco,363,2,5,2,1,4,2,4,4,4,4,5,5,4,4,0,0.0,1
Male,Loyal Customer,52,Business travel,Business,547,2,4,2,2,4,4,4,2,2,2,2,3,2,4,4,0.0,0
Female,disloyal Customer,25,Business travel,Eco,344,2,5,2,2,2,2,2,2,2,1,2,2,3,2,1,10.0,0
Female,Loyal Customer,50,Business travel,Eco,1129,3,2,3,2,3,3,3,3,2,4,4,3,1,3,148,135.0,0
Female,disloyal Customer,26,Business travel,Business,288,3,4,3,2,3,3,3,3,3,4,4,4,4,3,0,0.0,0
Female,Loyal Customer,55,Business travel,Business,226,2,2,2,2,2,4,5,5,5,5,5,3,5,5,1,15.0,1
Male,Loyal Customer,26,Business travel,Business,3322,1,2,2,2,1,1,1,1,3,5,3,4,3,1,0,0.0,0
Female,Loyal Customer,57,Personal Travel,Eco,1123,4,4,4,2,5,5,5,1,1,4,1,3,1,3,6,0.0,0
Female,Loyal Customer,28,Business travel,Business,425,2,2,2,2,4,4,4,4,2,5,4,4,1,4,14,0.0,1
Female,Loyal Customer,20,Personal Travel,Eco,2218,3,3,3,1,3,3,3,3,2,4,4,5,5,3,1,0.0,1
Male,Loyal Customer,36,Business travel,Business,3684,4,4,4,4,2,2,3,5,5,5,5,5,5,3,2,0.0,1
Male,Loyal Customer,47,Business travel,Business,223,4,4,4,4,5,5,4,3,3,4,5,3,3,3,40,30.0,1
Male,Loyal Customer,49,Business travel,Business,836,1,1,1,1,3,5,4,4,4,4,4,5,4,5,15,8.0,1
Male,Loyal Customer,14,Personal Travel,Eco,937,1,3,1,4,4,1,4,4,3,1,4,2,4,4,9,20.0,0
Female,Loyal Customer,46,Business travel,Eco,779,4,4,4,4,1,4,1,4,4,4,4,5,4,3,0,0.0,1
Female,Loyal Customer,35,Personal Travel,Eco,129,1,1,1,3,4,1,4,4,2,3,3,1,3,4,0,6.0,0
Male,Loyal Customer,49,Business travel,Business,1079,4,4,4,4,3,5,5,5,5,5,5,4,5,3,21,11.0,1
Female,Loyal Customer,48,Business travel,Business,1086,2,2,2,2,3,4,4,5,5,5,5,4,5,5,0,0.0,1
Female,Loyal Customer,49,Business travel,Business,308,2,1,1,1,5,4,3,2,2,2,2,2,2,2,0,0.0,0
Male,disloyal Customer,26,Business travel,Eco,577,4,4,3,4,3,3,3,3,4,4,3,4,4,3,0,0.0,1
Female,Loyal Customer,36,Personal Travel,Eco,818,2,4,2,2,3,2,3,3,3,3,2,4,1,3,18,7.0,0
Male,Loyal Customer,54,Business travel,Business,1991,5,5,5,5,2,5,5,4,4,5,4,5,4,4,35,31.0,1
Male,Loyal Customer,30,Personal Travel,Eco Plus,590,3,5,3,4,1,3,1,1,5,3,4,5,4,1,0,0.0,0
Male,Loyal Customer,45,Business travel,Business,1165,2,2,3,2,4,4,4,5,5,4,5,3,5,4,65,91.0,1
Male,disloyal Customer,26,Business travel,Eco,315,1,0,2,1,2,2,2,2,3,1,3,3,2,2,6,0.0,0
Male,Loyal Customer,36,Business travel,Business,321,3,2,2,2,4,4,3,3,3,3,3,4,3,2,54,29.0,0
Female,Loyal Customer,37,Business travel,Eco,101,3,1,1,1,3,3,3,3,3,2,3,1,4,3,0,0.0,0
Male,disloyal Customer,21,Business travel,Eco,1276,4,4,4,4,2,4,2,2,4,2,4,4,4,2,0,0.0,0
Male,Loyal Customer,18,Personal Travel,Eco,602,3,4,4,4,1,4,1,1,4,2,1,1,2,1,0,0.0,0
Female,Loyal Customer,41,Business travel,Eco,550,3,5,5,5,3,3,3,3,3,4,4,1,3,3,0,0.0,0
Female,disloyal Customer,45,Business travel,Eco,231,3,4,3,3,5,3,5,5,1,2,4,1,3,5,0,0.0,1
Female,Loyal Customer,41,Business travel,Business,2139,3,3,3,3,2,5,5,4,4,5,4,5,4,4,19,23.0,1
Male,disloyal Customer,40,Business travel,Eco,109,2,0,2,4,4,2,4,4,3,4,5,3,2,4,0,0.0,1
Female,disloyal Customer,25,Business travel,Business,589,0,0,1,4,4,1,4,4,3,2,5,4,5,4,0,2.0,1
Male,Loyal Customer,70,Personal Travel,Eco,641,1,5,1,1,5,1,5,5,5,4,5,3,5,5,0,0.0,1
Female,disloyal Customer,24,Business travel,Business,304,5,0,5,3,5,5,5,5,3,2,4,4,5,5,46,50.0,1
Male,Loyal Customer,65,Personal Travel,Eco,368,2,5,2,3,3,2,3,3,5,5,5,2,2,3,0,0.0,0
Male,Loyal Customer,51,Business travel,Business,2054,4,4,4,4,3,4,5,5,5,5,5,5,5,4,0,8.0,1
Female,Loyal Customer,21,Personal Travel,Business,728,1,5,0,1,2,0,2,2,5,2,2,5,3,2,0,0.0,0
Female,Loyal Customer,55,Business travel,Business,834,1,1,1,1,5,5,4,4,4,4,4,4,4,3,78,68.0,1
Male,disloyal Customer,20,Business travel,Eco,429,1,4,1,3,1,1,1,3,3,4,4,1,4,1,184,193.0,0
Male,Loyal Customer,57,Business travel,Business,1990,3,3,3,3,2,4,5,1,1,2,1,5,1,4,30,49.0,0
Male,Loyal Customer,42,Business travel,Business,73,1,1,1,1,1,2,4,4,4,4,5,3,4,3,50,43.0,0
Male,Loyal Customer,16,Business travel,Business,762,1,1,1,1,1,1,1,1,3,5,4,3,3,1,0,11.0,0
Male,Loyal Customer,42,Business travel,Business,3576,2,2,2,2,3,5,4,4,4,4,4,3,4,3,0,0.0,1
Female,Loyal Customer,45,Business travel,Business,541,3,3,5,3,4,4,4,4,4,4,4,4,4,5,0,0.0,1
Male,Loyal Customer,54,Personal Travel,Eco Plus,1259,4,5,4,1,2,4,2,2,5,3,5,5,4,2,0,0.0,0
Female,Loyal Customer,58,Personal Travel,Eco,488,2,2,2,4,5,4,4,5,5,2,5,2,5,3,0,0.0,1
Female,Loyal Customer,45,Business travel,Business,528,3,3,3,3,3,4,4,3,3,3,3,1,3,1,1,0.0,0
Male,Loyal Customer,35,Personal Travel,Eco,566,1,3,1,4,5,1,5,5,3,1,3,4,3,5,0,0.0,1
Female,disloyal Customer,24,Business travel,Eco,1020,3,3,3,1,5,3,4,5,4,1,5,1,1,5,0,0.0,1
Female,Loyal Customer,48,Business travel,Business,106,1,3,3,3,1,2,2,4,4,4,1,4,4,4,19,13.0,0
Female,Loyal Customer,39,Business travel,Business,1827,5,5,2,5,5,4,5,4,4,5,4,4,4,3,0,0.0,1
Female,disloyal Customer,37,Business travel,Eco,147,2,0,2,2,5,2,5,5,1,2,5,1,3,5,22,15.0,1
Male,Loyal Customer,37,Personal Travel,Eco Plus,507,1,4,1,3,5,1,5,5,5,4,5,5,5,5,19,23.0,1
Male,disloyal Customer,20,Business travel,Eco,1390,2,2,2,4,5,2,5,5,2,4,3,3,4,5,60,56.0,1
Male,disloyal Customer,24,Business travel,Business,620,5,4,5,1,4,5,1,4,4,4,5,5,5,4,0,0.0,1
Female,Loyal Customer,35,Personal Travel,Eco,528,3,5,3,1,3,3,4,3,4,4,4,3,4,3,0,6.0,1
Male,Loyal Customer,53,Personal Travel,Eco,446,4,4,2,4,1,2,1,1,3,4,5,5,5,1,0,0.0,0
Female,Loyal Customer,20,Personal Travel,Eco,964,3,5,3,4,4,3,4,4,3,3,5,3,4,4,0,0.0,1
Female,Loyal Customer,63,Personal Travel,Eco,1173,4,4,4,5,3,4,4,2,2,4,2,2,2,2,0,0.0,0
Male,Loyal Customer,47,Business travel,Eco,421,4,2,2,2,4,4,4,4,1,3,2,5,4,4,0,0.0,1
Female,Loyal Customer,48,Personal Travel,Eco,502,1,5,1,2,2,4,5,2,2,1,5,5,2,5,0,0.0,0
Female,disloyal Customer,39,Business travel,Business,163,4,4,4,3,5,4,5,5,3,1,4,3,5,5,0,3.0,1
Female,Loyal Customer,56,Business travel,Eco,427,2,2,2,2,5,1,4,2,2,2,2,1,2,2,0,0.0,0
Female,Loyal Customer,58,Business travel,Eco,687,3,4,4,4,1,3,3,4,4,3,4,4,4,2,92,103.0,0
Male,Loyal Customer,31,Personal Travel,Eco Plus,646,2,1,2,3,4,2,4,4,4,5,4,2,4,4,0,0.0,1
Male,disloyal Customer,39,Business travel,Eco,1195,3,3,3,3,3,1,1,2,4,3,2,1,5,1,170,222.0,0
Male,Loyal Customer,50,Business travel,Business,2611,1,1,1,1,4,4,4,1,1,3,2,4,2,4,21,54.0,0
Female,Loyal Customer,38,Personal Travel,Eco,1201,2,2,2,4,5,2,2,5,3,5,3,1,3,5,0,0.0,1
Female,Loyal Customer,22,Personal Travel,Eco,1671,2,5,2,4,2,2,2,2,2,2,1,1,2,2,10,0.0,0
Female,Loyal Customer,56,Personal Travel,Eco,2496,3,5,2,2,2,4,1,3,3,2,3,2,3,2,0,0.0,0
Male,disloyal Customer,9,Business travel,Eco,1189,4,4,4,3,5,4,5,5,3,2,4,2,4,5,40,31.0,1
Male,Loyal Customer,66,Personal Travel,Eco,1107,2,4,2,1,2,2,2,2,2,3,5,2,1,2,0,0.0,0
Female,disloyal Customer,56,Business travel,Eco,102,3,4,3,4,5,3,5,5,5,2,2,1,3,5,0,0.0,1
Female,disloyal Customer,22,Business travel,Eco,1096,4,4,4,1,4,4,4,4,4,2,4,5,4,4,41,21.0,1
Male,Loyal Customer,26,Personal Travel,Eco,957,3,1,4,2,1,4,1,1,3,2,3,4,3,1,0,1.0,0
Female,Loyal Customer,47,Business travel,Business,2614,1,3,3,3,4,3,4,1,1,1,1,2,1,2,9,11.0,0
Male,Loyal Customer,34,Business travel,Business,1542,4,4,4,4,4,4,4,4,4,4,4,5,4,3,0,0.0,1
Female,disloyal Customer,20,Business travel,Eco Plus,801,2,4,2,3,4,2,4,4,4,2,3,2,4,4,48,71.0,0
Female,Loyal Customer,41,Business travel,Business,3194,5,5,5,5,5,4,4,4,4,4,4,3,4,5,0,0.0,1
Male,Loyal Customer,19,Personal Travel,Eco,2218,4,4,4,3,5,4,5,5,3,3,3,3,3,5,0,0.0,1
Female,Loyal Customer,32,Business travel,Business,440,4,2,2,2,4,3,4,4,3,3,3,4,4,4,0,28.0,1
Male,disloyal Customer,37,Business travel,Business,239,1,1,1,4,5,1,5,5,5,5,5,4,4,5,0,0.0,1
Male,Loyal Customer,41,Business travel,Business,581,2,2,2,2,3,5,4,5,5,5,5,4,5,3,0,0.0,1
Female,disloyal Customer,43,Business travel,Business,2079,4,4,4,3,1,4,1,1,4,4,4,4,4,1,0,0.0,0
Female,Loyal Customer,39,Business travel,Business,2176,4,5,5,5,2,3,3,3,3,3,4,3,3,1,0,0.0,0
Female,Loyal Customer,56,Personal Travel,Eco Plus,222,2,1,0,2,1,3,2,4,4,0,4,3,4,2,0,6.0,0
Male,Loyal Customer,40,Business travel,Business,404,1,1,4,1,2,4,5,3,3,4,3,3,3,3,0,0.0,0
Male,Loyal Customer,33,Personal Travel,Eco,1371,4,5,4,2,1,4,1,1,3,4,4,5,5,1,0,0.0,0
Female,Loyal Customer,58,Business travel,Business,2773,1,1,1,1,2,4,4,5,5,5,5,3,5,5,0,0.0,1
Female,Loyal Customer,61,Personal Travel,Eco,1532,1,5,2,5,3,3,4,5,5,2,5,5,5,3,0,3.0,1
Male,Loyal Customer,31,Business travel,Business,3166,4,4,4,4,4,4,4,4,3,1,1,3,1,4,0,0.0,1
Male,Loyal Customer,76,Business travel,Eco,557,2,3,3,3,2,2,2,2,2,5,3,4,4,2,18,26.0,0
Female,Loyal Customer,34,Business travel,Business,1829,1,1,1,1,5,4,3,4,4,4,4,3,4,2,65,129.0,1
Female,Loyal Customer,43,Personal Travel,Business,1005,3,4,3,5,5,5,4,1,1,3,1,3,1,5,0,0.0,0
Male,Loyal Customer,28,Personal Travel,Eco,802,2,2,2,1,2,2,2,2,1,3,1,3,1,2,35,21.0,0
Male,Loyal Customer,11,Personal Travel,Eco,984,2,4,2,4,2,2,2,2,3,3,4,2,4,2,0,0.0,0
Female,Loyal Customer,51,Personal Travel,Eco,550,2,0,2,4,4,5,4,5,5,2,5,3,5,4,0,0.0,1
Female,Loyal Customer,50,Business travel,Business,3595,2,1,2,2,2,4,5,4,4,4,4,4,4,5,0,0.0,1
Male,Loyal Customer,37,Business travel,Business,2684,1,0,0,2,3,3,2,3,3,0,5,1,3,3,0,6.0,0
Male,Loyal Customer,67,Personal Travel,Eco,147,5,5,0,4,4,0,4,4,3,5,5,4,5,4,0,0.0,1
Male,Loyal Customer,47,Business travel,Business,3410,1,4,4,4,3,1,2,1,1,1,1,1,1,4,11,17.0,0
Female,Loyal Customer,51,Business travel,Business,2565,2,2,2,2,3,4,5,4,4,4,4,3,4,4,0,0.0,1
Female,Loyal Customer,45,Personal Travel,Eco,674,2,4,2,3,4,4,5,4,4,2,4,5,4,3,6,22.0,1
Male,Loyal Customer,57,Personal Travel,Eco,950,5,4,5,5,2,5,2,2,4,3,3,4,4,2,2,0.0,0
Male,Loyal Customer,49,Business travel,Business,268,1,5,5,5,4,2,2,1,1,1,1,3,1,4,0,8.0,0
Female,Loyal Customer,25,Business travel,Business,3030,3,3,3,3,3,3,3,3,1,5,4,3,3,3,72,64.0,0
Male,Loyal Customer,12,Personal Travel,Business,1814,4,4,4,5,3,4,3,3,3,2,3,4,5,3,0,0.0,1
Male,disloyal Customer,50,Business travel,Business,551,4,4,4,3,3,4,3,3,4,1,3,3,2,3,27,53.0,0
Male,Loyal Customer,12,Personal Travel,Eco,804,2,4,2,4,4,2,4,4,1,1,3,1,4,4,0,0.0,0
Female,Loyal Customer,29,Business travel,Business,1805,4,5,3,5,4,4,4,4,1,1,3,4,3,4,0,0.0,1
Male,Loyal Customer,67,Business travel,Business,187,0,4,0,1,4,5,4,4,4,4,4,3,4,3,0,0.0,1
Female,Loyal Customer,32,Business travel,Business,3200,1,2,2,2,1,1,1,1,4,4,3,2,3,1,38,21.0,0
Female,Loyal Customer,47,Business travel,Business,1892,5,5,5,5,3,4,4,4,4,4,4,4,4,5,8,0.0,1
Female,Loyal Customer,61,Business travel,Business,3710,2,1,1,1,2,3,3,2,2,2,2,4,2,4,0,0.0,0
Male,Loyal Customer,52,Business travel,Business,1464,3,3,3,3,5,5,4,4,4,4,4,5,4,3,0,0.0,1
Male,Loyal Customer,46,Business travel,Business,130,2,2,3,2,3,4,4,2,2,2,2,3,2,2,35,37.0,0
Male,Loyal Customer,32,Personal Travel,Eco,1005,2,4,2,2,5,2,4,5,3,5,5,4,4,5,0,10.0,1
Female,Loyal Customer,45,Business travel,Business,1570,2,2,2,2,2,5,4,2,2,2,2,3,2,4,6,0.0,0
Male,Loyal Customer,33,Personal Travel,Eco,134,1,4,1,4,4,1,3,4,2,3,4,2,4,4,1,0.0,0
Male,Loyal Customer,40,Personal Travel,Eco,190,4,4,4,3,2,4,2,2,5,4,5,5,5,2,1,9.0,1
Male,Loyal Customer,35,Business travel,Business,1785,4,1,1,1,3,4,4,4,4,4,4,2,4,3,105,95.0,1
Female,Loyal Customer,47,Business travel,Eco,1504,4,5,5,5,1,5,4,4,4,4,4,5,4,5,0,0.0,1
Male,Loyal Customer,41,Business travel,Business,1520,4,4,4,4,3,4,5,5,5,5,5,5,5,3,0,0.0,1
Female,Loyal Customer,28,Business travel,Business,1846,3,3,3,3,3,4,3,3,5,2,5,4,5,3,22,24.0,1
Female,Loyal Customer,63,Business travel,Eco Plus,740,1,3,2,3,2,4,3,1,1,1,1,2,1,1,13,10.0,0
Female,Loyal Customer,53,Business travel,Eco,356,3,3,3,3,2,3,3,3,3,3,3,3,3,4,0,6.0,0
Female,Loyal Customer,47,Business travel,Eco,1751,1,5,5,5,2,4,4,1,1,1,1,2,1,3,0,16.0,0
Male,disloyal Customer,23,Business travel,Eco,888,4,5,5,3,2,5,2,2,5,2,5,3,5,2,5,6.0,0
Female,disloyal Customer,33,Business travel,Eco,342,2,3,2,3,4,2,4,4,3,2,3,4,3,4,84,84.0,0
Male,Loyal Customer,53,Personal Travel,Business,1620,3,4,2,3,4,4,4,3,3,2,3,5,3,4,15,7.0,1
Female,Loyal Customer,44,Business travel,Business,1416,1,1,1,1,5,1,3,4,4,4,4,5,4,3,0,0.0,1
Female,Loyal Customer,44,Business travel,Business,84,3,3,3,3,5,4,4,5,5,5,4,5,5,2,42,29.0,1
Male,Loyal Customer,27,Business travel,Business,507,3,3,3,3,4,4,4,4,3,5,5,4,5,4,0,0.0,1
Female,Loyal Customer,49,Business travel,Business,3711,5,4,5,5,4,4,4,5,3,4,5,4,4,4,0,0.0,1
Female,Loyal Customer,47,Business travel,Business,234,1,1,1,1,2,5,5,4,4,4,4,4,4,4,38,34.0,1
Female,Loyal Customer,39,Business travel,Business,2134,2,2,2,2,4,5,5,4,4,4,4,3,4,4,0,0.0,1
Male,Loyal Customer,28,Personal Travel,Eco,239,3,4,0,3,3,0,3,3,1,5,5,1,4,3,0,0.0,0
Male,Loyal Customer,29,Personal Travel,Eco Plus,1416,4,5,4,3,1,4,1,1,5,3,3,3,5,1,0,0.0,0
Male,Loyal Customer,67,Personal Travel,Eco,2276,3,2,3,4,3,4,4,4,4,2,4,4,1,4,0,5.0,1
Female,Loyal Customer,39,Business travel,Business,1777,3,3,3,3,3,5,5,4,4,4,4,5,4,4,0,29.0,1
Female,Loyal Customer,47,Business travel,Eco,488,4,2,2,2,5,4,3,4,4,4,4,1,4,1,0,9.0,1
Female,Loyal Customer,31,Personal Travel,Eco,1028,3,5,2,5,2,1,1,3,5,4,5,1,5,1,155,135.0,0
Male,Loyal Customer,51,Business travel,Business,1744,2,4,4,4,5,2,2,2,2,2,2,4,2,1,4,25.0,0
Female,Loyal Customer,62,Business travel,Business,2447,2,1,1,1,4,2,1,2,2,2,2,2,2,1,0,0.0,0
Male,Loyal Customer,46,Business travel,Business,386,5,5,5,5,4,4,4,5,5,5,5,3,5,4,13,7.0,1
Female,Loyal Customer,62,Business travel,Business,3895,3,3,3,3,5,4,5,5,5,5,5,5,5,5,7,0.0,1
Male,Loyal Customer,25,Business travel,Eco Plus,788,5,2,2,2,5,4,5,5,3,2,2,5,4,5,0,0.0,1
Male,Loyal Customer,43,Business travel,Business,2697,1,1,1,1,1,1,5,4,4,4,4,1,4,2,0,0.0,0
Female,Loyal Customer,13,Business travel,Business,1035,3,5,5,5,3,3,3,3,1,1,4,2,4,3,36,16.0,0
Female,Loyal Customer,45,Business travel,Eco,247,3,4,4,4,3,3,3,3,3,3,3,4,3,2,0,0.0,0
Female,Loyal Customer,57,Business travel,Business,2496,0,0,0,1,3,4,5,5,5,5,5,4,5,5,0,5.0,1
Male,Loyal Customer,43,Business travel,Business,528,2,2,2,2,4,4,4,2,2,2,2,1,2,3,0,27.0,0
Male,Loyal Customer,50,Personal Travel,Eco,991,3,4,3,3,5,3,5,5,5,2,4,5,5,5,25,12.0,1
Male,Loyal Customer,9,Personal Travel,Eco,854,2,4,2,2,1,2,1,1,5,3,4,5,5,1,30,19.0,0
Female,Loyal Customer,49,Business travel,Business,2464,4,4,4,4,3,5,5,5,5,4,5,4,5,3,20,14.0,1
Male,Loyal Customer,16,Personal Travel,Eco,570,4,1,4,2,4,4,4,4,2,3,2,1,3,4,0,0.0,0
Female,Loyal Customer,35,Business travel,Business,1121,2,2,2,2,3,5,4,4,4,4,4,3,4,5,0,0.0,1
Male,Loyal Customer,35,Personal Travel,Eco,1138,1,4,1,2,5,1,5,5,4,3,4,5,4,5,0,0.0,1
Female,Loyal Customer,22,Personal Travel,Eco,992,2,4,2,4,2,2,2,2,5,4,5,3,5,2,0,0.0,0
Male,Loyal Customer,63,Personal Travel,Eco,358,3,2,3,3,2,3,2,2,4,1,3,1,2,2,1,0.0,0
Female,Loyal Customer,62,Personal Travel,Eco Plus,695,5,4,5,3,5,4,5,5,5,5,5,3,5,4,0,0.0,1
Female,Loyal Customer,42,Business travel,Business,1568,3,5,5,5,2,3,3,3,3,3,3,3,3,2,0,7.0,0
Male,Loyal Customer,26,Personal Travel,Eco,1744,3,3,3,3,2,3,2,2,4,3,2,4,4,2,5,0.0,0
Female,Loyal Customer,21,Business travel,Business,1598,5,5,5,5,4,4,4,4,4,2,4,4,4,4,0,0.0,1
Male,Loyal Customer,69,Personal Travel,Eco,587,1,3,1,2,1,1,1,1,4,2,2,4,2,1,34,26.0,0
Male,Loyal Customer,29,Business travel,Business,2543,4,4,4,4,5,5,5,5,4,2,5,3,4,5,0,0.0,1
Female,Loyal Customer,52,Personal Travel,Business,919,1,5,2,2,3,4,4,1,1,2,1,5,1,4,0,0.0,0
Female,Loyal Customer,36,Personal Travel,Eco,227,1,5,1,1,1,1,1,1,4,2,5,5,5,1,0,0.0,0
Male,Loyal Customer,19,Personal Travel,Eco,899,0,4,0,1,2,0,2,2,5,5,4,5,5,2,6,0.0,0
Male,Loyal Customer,42,Personal Travel,Eco,406,2,4,2,2,4,2,4,4,4,2,5,3,4,4,0,0.0,1
Male,disloyal Customer,23,Business travel,Eco,366,2,5,1,1,2,1,2,2,4,3,4,3,5,2,36,31.0,0
Female,Loyal Customer,25,Business travel,Business,1892,5,5,5,5,5,5,5,5,4,3,2,5,2,5,8,13.0,1
Male,Loyal Customer,15,Personal Travel,Eco,315,3,2,3,4,4,3,1,4,1,2,3,4,4,4,0,13.0,0
Female,disloyal Customer,22,Business travel,Business,919,5,0,5,3,2,5,2,2,3,3,4,5,5,2,4,8.0,0
Male,Loyal Customer,23,Personal Travel,Eco,546,4,3,4,1,3,4,3,3,1,1,3,2,4,3,0,0.0,0
Male,Loyal Customer,24,Personal Travel,Eco,448,2,2,2,2,1,2,4,1,3,3,2,4,2,1,2,0.0,0
Female,disloyal Customer,41,Business travel,Business,342,5,5,5,4,2,5,2,2,5,2,5,5,4,2,27,19.0,1
Female,disloyal Customer,27,Business travel,Business,359,3,3,3,1,1,3,1,1,3,2,4,3,5,1,0,0.0,0
Female,Loyal Customer,40,Business travel,Business,3659,2,2,2,2,2,5,4,5,5,5,4,3,5,3,2,0.0,1
Male,Loyal Customer,9,Personal Travel,Eco,226,4,2,4,3,4,4,4,4,4,1,3,1,3,4,0,0.0,1
Female,Loyal Customer,8,Personal Travel,Eco,2288,2,2,2,4,2,2,2,2,3,2,4,1,4,2,0,0.0,0
Male,disloyal Customer,23,Business travel,Business,402,4,0,4,3,5,4,5,5,5,4,4,3,4,5,0,11.0,1
Male,Loyal Customer,48,Personal Travel,Business,1609,3,2,2,3,5,2,4,2,2,2,2,2,2,1,0,0.0,0
Male,Loyal Customer,43,Business travel,Business,3696,3,3,3,3,4,4,4,4,4,4,4,4,4,5,0,0.0,1
Female,Loyal Customer,64,Personal Travel,Eco,370,3,0,3,1,2,4,4,3,3,3,5,5,3,4,52,40.0,1
Female,Loyal Customer,37,Personal Travel,Eco,409,3,4,3,5,3,3,3,3,4,2,2,1,4,3,45,38.0,0
Male,Loyal Customer,14,Personal Travel,Eco,222,5,5,0,1,3,0,3,3,3,3,2,3,2,3,4,0.0,0
Female,disloyal Customer,23,Business travel,Eco,216,4,3,4,3,3,4,3,3,2,1,3,3,2,3,0,0.0,0
Male,Loyal Customer,41,Business travel,Business,867,2,2,3,2,5,5,5,4,4,4,4,4,4,4,0,0.0,1
Female,Loyal Customer,33,Business travel,Business,1804,2,2,2,2,4,3,2,5,5,4,5,3,5,2,0,1.0,1
Male,Loyal Customer,32,Personal Travel,Eco,297,1,4,2,3,1,2,1,1,5,5,5,3,4,1,20,24.0,0
Female,Loyal Customer,54,Business travel,Business,1834,1,1,1,1,2,5,4,4,4,4,4,5,4,5,1,0.0,1
Female,Loyal Customer,55,Business travel,Business,2348,5,5,3,5,5,4,4,4,4,4,4,4,4,5,0,0.0,1
Female,Loyal Customer,15,Business travel,Business,370,4,1,1,1,4,4,4,4,4,5,3,2,3,4,13,12.0,1
Female,Loyal Customer,26,Business travel,Business,3579,2,4,4,4,2,2,2,2,3,4,3,1,4,2,6,0.0,0
Male,Loyal Customer,53,Business travel,Business,1552,3,3,3,3,3,5,1,4,4,5,4,3,4,2,8,3.0,1
Male,Loyal Customer,69,Personal Travel,Eco,873,3,4,3,1,3,3,3,3,4,2,5,2,2,3,7,5.0,0
Female,Loyal Customer,53,Personal Travel,Eco,1448,2,3,2,3,3,5,4,5,5,2,5,4,5,1,0,0.0,1
Female,Loyal Customer,26,Personal Travel,Eco,1250,2,3,2,3,2,2,2,2,3,1,2,4,3,2,3,7.0,0
Female,Loyal Customer,9,Personal Travel,Eco,883,4,5,3,1,1,3,1,1,4,4,3,3,1,1,28,19.0,0
Female,Loyal Customer,37,Business travel,Eco,229,4,1,1,1,4,4,4,4,4,4,1,3,3,4,10,14.0,1
Female,Loyal Customer,8,Personal Travel,Eco,1185,3,3,3,4,1,3,1,1,1,3,3,3,3,1,3,0.0,0
Male,Loyal Customer,55,Business travel,Business,2554,2,3,2,2,2,5,5,4,4,4,4,5,4,4,0,0.0,1
Female,Loyal Customer,22,Business travel,Business,3408,1,1,1,1,5,5,5,5,3,3,5,4,4,5,0,0.0,1
Male,Loyal Customer,40,Business travel,Business,2422,4,2,2,2,5,2,4,4,4,3,4,1,4,2,11,3.0,1
Female,Loyal Customer,31,Business travel,Business,3037,1,1,3,1,2,2,2,2,3,4,4,4,4,2,127,0.0,0
Male,Loyal Customer,46,Business travel,Business,813,2,2,2,2,3,5,5,3,3,3,3,4,3,4,0,0.0,1
Male,Loyal Customer,23,Business travel,Business,331,1,5,5,5,1,1,1,1,1,4,4,1,4,1,91,73.0,0
Female,Loyal Customer,39,Business travel,Business,2917,1,1,2,1,4,4,4,4,3,4,5,4,5,4,45,28.0,1
Female,Loyal Customer,36,Business travel,Business,2178,3,3,3,3,1,5,2,5,5,5,5,5,5,3,0,0.0,1
Female,Loyal Customer,36,Business travel,Business,1583,1,5,1,5,1,1,1,1,2,3,4,1,2,1,0,0.0,0
Female,Loyal Customer,41,Business travel,Business,2945,4,4,4,4,3,5,5,3,3,4,3,3,3,3,0,0.0,1
Male,Loyal Customer,38,Business travel,Business,3223,2,5,5,5,5,3,3,2,2,3,2,1,2,4,0,0.0,0
Male,Loyal Customer,37,Business travel,Eco,216,4,5,5,5,4,4,4,4,4,1,3,5,5,4,0,1.0,1
Male,Loyal Customer,41,Business travel,Eco,721,3,5,5,5,3,3,3,3,3,3,3,1,5,3,0,8.0,0
Female,Loyal Customer,67,Business travel,Business,264,4,5,5,5,1,4,4,4,4,4,4,3,4,2,0,0.0,1
Male,Loyal Customer,52,Personal Travel,Eco,828,3,3,2,2,5,2,2,5,4,3,2,4,3,5,0,0.0,1
Female,Loyal Customer,38,Business travel,Business,2032,5,5,5,5,2,2,4,2,2,2,2,5,2,3,2,0.0,0
Male,Loyal Customer,51,Business travel,Eco Plus,416,2,3,3,3,2,2,2,2,2,2,4,4,3,2,0,0.0,0
Female,Loyal Customer,41,Business travel,Business,460,1,1,1,1,3,5,5,5,5,5,5,4,5,5,0,0.0,1
Female,disloyal Customer,19,Business travel,Eco,116,4,4,4,4,2,4,2,2,3,3,3,2,3,2,0,5.0,0
Female,Loyal Customer,63,Personal Travel,Eco,1121,2,4,2,4,2,5,4,3,3,2,3,4,3,4,0,11.0,0
Male,disloyal Customer,11,Business travel,Eco,599,2,4,3,1,1,3,1,1,3,3,5,3,5,1,0,5.0,0
Female,Loyal Customer,32,Personal Travel,Eco,765,1,4,1,1,1,1,1,1,4,4,4,5,5,1,0,1.0,0
Female,Loyal Customer,50,Business travel,Business,237,3,3,2,3,5,4,4,4,4,4,4,5,4,4,0,0.0,1
Male,Loyal Customer,54,Business travel,Business,2610,1,1,1,1,5,5,5,4,4,4,4,3,4,5,0,0.0,1
Female,Loyal Customer,55,Business travel,Business,3799,5,5,5,5,4,4,5,2,2,2,2,4,2,3,6,11.0,1
Female,Loyal Customer,17,Business travel,Business,1399,2,2,2,2,5,5,5,5,2,3,5,1,4,5,0,0.0,1
Female,Loyal Customer,55,Business travel,Business,240,4,4,4,4,2,4,4,4,4,4,4,3,4,3,0,18.0,1
Male,Loyal Customer,37,Business travel,Eco,84,5,3,3,3,5,5,5,5,5,1,2,4,2,5,0,0.0,1
Female,Loyal Customer,56,Business travel,Business,341,2,2,2,2,5,5,5,4,4,4,4,5,4,3,7,15.0,1
Female,Loyal Customer,25,Business travel,Eco Plus,607,4,3,3,3,4,4,3,4,5,3,5,4,3,4,8,0.0,1
Female,Loyal Customer,14,Personal Travel,Eco,1851,1,4,1,4,3,1,3,3,4,4,4,1,2,3,0,0.0,0
Female,Loyal Customer,70,Business travel,Business,1448,2,3,3,3,4,3,4,2,2,1,2,1,2,3,0,0.0,0
Male,Loyal Customer,44,Business travel,Business,612,4,1,4,4,5,4,4,4,4,4,4,3,4,4,0,0.0,1
Female,Loyal Customer,23,Personal Travel,Eco Plus,101,4,4,4,4,5,4,5,5,3,2,4,4,5,5,0,0.0,1
Female,Loyal Customer,36,Business travel,Business,2537,3,1,3,3,5,5,5,2,2,5,1,5,3,5,0,0.0,1
Male,Loyal Customer,61,Business travel,Business,2748,5,5,5,5,3,2,4,4,4,4,5,2,4,1,0,0.0,1
Female,Loyal Customer,51,Business travel,Business,3111,0,0,0,1,3,5,4,2,2,2,2,5,2,4,0,5.0,0
Female,Loyal Customer,41,Personal Travel,Eco,223,2,2,2,3,4,2,4,4,1,2,3,2,3,4,2,0.0,0
Male,Loyal Customer,43,Business travel,Business,1020,1,3,1,1,4,4,5,4,4,5,4,4,4,4,0,29.0,1
Female,disloyal Customer,25,Business travel,Eco Plus,610,1,4,1,1,5,1,5,5,5,4,1,1,1,5,7,15.0,1
Female,disloyal Customer,33,Business travel,Business,191,1,1,1,5,4,1,4,4,3,2,5,5,4,4,0,0.0,1
Female,Loyal Customer,60,Business travel,Business,3866,4,4,4,4,4,4,4,5,5,5,5,4,5,3,0,0.0,1
Male,Loyal Customer,53,Personal Travel,Eco,666,1,2,1,3,4,1,4,4,3,1,3,2,3,4,0,0.0,0
Female,Loyal Customer,52,Personal Travel,Eco,212,3,4,0,3,1,2,3,5,5,0,5,1,5,2,0,0.0,0
Female,Loyal Customer,48,Business travel,Business,3076,2,2,2,2,2,5,5,5,5,4,5,5,5,4,62,40.0,1
Female,Loyal Customer,25,Business travel,Business,510,3,4,4,4,3,3,3,3,4,3,3,3,2,3,0,0.0,0
Female,Loyal Customer,51,Business travel,Eco,618,2,2,2,2,4,1,5,1,1,2,1,1,1,5,26,23.0,0
Female,disloyal Customer,23,Business travel,Eco,236,1,4,1,2,3,1,3,3,5,2,5,4,5,3,17,18.0,0
Male,Loyal Customer,49,Personal Travel,Eco,2496,2,1,2,3,4,2,4,4,1,1,4,1,4,4,0,0.0,0
Female,Loyal Customer,52,Business travel,Business,370,1,1,4,1,4,2,5,4,4,4,4,3,4,3,0,0.0,1
Male,Loyal Customer,44,Business travel,Business,2196,2,4,4,4,1,2,2,2,2,2,2,3,2,3,44,34.0,0
Male,Loyal Customer,33,Business travel,Business,861,3,3,3,3,3,3,3,3,1,3,3,1,4,3,15,4.0,0
Female,disloyal Customer,26,Business travel,Business,247,3,5,3,4,2,3,2,2,4,5,5,3,4,2,2,5.0,0
Female,Loyal Customer,58,Business travel,Business,1235,1,1,1,1,3,4,4,4,4,5,4,3,4,3,0,0.0,1
Female,Loyal Customer,36,Personal Travel,Eco,175,3,4,3,3,4,3,3,4,5,4,4,5,5,4,0,0.0,1
Male,Loyal Customer,40,Business travel,Eco,672,3,4,4,4,3,3,3,3,4,2,4,4,3,3,0,0.0,0
Female,Loyal Customer,41,Business travel,Business,2328,3,3,4,3,5,4,3,3,3,3,3,1,3,3,0,0.0,1
Male,disloyal Customer,25,Business travel,Eco,265,3,4,3,3,4,3,1,4,2,4,4,4,4,4,5,0.0,0
Male,Loyal Customer,69,Personal Travel,Eco,1829,3,5,3,5,5,3,3,5,5,5,3,4,4,5,0,0.0,1
Female,Loyal Customer,51,Business travel,Business,214,2,2,4,2,2,4,4,5,5,5,5,4,5,4,0,0.0,1
Male,Loyal Customer,58,Business travel,Business,3879,0,4,0,2,3,4,5,3,3,3,3,4,3,5,7,15.0,1
Female,Loyal Customer,39,Business travel,Business,3366,1,1,2,1,3,4,5,5,5,5,5,3,5,1,10,2.0,1
Male,Loyal Customer,45,Business travel,Business,3927,1,1,1,1,2,4,4,4,4,4,4,5,4,4,17,7.0,1
Male,disloyal Customer,25,Business travel,Eco,774,2,2,2,2,1,2,1,1,4,4,4,4,5,1,0,0.0,0
Male,Loyal Customer,42,Personal Travel,Eco,689,1,1,0,3,1,0,1,1,1,2,3,4,4,1,0,5.0,0
Female,Loyal Customer,49,Business travel,Business,1529,4,4,1,4,4,5,4,3,3,3,3,5,3,4,0,0.0,1
Male,Loyal Customer,24,Personal Travel,Eco,583,2,4,2,1,3,2,3,3,3,3,5,4,5,3,70,72.0,0
Male,Loyal Customer,41,Business travel,Business,550,2,5,5,5,4,4,4,2,2,2,2,3,2,2,0,0.0,0
Female,Loyal Customer,27,Personal Travel,Eco,369,1,2,5,4,5,5,5,5,4,3,4,2,3,5,0,0.0,1
Male,Loyal Customer,40,Personal Travel,Eco,1023,1,4,2,3,4,2,4,4,5,3,5,3,3,4,0,0.0,1
Female,Loyal Customer,26,Personal Travel,Eco,1013,2,2,2,2,3,2,1,3,1,5,2,2,2,3,0,0.0,0
Female,Loyal Customer,25,Business travel,Business,3154,2,2,4,2,2,2,2,2,4,2,4,3,4,2,0,0.0,0
Female,disloyal Customer,25,Business travel,Business,268,4,0,4,3,5,4,5,5,4,5,4,5,5,5,0,0.0,1
Female,Loyal Customer,39,Personal Travel,Eco,607,1,5,1,1,3,1,3,3,5,5,4,5,4,3,0,0.0,0
Male,Loyal Customer,14,Personal Travel,Eco,414,3,4,3,3,3,4,2,1,3,4,4,2,1,2,141,129.0,0
Male,Loyal Customer,51,Personal Travel,Eco,436,3,5,3,3,5,3,5,5,4,3,4,3,5,5,0,0.0,1
Male,disloyal Customer,61,Personal Travel,Eco,1721,4,3,5,2,4,5,4,4,4,4,1,4,2,4,0,0.0,1
Female,Loyal Customer,55,Business travel,Business,813,2,2,2,2,5,4,5,5,5,5,5,3,5,3,1,0.0,1
Male,Loyal Customer,23,Business travel,Eco Plus,377,2,2,2,2,2,2,4,2,1,1,3,2,4,2,0,0.0,0
Female,Loyal Customer,31,Business travel,Business,3906,2,1,1,1,2,3,2,2,4,2,4,3,4,2,22,38.0,0
Male,disloyal Customer,24,Business travel,Eco,1028,1,1,1,3,4,1,4,4,3,1,3,1,3,4,0,0.0,0
Male,Loyal Customer,52,Personal Travel,Eco,1133,4,4,4,3,4,1,1,4,4,4,4,1,3,1,188,203.0,0
Male,Loyal Customer,36,Personal Travel,Eco,679,2,3,2,4,2,1,5,3,4,3,4,5,1,5,133,143.0,0
Male,Loyal Customer,25,Business travel,Business,1011,4,4,4,4,4,4,4,4,5,5,5,3,4,4,0,0.0,1
Female,Loyal Customer,53,Business travel,Business,650,4,4,4,4,4,4,4,5,5,4,5,5,5,4,0,13.0,1
Female,Loyal Customer,33,Personal Travel,Eco,337,3,4,3,4,5,3,5,5,5,1,1,2,4,5,118,119.0,1
Female,Loyal Customer,64,Personal Travel,Eco,254,3,3,3,1,2,2,1,3,3,3,4,4,3,2,0,24.0,0
Male,Loyal Customer,53,Business travel,Business,1014,2,2,2,2,3,4,4,4,4,4,4,4,4,5,4,13.0,1
Male,disloyal Customer,37,Business travel,Eco,434,1,0,1,3,3,1,3,3,3,5,4,4,5,3,0,0.0,0
Female,Loyal Customer,15,Personal Travel,Eco,216,1,1,1,3,4,1,4,4,4,2,4,4,4,4,0,0.0,0
Female,Loyal Customer,33,Personal Travel,Eco,113,4,5,4,4,5,4,5,5,1,5,2,4,3,5,0,0.0,1
Male,Loyal Customer,45,Business travel,Business,3728,5,5,5,5,4,5,5,5,5,5,5,3,5,3,4,1.0,1
Female,Loyal Customer,34,Personal Travel,Eco,304,2,4,2,2,3,2,3,3,3,5,4,3,5,3,3,0.0,0
Female,Loyal Customer,62,Business travel,Eco Plus,650,4,1,2,1,4,1,1,4,4,4,4,2,4,4,5,0.0,0
Male,Loyal Customer,55,Business travel,Business,2004,2,2,2,2,4,5,5,4,4,4,4,1,4,4,18,14.0,1
Male,disloyal Customer,15,Business travel,Eco,545,3,2,2,4,2,2,3,2,2,4,4,2,4,2,0,0.0,0
Male,Loyal Customer,54,Business travel,Business,479,3,5,4,4,4,4,3,3,3,3,3,4,3,1,9,17.0,0
Male,disloyal Customer,64,Business travel,Business,338,5,5,5,4,2,5,2,2,4,2,5,3,4,2,0,0.0,0
Female,Loyal Customer,60,Business travel,Business,1846,3,3,3,3,5,5,5,5,5,5,5,3,5,4,22,22.0,1
Female,disloyal Customer,22,Business travel,Eco,129,4,5,4,2,4,4,4,4,5,4,2,2,1,4,0,0.0,1
Male,Loyal Customer,29,Business travel,Business,3324,5,5,5,5,4,4,4,4,4,3,4,3,4,4,22,0.0,1
Female,Loyal Customer,67,Personal Travel,Eco,626,3,4,3,3,4,4,4,2,2,3,2,5,2,3,0,0.0,0
Female,Loyal Customer,50,Personal Travel,Business,861,3,5,4,2,1,4,4,1,1,4,1,2,1,1,0,0.0,0
Female,Loyal Customer,53,Business travel,Business,1588,0,0,0,3,3,4,4,5,5,4,4,3,5,4,7,18.0,1
Male,Loyal Customer,54,Personal Travel,Eco,408,3,5,2,3,3,2,3,3,4,2,4,5,4,3,0,0.0,0
Male,disloyal Customer,18,Business travel,Eco,785,0,0,0,4,2,0,2,2,3,5,4,2,4,2,3,0.0,0
Female,Loyal Customer,53,Business travel,Business,2248,2,2,2,2,2,4,1,3,3,3,3,1,3,2,0,2.0,0
Female,Loyal Customer,23,Business travel,Business,153,2,2,2,2,5,5,3,5,2,4,3,2,4,5,55,67.0,1
Female,Loyal Customer,54,Personal Travel,Eco,772,1,4,1,1,3,2,1,3,3,1,3,4,3,5,0,0.0,0
Male,Loyal Customer,43,Business travel,Eco,481,4,1,1,1,4,4,4,4,2,3,1,1,3,4,0,0.0,0
Male,disloyal Customer,24,Business travel,Eco,616,3,2,2,3,4,2,4,4,2,3,3,1,3,4,81,59.0,0
Female,Loyal Customer,29,Personal Travel,Eco,788,2,5,1,1,5,1,5,5,5,3,5,4,5,5,31,24.0,1
Male,Loyal Customer,21,Personal Travel,Eco,986,3,4,4,3,5,4,5,5,4,4,4,4,5,5,0,0.0,1
Male,Loyal Customer,47,Business travel,Business,1508,3,3,3,3,2,2,2,4,4,4,4,5,4,4,25,18.0,1
Female,Loyal Customer,53,Business travel,Business,1773,1,1,1,1,4,5,4,5,5,5,5,5,5,4,0,0.0,1
Female,Loyal Customer,50,Business travel,Business,1648,3,2,3,2,5,1,1,3,3,3,3,2,3,2,0,8.0,0
Male,Loyal Customer,36,Personal Travel,Eco Plus,862,5,4,5,3,4,5,4,4,5,3,4,4,4,4,0,0.0,1
Male,Loyal Customer,39,Business travel,Business,3337,3,3,3,3,2,3,2,3,3,3,3,4,3,1,0,0.0,0
Male,Loyal Customer,31,Business travel,Business,3826,2,2,2,2,5,5,5,5,4,4,5,3,5,5,0,0.0,1
Male,Loyal Customer,35,Business travel,Business,868,4,4,3,4,4,4,4,4,4,4,4,3,4,5,0,0.0,1
Female,Loyal Customer,7,Personal Travel,Eco,784,4,5,3,1,1,3,1,1,3,3,5,4,5,1,4,0.0,0
Male,Loyal Customer,45,Personal Travel,Eco,756,5,5,5,4,4,5,4,4,4,2,5,5,5,4,2,5.0,1
Male,Loyal Customer,22,Personal Travel,Eco,354,5,3,5,3,3,5,5,3,1,2,4,4,3,3,0,0.0,1
Female,Loyal Customer,66,Personal Travel,Eco,311,0,5,0,5,5,4,4,4,4,0,4,4,4,4,0,0.0,1
Male,Loyal Customer,23,Personal Travel,Eco,569,2,4,2,4,5,2,5,5,5,5,5,3,4,5,0,0.0,1
Female,disloyal Customer,27,Business travel,Eco,802,2,2,2,2,3,2,3,3,3,5,2,5,3,3,0,0.0,0
Female,Loyal Customer,35,Personal Travel,Eco,315,3,5,3,3,2,3,2,2,1,1,2,3,5,2,0,0.0,0
Female,Loyal Customer,39,Business travel,Business,3368,5,5,5,5,3,5,5,4,4,4,4,5,4,5,0,0.0,1
Male,Loyal Customer,52,Business travel,Eco,858,4,4,4,4,5,4,5,5,1,2,2,4,4,5,0,0.0,1
Male,Loyal Customer,57,Business travel,Business,1591,2,2,2,2,2,4,5,5,5,5,5,4,5,4,1,5.0,1
Male,Loyal Customer,31,Business travel,Eco Plus,589,4,4,4,4,4,4,4,4,5,1,4,1,4,4,0,0.0,1
Male,disloyal Customer,34,Business travel,Eco,863,3,3,3,4,2,3,2,2,5,3,4,1,1,2,0,0.0,0
Female,disloyal Customer,39,Business travel,Eco Plus,557,2,2,2,4,1,2,1,1,2,2,3,1,4,1,40,58.0,0
Male,disloyal Customer,37,Business travel,Eco,944,5,5,5,3,2,5,2,2,4,3,2,3,1,2,0,0.0,0
Male,disloyal Customer,46,Business travel,Business,1547,4,4,4,2,4,4,2,4,4,2,4,4,5,4,0,0.0,1
Male,Loyal Customer,48,Business travel,Business,1814,3,3,3,3,3,5,4,5,5,5,5,3,5,5,5,10.0,1
Male,Loyal Customer,12,Personal Travel,Eco,594,0,3,0,3,1,0,1,1,1,1,3,1,4,1,0,0.0,0
Female,Loyal Customer,56,Business travel,Eco,546,2,2,2,2,4,4,3,2,2,2,2,2,2,2,12,11.0,0
Female,Loyal Customer,47,Business travel,Business,3547,3,3,3,3,4,5,5,4,4,4,4,4,4,3,0,0.0,1
Female,Loyal Customer,53,Business travel,Business,2772,1,1,2,1,4,2,4,4,4,4,4,4,4,1,0,0.0,1
Male,Loyal Customer,48,Business travel,Business,1713,3,3,3,3,2,5,4,5,5,5,5,5,5,4,32,43.0,1
Male,Loyal Customer,50,Business travel,Business,1068,5,5,5,5,5,4,4,4,4,4,4,3,4,4,57,49.0,1
Male,Loyal Customer,56,Business travel,Business,1015,1,1,1,1,2,3,4,1,1,2,1,1,1,4,7,0.0,0
Male,Loyal Customer,53,Business travel,Eco,743,5,1,3,3,5,5,5,5,2,1,5,1,2,5,68,67.0,1
Male,Loyal Customer,29,Business travel,Business,2521,4,4,4,4,5,5,5,5,4,4,5,4,4,5,21,8.0,1
Male,Loyal Customer,53,Business travel,Business,2475,2,2,2,2,4,5,4,4,4,4,4,3,4,3,0,0.0,1
Female,Loyal Customer,51,Business travel,Business,3637,5,5,5,5,5,5,5,3,3,3,3,3,3,4,0,0.0,1
Female,disloyal Customer,12,Business travel,Eco,1269,3,3,3,4,4,3,4,4,4,4,4,1,4,4,18,19.0,1
Male,Loyal Customer,38,Business travel,Business,3266,1,1,1,1,1,2,2,5,5,5,5,1,5,2,0,0.0,0
Male,Loyal Customer,38,Personal Travel,Eco,862,3,4,3,1,2,3,2,2,4,2,5,3,5,2,11,0.0,0
Female,Loyal Customer,48,Business travel,Eco,214,2,2,5,2,4,3,3,2,2,2,2,4,2,1,0,0.0,0
Female,Loyal Customer,69,Personal Travel,Eco,1012,4,4,4,3,5,1,4,2,2,4,2,1,2,2,0,0.0,0
Male,Loyal Customer,31,Business travel,Business,1050,3,3,5,3,4,4,4,4,2,3,5,3,5,4,0,0.0,1
Female,Loyal Customer,51,Business travel,Eco,991,3,5,4,5,3,2,2,3,3,3,3,2,3,4,0,32.0,0
Male,Loyal Customer,31,Business travel,Eco,1874,4,1,1,1,4,4,4,4,2,5,5,2,2,4,2,0.0,1
Female,Loyal Customer,62,Business travel,Eco,194,3,3,3,3,3,2,1,3,3,3,3,4,3,1,3,7.0,0
Female,Loyal Customer,24,Business travel,Business,1438,3,2,2,2,3,3,3,3,2,2,4,4,3,3,23,4.0,0
Female,disloyal Customer,41,Business travel,Eco,1440,3,3,3,3,3,3,3,3,3,5,4,2,3,3,9,0.0,0
Male,Loyal Customer,56,Business travel,Business,1765,3,3,3,3,2,5,5,4,4,4,4,5,4,3,0,0.0,1
Male,Loyal Customer,25,Business travel,Business,2674,2,2,2,2,5,5,5,5,1,2,5,3,5,5,0,0.0,1
Female,Loyal Customer,22,Business travel,Business,484,3,2,2,2,3,3,3,3,4,5,3,1,4,3,2,0.0,0
Female,Loyal Customer,47,Business travel,Business,447,2,2,2,2,5,4,4,4,4,4,4,4,4,4,112,102.0,1
Female,disloyal Customer,24,Business travel,Eco,516,0,0,0,5,3,0,3,3,1,2,2,1,5,3,0,0.0,0
Male,Loyal Customer,33,Business travel,Business,1628,2,3,3,3,2,2,2,2,1,2,4,3,4,2,3,19.0,0
Male,Loyal Customer,48,Personal Travel,Eco,895,5,4,5,1,3,5,3,3,1,3,3,4,5,3,0,0.0,1
Male,Loyal Customer,40,Business travel,Business,307,0,0,0,4,3,5,5,3,3,3,3,3,3,5,0,0.0,1
Female,Loyal Customer,55,Business travel,Eco,289,3,3,3,3,4,3,4,3,3,3,3,3,3,2,0,0.0,0
Male,Loyal Customer,47,Business travel,Business,1067,5,5,5,5,4,5,5,5,5,4,5,4,5,5,0,0.0,1
Male,Loyal Customer,52,Business travel,Business,967,4,4,4,4,5,4,4,3,3,4,3,5,3,4,0,0.0,1
Male,Loyal Customer,26,Business travel,Business,1598,4,3,3,3,4,4,4,1,4,2,3,4,2,4,123,141.0,0
Male,disloyal Customer,25,Business travel,Business,834,4,0,4,2,3,4,3,3,5,2,4,4,5,3,0,5.0,1
Female,disloyal Customer,42,Business travel,Business,1289,4,4,4,4,1,4,1,1,5,5,5,4,4,1,0,0.0,0
Female,Loyal Customer,36,Personal Travel,Eco,867,2,3,2,1,4,2,4,4,4,5,2,3,4,4,0,6.0,1
Female,Loyal Customer,11,Personal Travel,Eco,2586,3,4,3,3,2,3,2,2,5,3,4,5,5,2,32,34.0,0
Female,Loyal Customer,39,Business travel,Business,3827,2,3,3,3,4,4,3,2,2,2,2,3,2,4,24,22.0,0
Female,Loyal Customer,46,Business travel,Business,2951,2,2,2,2,5,5,5,4,4,4,4,3,4,3,17,12.0,1
Female,Loyal Customer,27,Personal Travel,Eco,548,3,0,3,4,2,3,2,2,5,2,4,4,4,2,0,0.0,0
Male,Loyal Customer,10,Business travel,Business,495,3,3,3,3,5,4,5,5,3,5,5,5,4,5,16,0.0,1
Male,Loyal Customer,45,Business travel,Eco,584,1,1,1,1,1,1,1,1,1,5,4,4,4,1,0,0.0,0
Male,Loyal Customer,18,Personal Travel,Eco,368,2,4,1,4,2,1,2,2,2,1,2,1,1,2,0,0.0,0
Female,Loyal Customer,51,Business travel,Business,2945,3,5,5,5,4,2,3,3,3,3,3,4,3,4,27,23.0,1
Male,Loyal Customer,43,Business travel,Eco,315,2,4,4,4,2,2,2,2,3,3,1,3,1,2,6,4.0,0
Male,disloyal Customer,24,Business travel,Eco,491,2,4,2,4,3,2,3,3,4,5,5,3,5,3,0,7.0,1
Male,disloyal Customer,20,Business travel,Eco,335,3,3,3,2,4,3,4,4,5,1,5,2,3,4,0,0.0,1
Female,disloyal Customer,23,Business travel,Eco,427,4,2,4,3,4,4,1,4,1,2,4,2,3,4,0,0.0,0
Female,Loyal Customer,24,Business travel,Eco Plus,707,1,3,3,3,1,1,2,1,1,3,3,2,2,1,0,0.0,0
Male,disloyal Customer,28,Business travel,Business,1157,5,5,5,3,5,5,5,5,3,3,5,4,4,5,0,18.0,1
Female,Loyal Customer,19,Personal Travel,Eco,2172,3,5,2,5,3,2,5,3,5,3,4,5,4,3,8,3.0,1
Female,Loyal Customer,33,Business travel,Eco Plus,844,4,4,4,4,4,4,4,4,5,3,5,2,1,4,0,0.0,1
Male,Loyal Customer,34,Business travel,Business,3870,1,1,1,1,3,4,5,5,5,5,5,3,5,3,80,67.0,1
Female,Loyal Customer,27,Business travel,Business,669,1,1,1,1,4,4,4,4,3,2,2,3,4,4,5,0.0,1
Female,Loyal Customer,59,Business travel,Business,501,1,1,4,1,3,2,4,5,5,5,5,4,5,1,91,107.0,1
Male,disloyal Customer,27,Business travel,Business,1290,5,5,5,3,3,5,2,3,5,4,5,5,5,3,3,0.0,1
Female,disloyal Customer,26,Business travel,Eco Plus,110,2,0,2,2,5,2,4,5,3,3,5,4,1,5,0,0.0,1
Female,Loyal Customer,34,Business travel,Business,1944,2,2,2,2,5,3,4,5,5,5,5,2,5,5,19,21.0,1
Female,Loyal Customer,32,Personal Travel,Eco,1119,2,5,2,2,4,2,4,4,5,3,5,3,4,4,9,9.0,1
Male,Loyal Customer,38,Business travel,Business,636,5,5,5,5,4,5,5,3,3,3,3,4,3,5,102,118.0,1
Female,Loyal Customer,51,Business travel,Business,325,1,1,1,1,5,4,4,5,5,5,5,5,5,5,20,2.0,1
Female,Loyal Customer,63,Personal Travel,Eco,967,3,4,3,3,2,5,5,3,3,3,3,4,3,5,0,2.0,1
Male,disloyal Customer,20,Business travel,Eco,479,4,0,3,4,2,3,2,2,4,5,5,4,4,2,18,9.0,0
Male,Loyal Customer,58,Business travel,Business,2102,4,4,4,4,5,4,1,5,5,5,5,4,5,3,0,0.0,1
Male,Loyal Customer,39,Personal Travel,Eco,534,4,5,4,3,3,4,3,3,5,4,5,4,4,3,23,20.0,1
Male,Loyal Customer,30,Business travel,Business,3497,1,1,1,1,3,4,3,3,4,2,5,3,4,3,0,1.0,1
Male,Loyal Customer,7,Personal Travel,Eco Plus,1671,2,5,2,2,4,2,4,4,2,3,5,2,1,4,0,0.0,0
Male,Loyal Customer,69,Personal Travel,Eco,2239,1,4,1,3,5,1,5,5,3,2,3,3,5,5,3,0.0,1
Female,disloyal Customer,15,Business travel,Eco,641,2,3,2,4,5,2,3,5,2,1,3,4,4,5,0,0.0,1
Female,Loyal Customer,44,Business travel,Eco,255,2,1,1,1,3,2,3,3,3,2,3,2,3,4,10,11.0,0
Female,Loyal Customer,46,Business travel,Eco,678,2,2,2,2,1,4,4,2,2,2,2,3,2,1,0,0.0,0
Male,Loyal Customer,30,Personal Travel,Eco,1096,1,1,1,3,1,1,1,2,3,4,3,1,1,1,179,166.0,0
Male,Loyal Customer,46,Business travel,Business,1916,3,1,1,1,2,2,3,3,3,3,3,1,3,4,0,0.0,0
Male,disloyal Customer,48,Business travel,Business,821,3,3,3,3,5,3,5,5,3,2,5,4,5,5,2,5.0,1
Female,Loyal Customer,44,Personal Travel,Eco,1927,4,5,4,3,4,4,5,2,2,4,2,5,2,3,0,0.0,1
Female,Loyal Customer,78,Business travel,Business,1845,4,4,4,4,3,3,4,4,4,4,4,5,4,5,0,0.0,1
Female,Loyal Customer,10,Personal Travel,Eco,666,3,0,3,3,3,3,3,3,4,5,5,4,4,3,0,0.0,1
Female,Loyal Customer,39,Personal Travel,Eco,214,3,1,3,2,4,3,4,4,4,4,2,4,2,4,0,0.0,1
Male,Loyal Customer,31,Business travel,Eco,2065,5,2,2,2,5,5,5,5,2,4,3,1,3,5,0,0.0,1
Female,Loyal Customer,59,Business travel,Business,3841,5,5,5,5,2,5,4,3,3,3,3,3,3,4,0,0.0,1
Male,disloyal Customer,21,Business travel,Eco,250,2,4,2,4,3,2,3,3,2,1,2,4,1,3,0,15.0,0
Male,Loyal Customer,15,Personal Travel,Eco,1400,3,5,3,5,5,3,5,5,3,2,4,4,4,5,1,3.0,1
Male,Loyal Customer,59,Business travel,Business,3810,2,2,2,2,3,4,4,4,4,4,4,3,4,3,2,0.0,1
Male,disloyal Customer,42,Business travel,Business,710,3,3,3,4,2,3,2,2,2,5,4,4,3,2,0,0.0,0
Male,Loyal Customer,47,Business travel,Business,1024,4,4,4,4,3,4,4,5,5,5,5,4,5,3,0,0.0,1
Female,Loyal Customer,41,Personal Travel,Eco,174,2,5,2,5,4,2,4,4,3,2,4,5,4,4,33,38.0,1
Male,disloyal Customer,24,Business travel,Business,432,5,5,5,3,3,5,3,3,3,2,5,4,4,3,0,0.0,1
Male,Loyal Customer,26,Business travel,Business,1005,5,5,5,5,5,5,5,5,1,1,3,5,1,5,14,0.0,1
Male,Loyal Customer,52,Business travel,Business,328,1,2,1,1,4,5,5,4,4,4,4,4,4,5,0,0.0,1
Male,Loyal Customer,44,Business travel,Business,1048,3,3,3,3,2,4,4,4,4,5,4,3,4,3,0,6.0,1
Male,Loyal Customer,27,Personal Travel,Eco,134,2,0,0,1,5,0,2,5,5,5,4,4,5,5,0,4.0,1
Female,Loyal Customer,39,Business travel,Business,1962,3,3,3,3,3,5,5,5,5,5,5,4,5,4,0,0.0,1
Male,Loyal Customer,46,Business travel,Business,1716,2,3,3,3,3,3,4,2,2,2,2,2,2,1,0,0.0,0
Female,Loyal Customer,75,Business travel,Business,427,5,5,5,5,5,3,1,5,5,5,5,2,5,4,0,0.0,1
Male,disloyal Customer,47,Business travel,Business,406,2,2,2,5,5,2,5,5,3,3,4,5,4,5,0,0.0,1
Female,Loyal Customer,9,Business travel,Eco,936,3,4,4,4,3,4,3,3,4,3,4,2,4,3,0,0.0,0
Male,Loyal Customer,23,Business travel,Business,1787,4,4,4,4,5,5,5,5,4,5,2,5,3,5,8,5.0,1
Female,disloyal Customer,20,Business travel,Eco,627,2,0,1,4,4,1,4,4,4,5,1,1,3,4,10,14.0,0
Male,disloyal Customer,20,Business travel,Eco,270,4,1,4,2,1,4,1,1,1,1,2,3,2,1,4,0.0,0
Female,Loyal Customer,38,Business travel,Business,3776,4,4,4,4,3,5,3,2,2,2,2,2,2,4,0,0.0,0
Female,Loyal Customer,33,Business travel,Eco,257,5,2,3,2,5,5,5,5,5,5,2,2,1,5,0,0.0,1
Female,Loyal Customer,37,Business travel,Business,822,5,5,5,5,3,3,2,3,3,3,3,1,3,2,9,0.0,0
Female,Loyal Customer,57,Business travel,Business,153,3,4,4,4,5,3,4,2,2,2,3,4,2,2,0,0.0,0
Female,Loyal Customer,44,Personal Travel,Eco,89,1,4,1,4,5,5,4,2,2,1,2,5,2,5,14,6.0,0
Female,Loyal Customer,20,Business travel,Business,1687,1,0,0,3,1,0,1,1,1,1,3,4,4,1,0,0.0,0
Male,Loyal Customer,17,Business travel,Business,386,1,1,1,1,4,4,4,4,4,3,5,3,5,4,2,0.0,1
Female,Loyal Customer,47,Business travel,Business,3169,2,5,5,5,1,2,2,2,2,2,2,2,2,1,0,0.0,0
Male,Loyal Customer,57,Business travel,Business,1706,5,5,5,5,3,4,4,4,4,4,4,3,4,3,0,0.0,1
Female,Loyal Customer,51,Personal Travel,Eco,615,2,4,2,3,2,3,4,2,2,2,2,1,2,1,0,0.0,0
Female,Loyal Customer,45,Personal Travel,Business,1171,4,5,4,2,5,3,5,5,5,4,5,4,5,3,0,0.0,1
Male,Loyal Customer,46,Business travel,Business,1379,2,5,5,5,3,4,4,2,2,2,2,4,2,2,0,0.0,0
Male,Loyal Customer,45,Business travel,Eco,667,3,1,1,1,2,3,2,2,1,1,3,1,3,2,124,112.0,0
Female,Loyal Customer,27,Business travel,Eco Plus,624,5,4,4,4,5,5,5,5,3,5,4,2,5,5,14,12.0,1
Female,Loyal Customer,34,Personal Travel,Eco,1119,2,5,3,3,5,3,5,5,3,5,5,3,4,5,0,0.0,1
Female,Loyal Customer,69,Personal Travel,Eco,643,3,4,3,4,3,5,4,3,3,3,3,3,3,5,0,0.0,1
Male,Loyal Customer,72,Business travel,Eco Plus,270,1,1,5,1,1,1,1,1,1,1,4,1,4,1,6,0.0,0
Male,Loyal Customer,47,Business travel,Business,3059,0,0,0,5,3,2,5,1,1,1,1,1,1,4,38,26.0,0
Male,Loyal Customer,37,Personal Travel,Eco,1199,2,2,1,3,4,1,4,4,1,3,4,2,3,4,2,0.0,0
Female,Loyal Customer,24,Personal Travel,Eco,337,4,1,4,3,1,4,5,1,3,2,3,4,3,1,0,0.0,0
Female,Loyal Customer,36,Personal Travel,Eco,447,3,3,3,1,3,3,1,3,2,1,2,5,4,3,0,0.0,0
Male,Loyal Customer,11,Personal Travel,Eco,321,2,3,5,4,2,5,2,2,3,2,4,3,3,2,33,13.0,0
Male,Loyal Customer,35,Business travel,Business,2107,2,2,2,2,4,3,4,2,2,2,2,3,2,4,0,5.0,0
Male,disloyal Customer,44,Business travel,Eco,628,3,1,3,3,5,3,3,5,1,4,2,4,2,5,0,0.0,1
Female,Loyal Customer,32,Business travel,Business,2685,4,1,4,4,5,5,5,5,1,4,4,1,3,5,34,26.0,1
Female,Loyal Customer,37,Business travel,Business,1249,3,2,2,2,2,3,3,3,3,3,3,1,3,1,0,0.0,0
Female,Loyal Customer,41,Business travel,Business,209,4,4,4,4,1,3,3,2,2,2,4,1,2,2,95,100.0,0
Female,Loyal Customer,36,Business travel,Business,2769,3,3,3,3,5,5,4,5,5,5,5,4,5,4,0,0.0,1
Female,Loyal Customer,62,Business travel,Business,1460,3,3,4,3,1,3,3,3,3,3,3,4,3,1,43,25.0,0
Male,Loyal Customer,42,Personal Travel,Eco,986,1,5,1,5,1,1,1,1,4,3,5,5,4,1,10,10.0,0
Male,Loyal Customer,50,Business travel,Eco Plus,518,5,4,4,4,5,5,5,5,2,4,4,2,2,5,0,1.0,1
Male,disloyal Customer,20,Business travel,Eco,1009,4,4,4,4,3,4,3,3,5,5,4,5,4,3,2,0.0,1
Female,disloyal Customer,38,Business travel,Business,1107,4,4,4,3,4,4,4,4,5,5,5,3,5,4,8,0.0,1
Male,disloyal Customer,35,Business travel,Business,89,3,3,3,3,3,3,3,3,5,3,4,4,5,3,0,0.0,1
Female,Loyal Customer,36,Business travel,Business,151,4,4,4,4,4,2,1,5,5,5,5,3,5,1,12,14.0,1
Female,Loyal Customer,39,Business travel,Business,455,4,4,4,4,4,4,5,5,5,5,5,4,5,4,0,0.0,1
Male,disloyal Customer,30,Business travel,Business,696,1,1,1,2,4,1,4,4,3,2,5,3,4,4,0,0.0,1
Female,Loyal Customer,58,Business travel,Business,602,1,1,1,1,4,4,5,4,4,4,4,4,4,3,0,0.0,1
Female,Loyal Customer,43,Business travel,Business,2737,4,4,4,4,2,1,1,4,4,4,4,3,4,4,0,0.0,1
Male,Loyal Customer,70,Business travel,Eco,402,3,2,2,2,3,3,3,3,3,5,3,4,4,3,0,0.0,0
Male,Loyal Customer,50,Business travel,Business,853,2,2,2,2,2,5,5,4,4,4,4,3,4,5,0,0.0,1
Female,Loyal Customer,39,Personal Travel,Eco,1182,1,4,1,3,3,1,3,3,4,5,3,2,3,3,99,101.0,0
Male,Loyal Customer,58,Business travel,Business,3554,5,5,5,5,4,4,4,4,4,4,4,4,4,5,14,9.0,1
Female,Loyal Customer,45,Business travel,Business,1464,2,2,2,2,5,5,4,5,5,5,5,3,5,4,49,29.0,1
Female,Loyal Customer,48,Business travel,Business,3473,5,5,5,5,2,4,4,4,4,4,4,3,4,5,0,0.0,1
Male,Loyal Customer,48,Business travel,Eco,1107,4,5,5,5,4,4,4,4,3,5,4,1,2,4,0,0.0,1
Female,Loyal Customer,53,Business travel,Business,3106,1,3,3,3,2,3,2,2,2,2,1,2,2,1,0,0.0,0
Female,disloyal Customer,20,Business travel,Eco,612,1,5,2,2,2,2,3,2,2,4,4,4,2,2,17,11.0,0
Female,Loyal Customer,38,Personal Travel,Eco,1384,4,4,3,1,5,3,5,5,5,3,3,4,5,5,0,0.0,1
Female,Loyal Customer,42,Personal Travel,Eco Plus,919,4,5,4,4,4,2,1,3,3,4,3,3,3,2,12,0.0,0
Male,Loyal Customer,60,Business travel,Business,200,5,5,5,5,3,5,4,5,5,4,4,5,5,4,0,0.0,1
Female,Loyal Customer,51,Business travel,Business,1975,0,4,0,4,2,4,5,1,1,1,1,5,1,3,9,0.0,0
Female,Loyal Customer,33,Personal Travel,Eco,1546,3,4,3,4,4,3,4,4,2,3,3,3,3,4,0,0.0,1
Male,disloyal Customer,41,Business travel,Eco,488,3,0,3,3,1,3,1,1,4,4,5,3,5,1,3,0.0,0
Female,Loyal Customer,48,Business travel,Business,631,2,2,2,2,2,4,4,4,4,4,4,3,4,5,12,129.0,1
Female,Loyal Customer,64,Business travel,Business,1709,0,0,0,2,3,4,5,3,3,5,5,5,3,4,16,2.0,1
Male,Loyal Customer,70,Personal Travel,Eco,1009,3,4,3,4,3,3,5,3,1,1,3,3,4,3,0,25.0,0
Male,Loyal Customer,41,Personal Travel,Eco,325,2,5,2,1,4,2,4,4,4,4,2,4,3,4,0,0.0,1
Male,disloyal Customer,22,Business travel,Eco,102,3,3,4,1,2,4,2,2,4,3,4,2,1,2,0,0.0,0
Female,Loyal Customer,17,Personal Travel,Eco,1825,3,5,3,2,5,3,5,5,4,5,4,3,4,5,0,1.0,1
Female,Loyal Customer,58,Business travel,Business,1695,2,5,5,5,2,4,3,4,4,4,2,1,4,4,27,31.0,1
Female,Loyal Customer,53,Business travel,Eco,196,2,2,2,2,5,4,4,2,2,2,2,3,2,3,77,90.0,0
Female,Loyal Customer,43,Business travel,Business,806,4,4,4,4,5,4,4,5,5,5,5,3,5,5,0,0.0,1
Female,Loyal Customer,47,Business travel,Eco,577,2,3,3,3,5,2,3,2,2,2,2,1,2,2,9,11.0,0
Male,disloyal Customer,12,Business travel,Eco,815,2,2,2,3,1,2,1,1,1,5,3,2,4,1,0,14.0,0
Female,Loyal Customer,51,Personal Travel,Eco,1587,1,2,1,4,4,3,3,3,3,1,3,2,3,4,0,0.0,0
Male,Loyal Customer,36,Business travel,Business,1587,1,1,1,1,4,3,4,5,5,5,5,4,5,3,0,21.0,1
Female,Loyal Customer,46,Personal Travel,Eco,247,3,4,3,1,5,4,4,3,3,3,3,3,3,4,8,6.0,1
Male,Loyal Customer,52,Business travel,Business,1631,4,4,4,4,3,5,5,5,5,5,5,5,5,3,0,0.0,1
Male,Loyal Customer,9,Business travel,Eco,596,2,3,3,3,2,2,1,2,3,3,4,1,4,2,66,67.0,0
Female,disloyal Customer,26,Business travel,Business,1192,4,4,4,1,2,4,2,2,4,4,4,5,4,2,14,0.0,0
Male,Loyal Customer,42,Business travel,Business,859,3,3,3,3,2,4,5,4,4,4,4,4,4,5,22,16.0,1
Female,disloyal Customer,22,Business travel,Eco,1069,3,3,3,4,1,3,1,1,1,4,4,3,4,1,92,101.0,0
Female,Loyal Customer,55,Business travel,Eco,770,5,4,4,4,2,2,2,5,5,5,5,2,5,4,5,12.0,1
Female,Loyal Customer,30,Business travel,Eco Plus,284,3,4,4,4,3,3,3,3,1,5,3,1,4,3,0,0.0,0
Female,Loyal Customer,47,Business travel,Business,2566,2,4,5,5,5,3,3,3,3,3,2,1,3,4,28,24.0,1
Male,Loyal Customer,61,Personal Travel,Eco,337,2,2,3,3,3,3,3,2,4,3,4,3,3,3,142,151.0,0
Female,Loyal Customer,47,Business travel,Business,3483,4,4,4,4,4,5,4,5,5,5,5,5,5,3,3,3.0,1
Female,Loyal Customer,57,Business travel,Business,2603,1,1,3,1,5,5,5,4,4,5,4,5,4,5,0,0.0,1
Female,Loyal Customer,70,Personal Travel,Eco Plus,239,2,3,2,3,1,3,3,2,2,2,5,2,2,1,1,1.0,0
Female,Loyal Customer,62,Business travel,Business,3937,2,3,3,3,2,2,2,2,2,2,2,3,2,1,92,75.0,0
Male,Loyal Customer,29,Personal Travel,Eco,283,1,5,1,2,5,1,1,5,3,3,4,4,4,5,2,0.0,0
Male,disloyal Customer,27,Business travel,Business,236,2,2,2,3,1,2,1,1,4,4,1,1,3,1,89,78.0,0
Female,Loyal Customer,46,Business travel,Eco,888,2,5,5,5,4,3,4,2,2,2,2,2,2,2,0,9.0,0
Male,Loyal Customer,45,Business travel,Business,2350,5,5,2,5,5,3,5,4,4,4,4,4,4,5,0,0.0,1
Male,Loyal Customer,56,Business travel,Business,3944,5,5,5,5,2,5,5,4,4,5,4,5,4,5,0,7.0,1
Male,disloyal Customer,32,Business travel,Business,759,3,3,3,2,5,3,5,5,5,2,5,4,4,5,15,6.0,1
Male,Loyal Customer,38,Business travel,Eco Plus,739,5,3,3,3,5,5,5,5,3,5,5,1,3,5,13,0.0,1
Male,Loyal Customer,36,Business travel,Business,2704,3,5,3,3,4,4,5,5,5,5,5,5,5,5,0,1.0,1
Female,disloyal Customer,20,Business travel,Eco,488,2,3,2,4,2,2,2,2,4,4,4,1,3,2,67,60.0,0
Female,Loyal Customer,50,Business travel,Business,1744,2,2,2,2,2,5,4,2,2,2,2,5,2,5,20,37.0,0
Male,Loyal Customer,53,Business travel,Eco,817,5,2,2,2,5,5,5,5,2,3,4,2,5,5,0,0.0,1
Male,Loyal Customer,24,Business travel,Business,3979,3,3,3,3,4,4,4,4,4,4,4,4,5,4,0,0.0,1
Female,Loyal Customer,49,Business travel,Eco Plus,980,2,3,3,3,4,3,3,2,2,2,2,4,2,2,0,0.0,0
Male,Loyal Customer,19,Business travel,Business,2388,5,5,5,5,4,5,4,4,5,5,1,5,4,4,0,0.0,1
Male,Loyal Customer,52,Personal Travel,Eco,266,3,5,3,2,4,3,4,4,4,3,3,5,5,4,0,0.0,1
Male,Loyal Customer,20,Business travel,Eco,238,5,3,2,2,5,5,5,5,3,4,1,3,1,5,85,77.0,1
Male,Loyal Customer,41,Personal Travel,Eco,1005,3,4,3,2,3,3,3,3,4,2,5,4,5,3,76,116.0,1
Female,disloyal Customer,17,Business travel,Eco,731,5,5,5,4,4,5,5,4,2,4,3,3,3,4,9,0.0,1
Female,Loyal Customer,35,Business travel,Eco,867,5,2,2,2,5,5,5,5,3,1,5,5,2,5,0,0.0,1
Female,Loyal Customer,54,Business travel,Eco,262,2,2,2,2,4,4,3,2,2,2,2,3,2,4,0,0.0,0
Male,disloyal Customer,54,Business travel,Eco,1304,4,3,3,4,3,4,5,3,3,3,2,2,5,3,0,0.0,1
Female,disloyal Customer,26,Business travel,Eco Plus,1721,3,2,3,3,5,3,5,5,2,2,3,2,3,5,13,9.0,1
Male,Loyal Customer,46,Business travel,Business,3224,2,2,2,2,1,5,3,5,5,5,5,1,5,3,12,11.0,1
Female,Loyal Customer,44,Business travel,Business,569,3,3,3,3,5,4,4,4,4,4,4,5,4,4,1,2.0,1
Male,Loyal Customer,38,Personal Travel,Eco,489,5,2,2,4,4,2,4,4,2,4,3,3,3,4,0,0.0,1
Male,Loyal Customer,52,Personal Travel,Eco,602,3,2,3,3,3,3,3,2,1,4,3,3,3,3,129,178.0,0
Female,disloyal Customer,23,Business travel,Business,647,4,0,4,1,4,4,4,4,3,2,5,4,5,4,31,36.0,1
Female,disloyal Customer,22,Business travel,Eco,413,0,0,0,5,3,0,1,3,5,4,4,3,5,3,22,14.0,0
Female,Loyal Customer,55,Business travel,Business,1825,3,3,3,3,4,5,5,4,4,4,4,4,4,5,14,1.0,1
Female,Loyal Customer,47,Business travel,Eco,419,4,2,2,2,5,1,1,4,4,4,4,2,4,4,0,0.0,1
Female,disloyal Customer,39,Business travel,Business,641,2,2,2,4,4,2,1,4,1,2,3,3,3,4,58,45.0,0
Male,Loyal Customer,45,Business travel,Business,854,1,1,1,1,4,4,5,5,5,5,5,5,5,3,0,2.0,1
Female,Loyal Customer,49,Personal Travel,Eco,631,3,4,3,5,2,4,4,4,4,3,4,3,4,4,13,17.0,1
Male,Loyal Customer,16,Business travel,Business,2567,3,1,5,1,3,3,3,3,3,1,4,3,4,3,2,17.0,0
Female,Loyal Customer,43,Personal Travel,Eco,409,3,4,3,3,5,4,3,3,3,3,3,1,3,1,0,0.0,0
Male,Loyal Customer,46,Business travel,Eco,589,3,3,1,3,4,3,4,4,4,4,5,1,5,4,39,48.0,1
Female,Loyal Customer,70,Personal Travel,Eco,404,3,5,4,5,4,3,2,5,5,4,1,5,5,1,9,2.0,1
Male,Loyal Customer,46,Business travel,Business,888,5,5,2,5,4,4,5,4,4,4,4,5,4,5,0,0.0,1
Female,disloyal Customer,24,Business travel,Eco,1201,4,3,3,5,5,3,5,5,3,1,5,1,2,5,0,0.0,1
Female,Loyal Customer,25,Business travel,Business,1723,2,2,2,2,4,4,4,4,5,4,4,4,5,4,2,0.0,1
Female,Loyal Customer,41,Personal Travel,Eco,822,3,5,3,1,5,3,5,5,3,4,4,5,5,5,0,0.0,1
Female,Loyal Customer,56,Business travel,Eco,909,3,5,5,5,1,4,4,3,3,3,3,2,3,2,0,0.0,0
Male,Loyal Customer,45,Business travel,Business,125,5,5,5,5,3,5,4,5,5,5,5,4,5,5,0,3.0,1
Female,Loyal Customer,30,Personal Travel,Eco,588,1,1,0,2,4,0,4,4,1,1,2,4,3,4,0,0.0,0
Female,Loyal Customer,43,Business travel,Business,3665,4,4,4,4,5,4,5,4,4,4,4,4,4,4,0,0.0,1
Female,disloyal Customer,25,Business travel,Eco,950,2,2,2,1,3,2,3,3,2,1,5,5,1,3,0,0.0,0
Female,Loyal Customer,44,Business travel,Business,605,5,5,5,5,3,4,5,4,4,4,4,4,4,3,0,0.0,1
Female,disloyal Customer,15,Business travel,Business,1265,4,0,3,3,3,3,3,3,5,2,4,5,4,3,1,0.0,1
Male,Loyal Customer,34,Business travel,Business,3301,2,2,2,2,5,5,5,4,4,4,4,5,4,4,0,0.0,1
Female,Loyal Customer,42,Business travel,Business,1971,4,4,4,4,4,4,5,5,5,5,4,3,5,5,0,5.0,1
Male,Loyal Customer,56,Business travel,Business,345,1,4,3,4,3,3,3,1,1,2,1,2,1,2,56,53.0,0
Male,Loyal Customer,45,Business travel,Business,2672,4,4,4,4,2,5,5,5,5,5,5,4,5,5,0,0.0,1
Male,Loyal Customer,21,Personal Travel,Eco,1290,1,5,0,1,5,0,3,5,5,4,4,3,5,5,0,0.0,1
Female,Loyal Customer,24,Business travel,Business,589,3,5,5,5,3,3,3,3,3,4,2,1,3,3,2,2.0,0
Female,Loyal Customer,60,Business travel,Business,460,4,4,4,4,1,3,4,5,5,5,5,2,5,3,46,70.0,1
Male,Loyal Customer,38,Personal Travel,Eco,842,5,2,5,2,5,3,3,1,3,2,3,3,2,3,176,189.0,0
Male,Loyal Customer,7,Personal Travel,Eco,283,4,2,4,4,5,4,5,5,2,2,4,4,4,5,0,0.0,1
Male,Loyal Customer,57,Business travel,Eco,672,4,2,2,2,4,4,4,4,4,4,3,3,4,4,1,0.0,1
Female,Loyal Customer,37,Business travel,Business,1940,2,2,2,2,2,4,4,4,4,4,4,5,4,3,0,0.0,1
Male,Loyal Customer,36,Personal Travel,Eco,787,4,4,4,4,2,4,2,2,4,4,4,3,4,2,3,0.0,0
Male,Loyal Customer,34,Business travel,Business,300,0,0,0,1,5,5,5,1,1,4,3,5,2,5,159,148.0,0
Female,Loyal Customer,36,Business travel,Business,1930,2,2,2,2,2,4,4,2,2,2,2,3,2,3,45,33.0,0
Male,Loyal Customer,57,Business travel,Business,3482,5,5,2,5,3,4,4,4,4,4,5,4,4,5,21,12.0,1
Male,disloyal Customer,29,Business travel,Eco,710,1,1,1,3,3,1,3,3,2,3,3,1,4,3,0,0.0,0
Male,Loyal Customer,45,Business travel,Eco,526,5,3,3,3,5,5,5,5,3,4,1,2,4,5,0,0.0,1
Female,Loyal Customer,50,Business travel,Business,1937,1,3,4,3,5,3,4,2,2,2,1,3,2,4,0,0.0,0
Female,Loyal Customer,56,Business travel,Business,1599,4,4,4,4,4,4,4,5,5,4,5,5,5,5,0,5.0,1
Female,Loyal Customer,50,Personal Travel,Eco,838,2,4,2,3,5,5,4,3,3,2,3,5,3,3,0,0.0,1
Male,Loyal Customer,10,Personal Travel,Eco,1825,3,4,3,4,1,3,1,1,2,2,3,4,4,1,0,0.0,0
Male,Loyal Customer,50,Business travel,Eco,1464,3,2,5,2,3,3,3,3,3,2,3,2,2,3,25,28.0,0
Female,disloyal Customer,26,Business travel,Business,209,3,3,3,4,1,3,1,1,2,2,4,2,4,1,6,88.0,0
Female,Loyal Customer,46,Business travel,Eco,472,2,4,4,4,5,4,4,1,1,2,1,1,1,1,13,0.0,0
Female,Loyal Customer,54,Business travel,Business,2279,4,4,4,4,5,4,5,4,4,5,4,3,4,4,0,0.0,1
Female,Loyal Customer,70,Personal Travel,Eco,853,1,4,1,2,2,4,4,1,1,1,1,4,1,4,0,0.0,0
Female,Loyal Customer,68,Personal Travel,Eco,645,3,5,3,2,2,1,3,4,4,3,4,4,4,2,42,17.0,0
Female,Loyal Customer,32,Personal Travel,Eco,954,2,4,2,4,1,2,1,1,1,5,3,4,3,1,0,9.0,0
Male,Loyal Customer,46,Business travel,Business,1603,2,2,2,2,3,4,4,4,4,4,4,5,4,5,4,0.0,1
Male,Loyal Customer,33,Personal Travel,Eco Plus,361,1,5,1,4,3,1,5,3,4,3,4,4,4,3,0,0.0,0
Female,Loyal Customer,62,Business travel,Business,399,3,3,3,3,1,1,2,4,4,4,4,2,4,4,0,0.0,0
Female,Loyal Customer,12,Business travel,Business,3050,2,1,1,1,2,2,2,2,2,1,4,4,3,2,1,0.0,0
Male,Loyal Customer,51,Business travel,Eco,1269,4,1,1,1,4,4,4,4,4,5,3,1,3,4,85,88.0,1
Male,disloyal Customer,20,Business travel,Eco,829,4,4,4,4,1,4,3,1,5,5,5,3,5,1,2,0.0,0
Female,Loyal Customer,27,Personal Travel,Eco Plus,937,4,3,4,4,1,4,1,1,2,3,3,1,3,1,0,0.0,0
Female,Loyal Customer,47,Business travel,Eco,967,1,3,3,3,4,3,3,1,1,1,1,1,1,4,0,13.0,0
Male,disloyal Customer,21,Business travel,Eco,140,2,0,2,3,3,2,3,3,4,2,4,5,5,3,3,38.0,0
Male,disloyal Customer,22,Business travel,Eco,373,2,4,2,1,5,2,5,5,3,4,5,3,5,5,0,0.0,1
Male,Loyal Customer,31,Business travel,Business,1668,2,4,4,4,2,2,2,2,2,2,4,1,3,2,50,47.0,0
Male,Loyal Customer,30,Business travel,Business,321,0,0,0,3,4,2,2,4,4,3,4,5,4,4,0,7.0,0
Female,Loyal Customer,57,Business travel,Business,430,2,2,2,2,5,5,4,2,2,2,2,3,2,5,2,0.0,0
Female,Loyal Customer,45,Business travel,Business,3324,5,1,5,5,5,4,4,4,4,4,4,5,4,4,0,0.0,1
Female,Loyal Customer,39,Business travel,Business,1379,4,4,4,4,3,4,5,4,4,4,4,4,4,4,11,0.0,1
Female,disloyal Customer,38,Business travel,Eco,157,2,2,2,3,2,2,2,2,4,4,3,2,4,2,5,0.0,0
Female,Loyal Customer,51,Business travel,Business,2198,4,4,4,4,4,4,5,5,5,4,5,5,5,3,3,10.0,1
Female,disloyal Customer,22,Business travel,Eco,853,2,3,3,3,2,3,2,2,2,3,3,2,4,2,130,109.0,0
Male,Loyal Customer,44,Business travel,Business,3007,3,3,4,3,2,5,4,4,4,4,4,5,4,3,44,43.0,1
Male,Loyal Customer,26,Personal Travel,Eco,236,1,5,1,1,2,1,2,2,3,5,5,3,4,2,0,0.0,0
Female,Loyal Customer,56,Business travel,Business,252,3,3,3,3,5,4,5,5,5,5,5,3,5,4,0,0.0,1
Male,Loyal Customer,46,Business travel,Eco,102,4,5,5,5,4,4,4,4,5,2,2,5,2,4,4,8.0,1
Female,Loyal Customer,40,Business travel,Business,2634,1,5,4,5,5,2,1,1,1,1,1,3,1,4,0,0.0,0
Male,Loyal Customer,21,Personal Travel,Eco,435,3,4,3,3,4,3,4,4,3,3,4,3,4,4,0,0.0,1
Female,Loyal Customer,53,Business travel,Business,1723,4,4,4,4,5,5,4,4,4,5,4,3,4,3,0,1.0,1
Female,disloyal Customer,25,Business travel,Eco,1189,2,2,2,2,1,2,1,1,3,4,2,2,2,1,0,0.0,0
Male,Loyal Customer,65,Personal Travel,Eco,693,3,5,3,4,5,3,5,5,4,2,4,4,4,5,0,0.0,1
Male,Loyal Customer,35,Business travel,Eco Plus,926,1,5,5,5,1,1,1,1,1,1,4,4,4,1,0,9.0,0
Male,Loyal Customer,21,Business travel,Business,862,4,4,4,4,4,4,4,4,4,4,4,3,4,4,69,61.0,1
Male,Loyal Customer,54,Personal Travel,Eco,1747,1,2,1,4,5,1,5,5,2,3,4,3,4,5,2,0.0,1
Female,Loyal Customer,44,Personal Travel,Eco,326,2,0,2,2,2,3,5,1,1,2,1,2,1,5,0,0.0,0
Male,disloyal Customer,17,Business travel,Eco,403,2,3,2,3,3,2,3,3,3,5,4,2,4,3,0,0.0,0
Male,Loyal Customer,8,Personal Travel,Eco,236,3,4,3,5,4,3,4,4,5,3,1,1,3,4,22,3.0,0
Female,Loyal Customer,56,Personal Travel,Eco,1173,3,4,3,2,4,3,5,2,2,3,2,4,2,4,0,0.0,0
Male,Loyal Customer,50,Personal Travel,Eco,397,4,5,4,3,5,4,5,5,3,5,4,5,5,5,3,3.0,1
Male,Loyal Customer,58,Personal Travel,Eco,130,1,0,1,2,1,1,1,1,4,4,5,3,5,1,0,0.0,0
Male,disloyal Customer,12,Business travel,Eco,1770,4,4,4,3,1,4,1,1,2,4,4,3,4,1,22,15.0,0
Male,disloyal Customer,25,Business travel,Eco,524,4,2,4,4,2,4,2,2,4,5,3,3,4,2,25,14.0,0
Female,Loyal Customer,55,Personal Travel,Business,909,4,4,4,1,1,4,2,3,3,4,4,2,3,4,35,37.0,0
Male,Loyal Customer,23,Business travel,Business,1819,3,2,2,2,3,3,3,3,1,4,4,4,4,3,19,19.0,0
Male,Loyal Customer,34,Personal Travel,Eco,909,3,5,3,3,2,3,2,2,4,5,4,5,5,2,0,0.0,0
Male,Loyal Customer,25,Business travel,Business,616,3,3,3,3,4,4,4,4,5,2,5,3,5,4,0,0.0,1
Male,Loyal Customer,65,Business travel,Business,3743,1,3,3,3,3,3,3,1,1,1,1,1,1,3,19,7.0,0
Female,Loyal Customer,44,Business travel,Business,2504,4,4,4,4,4,5,5,5,5,5,5,4,5,3,14,0.0,1
Male,Loyal Customer,41,Business travel,Business,2030,1,1,1,1,3,4,3,4,4,4,1,3,4,2,0,0.0,0
Male,Loyal Customer,60,Personal Travel,Business,210,2,2,2,3,5,4,3,1,1,2,1,1,1,1,0,0.0,0
Female,disloyal Customer,42,Business travel,Eco,151,1,4,0,3,4,0,4,4,4,4,3,4,4,4,19,17.0,0
Female,Loyal Customer,17,Personal Travel,Eco,802,3,4,3,3,2,3,2,2,4,2,5,2,4,2,0,0.0,0
Male,Loyal Customer,37,Business travel,Eco,405,4,1,1,1,4,4,4,2,5,3,4,4,4,4,177,196.0,1
Female,Loyal Customer,50,Business travel,Eco,204,5,4,4,4,3,1,5,5,5,5,5,4,5,2,26,17.0,1
Male,Loyal Customer,60,Personal Travel,Eco,237,4,4,0,5,1,0,1,1,4,3,4,5,5,1,0,0.0,0
Female,Loyal Customer,73,Business travel,Eco Plus,236,5,1,1,1,3,2,2,5,5,5,5,2,5,3,4,4.0,1
Male,Loyal Customer,49,Personal Travel,Business,440,1,5,1,3,2,5,1,1,1,1,1,4,1,1,7,2.0,0
Female,Loyal Customer,42,Personal Travel,Eco,308,3,1,3,4,4,4,4,1,1,3,1,1,1,4,0,0.0,0
Female,Loyal Customer,38,Business travel,Business,2977,2,3,1,3,4,4,4,2,2,2,2,4,2,4,12,7.0,0
Male,disloyal Customer,11,Business travel,Eco,999,2,2,2,4,1,2,1,1,2,1,4,2,3,1,7,21.0,0
Female,Loyal Customer,29,Personal Travel,Eco,1076,3,4,3,3,2,3,5,2,4,2,4,4,5,2,8,0.0,0
Female,Loyal Customer,20,Personal Travel,Eco,642,4,5,4,4,5,4,5,5,5,2,5,5,5,5,0,50.0,1
Female,Loyal Customer,51,Business travel,Eco Plus,227,4,2,2,2,4,4,4,4,4,4,4,1,4,1,0,3.0,1
Female,Loyal Customer,27,Business travel,Business,1846,2,2,2,2,3,4,3,3,5,4,5,5,4,3,0,0.0,1
Female,Loyal Customer,53,Business travel,Business,1921,3,3,3,3,4,5,4,5,5,5,4,3,5,3,0,7.0,1
Female,Loyal Customer,47,Business travel,Business,351,5,5,5,5,4,1,4,5,5,5,5,4,5,2,0,0.0,1
Male,disloyal Customer,12,Business travel,Eco,678,3,3,3,3,5,3,1,5,1,4,4,1,3,5,91,99.0,0
Male,Loyal Customer,59,Business travel,Eco,163,5,2,2,2,4,5,4,4,5,1,1,2,1,4,1,2.0,1
Male,Loyal Customer,50,Business travel,Business,3587,2,2,2,2,2,5,4,5,5,5,5,4,5,4,7,1.0,1
Male,Loyal Customer,53,Business travel,Business,2989,1,1,1,1,5,5,5,2,2,2,2,3,2,3,11,1.0,0
Female,Loyal Customer,70,Business travel,Eco,1562,3,4,4,4,2,3,3,3,3,3,3,1,3,1,6,0.0,0
Female,Loyal Customer,35,Personal Travel,Eco,1167,4,1,5,3,3,5,3,3,1,3,2,4,3,3,0,0.0,0
Male,Loyal Customer,39,Personal Travel,Eco Plus,763,1,4,1,4,5,1,5,5,3,2,5,5,4,5,0,0.0,1
Female,Loyal Customer,23,Business travel,Eco Plus,534,4,5,5,5,4,4,2,4,3,1,3,4,4,4,0,0.0,1
Male,Loyal Customer,42,Business travel,Business,2486,5,5,3,5,4,4,4,2,2,2,2,4,2,4,0,0.0,1
Female,disloyal Customer,23,Business travel,Business,1482,5,0,5,3,4,5,3,4,4,1,4,5,5,4,0,0.0,1
Female,Loyal Customer,38,Business travel,Business,301,3,5,5,5,3,1,1,3,3,3,3,3,3,1,127,116.0,0
Male,disloyal Customer,24,Business travel,Eco,255,0,4,0,4,2,0,2,2,5,5,5,5,4,2,6,8.0,0
Male,Loyal Customer,19,Personal Travel,Eco Plus,500,3,4,5,3,3,5,3,3,4,3,5,4,5,3,0,0.0,1
Male,Loyal Customer,40,Business travel,Eco,231,4,4,4,4,4,4,4,4,3,1,2,2,1,4,0,4.0,0
Female,Loyal Customer,52,Personal Travel,Eco,166,2,4,2,2,2,5,4,4,4,2,4,4,4,3,0,0.0,1
Female,Loyal Customer,50,Business travel,Business,2153,4,4,4,4,4,1,2,4,4,4,4,4,4,2,7,16.0,1
Male,disloyal Customer,23,Business travel,Eco,1235,4,4,4,3,3,4,3,3,4,3,4,5,5,3,0,0.0,1
Male,Loyal Customer,39,Business travel,Business,3171,2,3,3,3,2,3,3,2,2,2,2,3,2,1,25,13.0,0
Female,Loyal Customer,35,Business travel,Eco Plus,1235,1,2,2,2,1,1,1,1,2,4,3,2,3,1,51,30.0,0
Male,Loyal Customer,54,Business travel,Business,679,3,3,3,3,5,5,5,4,3,3,4,5,2,5,182,158.0,1
Male,Loyal Customer,25,Business travel,Business,1119,5,5,5,5,4,4,4,4,4,3,5,3,5,4,0,0.0,1
Male,Loyal Customer,41,Personal Travel,Eco,558,0,4,0,4,5,0,3,5,5,4,4,5,5,5,0,0.0,1
Female,Loyal Customer,20,Personal Travel,Eco,909,1,3,1,4,4,1,4,4,1,2,4,2,4,4,0,0.0,0
Male,disloyal Customer,30,Business travel,Eco Plus,641,3,3,3,4,1,3,1,1,2,3,3,4,4,1,0,0.0,0
Male,Loyal Customer,67,Business travel,Business,3069,3,3,4,3,2,3,4,3,3,3,3,1,3,4,1,7.0,0
Male,Loyal Customer,48,Business travel,Eco Plus,125,2,4,4,4,2,2,2,2,1,1,4,4,4,2,0,16.0,0
Female,Loyal Customer,30,Business travel,Eco,366,1,5,5,5,1,1,1,1,1,2,3,4,3,1,88,105.0,0
Female,Loyal Customer,47,Business travel,Eco,2611,4,4,4,4,4,4,4,2,2,3,3,4,3,4,0,0.0,1
Female,Loyal Customer,61,Personal Travel,Business,2556,2,2,2,3,1,2,4,1,1,2,1,2,1,1,0,0.0,0
Male,Loyal Customer,31,Personal Travel,Eco,282,1,4,3,4,2,3,2,2,5,5,4,5,4,2,0,0.0,0
Female,Loyal Customer,15,Personal Travel,Eco,621,1,5,2,1,3,2,3,3,4,3,5,3,5,3,25,14.0,0
Female,Loyal Customer,42,Business travel,Business,868,4,4,4,4,2,4,4,3,3,3,3,4,3,3,0,0.0,1
Male,Loyal Customer,53,Business travel,Business,2149,4,3,4,4,3,4,5,4,4,4,4,4,4,3,0,0.0,1
Male,Loyal Customer,18,Personal Travel,Eco,2475,3,3,3,2,3,3,3,4,4,3,2,3,3,3,6,0.0,0
Female,disloyal Customer,37,Business travel,Business,204,5,5,5,5,1,5,1,1,3,3,4,4,5,1,0,0.0,0
Female,Loyal Customer,68,Business travel,Eco Plus,201,4,1,1,1,1,1,3,4,4,4,4,4,4,5,15,14.0,1
Female,Loyal Customer,54,Business travel,Business,2689,4,4,2,4,5,5,5,4,4,4,4,5,4,5,0,0.0,1
Female,Loyal Customer,50,Business travel,Business,110,2,2,2,2,4,1,2,4,4,4,3,4,4,4,0,1.0,1
Female,Loyal Customer,19,Business travel,Business,228,4,4,4,4,3,4,3,3,1,3,5,5,3,3,51,42.0,0
Female,Loyal Customer,48,Business travel,Eco Plus,782,5,1,1,1,5,5,5,4,4,3,1,5,5,5,131,120.0,1
Male,Loyal Customer,17,Personal Travel,Eco,190,5,5,5,1,3,5,3,3,3,3,4,5,4,3,0,2.0,1
Female,disloyal Customer,50,Business travel,Business,1733,2,3,3,1,3,2,3,3,3,5,4,3,4,3,80,71.0,0
Female,Loyal Customer,27,Business travel,Business,867,2,4,4,4,2,2,2,2,1,3,3,4,3,2,0,33.0,0
Male,Loyal Customer,30,Business travel,Business,370,2,2,2,2,5,4,5,5,5,3,3,2,4,5,23,27.0,1
Male,Loyal Customer,60,Business travel,Business,1725,4,4,4,4,2,4,4,4,4,4,4,4,4,5,0,0.0,1
Female,Loyal Customer,36,Business travel,Eco,1346,2,5,5,5,2,2,2,2,4,5,3,1,2,2,11,0.0,0
Male,Loyal Customer,50,Business travel,Business,2475,1,1,1,1,2,4,4,3,3,4,3,5,3,5,0,6.0,1
Female,Loyal Customer,30,Business travel,Eco Plus,2402,2,1,1,1,2,2,2,2,1,1,3,3,4,2,3,0.0,0
Female,Loyal Customer,72,Business travel,Business,1923,3,5,5,5,3,3,3,3,3,3,3,4,3,1,0,0.0,0
Male,Loyal Customer,38,Personal Travel,Eco,1013,4,4,4,3,2,4,3,2,4,1,3,4,3,2,0,0.0,0
Female,disloyal Customer,25,Business travel,Eco,283,2,4,2,4,2,2,2,2,3,1,4,3,4,2,0,0.0,0
Male,Loyal Customer,39,Business travel,Eco,1056,4,1,1,1,4,4,4,4,3,2,1,3,4,4,10,0.0,1
Male,Loyal Customer,61,Personal Travel,Eco,120,0,5,0,3,3,0,3,3,5,2,3,5,3,3,0,0.0,0
Female,Loyal Customer,57,Personal Travel,Eco,214,3,0,0,4,2,3,3,5,5,0,5,5,5,2,31,43.0,0
Female,disloyal Customer,38,Business travel,Business,444,2,2,2,4,3,2,3,3,3,4,5,5,5,3,0,0.0,1
Male,Loyal Customer,52,Business travel,Business,258,1,1,1,1,5,4,4,4,4,4,4,5,4,3,0,5.0,1
Male,Loyal Customer,26,Personal Travel,Eco,874,3,3,3,3,4,3,1,4,1,1,2,3,3,4,2,2.0,0
Male,Loyal Customer,13,Business travel,Eco Plus,612,3,4,4,4,3,3,4,3,1,1,4,4,4,3,0,12.0,0
Male,Loyal Customer,31,Personal Travel,Eco Plus,1524,1,4,1,2,5,1,5,5,3,4,5,3,4,5,0,0.0,1
Female,Loyal Customer,59,Business travel,Business,337,4,4,4,4,3,4,4,4,4,4,4,5,4,4,0,0.0,1
Female,Loyal Customer,41,Business travel,Business,3528,5,5,5,5,3,4,5,4,4,4,4,3,4,5,0,0.0,1
Female,Loyal Customer,46,Business travel,Business,3532,2,2,2,2,2,5,5,3,3,3,3,4,3,4,72,78.0,1
Female,Loyal Customer,41,Business travel,Business,1872,3,5,5,5,2,4,3,3,3,3,3,4,3,3,0,0.0,0
Female,disloyal Customer,62,Business travel,Eco,409,2,0,2,4,4,2,3,4,4,1,2,3,1,4,0,0.0,0
Female,Loyal Customer,30,Personal Travel,Eco,441,3,4,5,5,2,5,2,2,4,5,4,2,4,2,0,0.0,0
Male,Loyal Customer,58,Business travel,Business,1050,2,2,2,2,5,5,5,4,4,4,4,3,4,3,17,110.0,1
Female,Loyal Customer,52,Business travel,Eco,472,5,1,1,1,5,3,1,5,5,5,5,2,5,4,0,0.0,1
Female,disloyal Customer,33,Business travel,Eco Plus,2704,2,2,2,5,5,2,5,5,5,2,4,3,4,5,40,44.0,1
Male,Loyal Customer,36,Personal Travel,Eco,986,4,4,4,3,4,4,4,4,5,3,5,3,5,4,40,27.0,1
Male,Loyal Customer,39,Business travel,Business,2180,2,2,2,2,2,5,4,5,5,5,5,2,5,1,0,0.0,1
Female,Loyal Customer,51,Business travel,Business,2334,3,3,3,3,2,5,4,5,5,5,5,3,5,4,28,12.0,1
Female,Loyal Customer,44,Business travel,Eco,158,4,5,5,5,2,1,2,4,4,4,4,2,4,3,0,6.0,0
Female,Loyal Customer,45,Business travel,Business,989,3,3,3,3,3,4,5,4,4,4,4,3,4,3,4,0.0,1
Female,Loyal Customer,46,Personal Travel,Eco,677,2,5,3,4,4,4,3,5,5,3,5,3,5,3,0,0.0,1
Male,Loyal Customer,16,Personal Travel,Business,481,2,4,2,2,1,2,1,1,5,5,5,2,3,1,0,0.0,0
Female,disloyal Customer,21,Business travel,Eco,861,2,2,2,3,2,2,2,2,4,4,4,1,4,2,0,0.0,0
Male,disloyal Customer,24,Business travel,Business,231,3,2,3,4,4,3,3,4,4,3,4,2,3,4,45,39.0,1
Male,Loyal Customer,39,Business travel,Business,1734,4,4,4,4,3,5,5,4,4,4,4,4,4,3,0,0.0,1
Male,Loyal Customer,39,Business travel,Business,2446,4,4,3,4,3,5,5,4,4,5,4,4,4,3,60,57.0,1
Female,Loyal Customer,69,Personal Travel,Eco,338,1,5,1,4,2,1,1,4,4,1,4,3,4,4,0,0.0,0
Male,disloyal Customer,23,Business travel,Business,979,5,5,5,4,2,5,2,2,5,2,4,4,4,2,108,98.0,0
Male,Loyal Customer,60,Business travel,Business,547,3,3,3,3,2,4,4,4,4,4,4,4,4,4,5,0.0,1
Male,Loyal Customer,37,Business travel,Business,468,1,1,1,1,4,4,5,4,4,4,4,5,4,5,7,0.0,1
Female,disloyal Customer,18,Business travel,Business,907,5,5,4,3,5,4,3,5,4,4,4,3,5,5,8,3.0,1
Female,Loyal Customer,43,Business travel,Business,214,4,4,4,4,2,3,5,4,4,4,4,4,4,1,6,17.0,1
Male,Loyal Customer,29,Business travel,Business,748,5,5,5,5,4,4,4,4,4,1,1,2,4,4,10,17.0,1
Male,Loyal Customer,47,Business travel,Business,399,5,5,5,5,4,5,5,3,3,3,3,3,3,3,130,129.0,1
Male,Loyal Customer,49,Personal Travel,Eco,692,2,4,3,1,5,3,5,5,3,2,4,4,4,5,0,6.0,1
Female,Loyal Customer,34,Business travel,Business,2248,2,2,2,2,4,1,2,5,5,5,5,4,5,4,0,0.0,1
Male,disloyal Customer,37,Business travel,Business,432,3,3,3,2,4,3,4,4,4,2,5,4,4,4,0,0.0,1
Male,Loyal Customer,59,Business travel,Eco,725,4,2,1,2,4,4,4,4,5,2,3,5,5,4,0,0.0,1
Male,Loyal Customer,52,Business travel,Business,1145,5,5,5,5,2,4,5,4,4,4,4,4,4,3,1,0.0,1
Female,disloyal Customer,26,Business travel,Business,762,1,1,1,5,4,1,4,4,3,5,4,4,4,4,0,0.0,1
Male,Loyal Customer,36,Business travel,Eco,1334,5,3,3,3,5,5,5,5,4,2,5,3,3,5,0,0.0,1
Male,Loyal Customer,54,Business travel,Business,692,4,4,4,4,4,5,4,4,4,4,4,4,4,5,0,0.0,1
Male,Loyal Customer,66,Personal Travel,Eco,1590,1,5,1,3,2,1,2,2,3,4,5,5,5,2,0,0.0,0
Male,Loyal Customer,52,Business travel,Business,3492,2,2,2,2,3,4,5,4,4,4,4,4,4,4,63,51.0,1
Female,Loyal Customer,68,Personal Travel,Business,630,3,4,3,3,4,5,4,5,5,3,5,3,5,5,0,4.0,1
Female,Loyal Customer,32,Personal Travel,Eco,833,4,4,3,3,1,3,1,1,4,3,4,5,5,1,43,23.0,0
Male,Loyal Customer,67,Personal Travel,Eco,715,1,1,1,3,2,1,2,2,1,4,4,2,3,2,7,21.0,0
Male,Loyal Customer,39,Business travel,Business,248,5,5,5,5,2,5,4,5,5,5,5,5,5,5,18,34.0,1
Male,disloyal Customer,16,Business travel,Eco Plus,1020,4,0,4,3,2,4,2,2,3,2,4,1,1,2,0,0.0,0
Female,Loyal Customer,55,Business travel,Eco,368,3,4,4,4,5,3,3,3,3,3,3,4,3,2,0,0.0,0
Male,Loyal Customer,28,Business travel,Eco Plus,403,3,4,4,4,3,3,3,3,2,5,4,1,3,3,65,57.0,0
Male,Loyal Customer,39,Personal Travel,Eco,819,2,2,2,4,5,2,5,5,4,5,3,2,3,5,2,0.0,1
Male,Loyal Customer,48,Business travel,Business,1845,4,4,4,4,4,5,5,5,5,4,5,5,5,3,0,0.0,1
Female,Loyal Customer,33,Business travel,Eco Plus,929,5,5,5,5,5,5,5,5,1,3,1,3,2,5,0,1.0,1
Male,disloyal Customer,41,Business travel,Eco,373,4,0,4,4,1,4,1,1,2,5,3,5,1,1,12,1.0,0
Male,Loyal Customer,50,Business travel,Business,1618,3,3,3,3,4,3,5,4,4,4,4,3,4,4,45,40.0,1
Female,Loyal Customer,53,Personal Travel,Eco,102,2,4,2,3,4,5,4,2,2,2,2,3,2,3,3,5.0,0
Female,Loyal Customer,38,Personal Travel,Eco,451,1,3,1,3,5,1,5,5,1,5,4,1,4,5,73,72.0,1
Female,Loyal Customer,37,Personal Travel,Eco,416,1,1,1,4,2,1,2,2,4,4,3,1,3,2,39,53.0,0
Male,Loyal Customer,59,Personal Travel,Eco Plus,364,3,5,3,3,1,3,1,1,3,5,4,5,5,1,4,0.0,0
Male,Loyal Customer,9,Personal Travel,Eco,895,1,5,1,2,2,1,2,2,5,4,4,4,4,2,98,95.0,0
Female,Loyal Customer,76,Business travel,Eco,650,3,2,2,2,4,4,4,4,4,3,4,1,4,2,0,0.0,1
Female,Loyal Customer,36,Business travel,Eco Plus,399,5,1,1,1,5,5,5,5,2,2,1,5,3,5,14,3.0,1
Female,Loyal Customer,51,Business travel,Business,591,3,3,3,3,5,5,5,3,3,3,3,4,3,3,110,121.0,1
Female,Loyal Customer,64,Personal Travel,Eco,1192,3,4,3,3,4,5,4,4,4,3,4,5,4,3,0,0.0,1
Male,Loyal Customer,41,Personal Travel,Eco,646,4,4,4,3,2,4,2,2,1,4,4,1,4,2,0,0.0,0
Male,Loyal Customer,28,Business travel,Business,1452,2,2,3,2,5,4,5,5,3,2,4,4,5,5,12,0.0,1
Male,Loyal Customer,63,Personal Travel,Eco,1399,1,1,1,2,3,1,3,3,3,1,3,2,2,3,0,0.0,0
Male,Loyal Customer,52,Personal Travel,Eco,1235,3,3,3,3,3,3,3,3,4,1,3,2,3,3,0,0.0,0
Male,Loyal Customer,53,Personal Travel,Eco,101,3,4,0,2,3,0,3,3,5,5,4,5,5,3,0,0.0,0
Female,Loyal Customer,56,Business travel,Business,332,3,3,3,3,2,5,5,4,4,4,4,4,4,4,0,0.0,1
Female,Loyal Customer,22,Business travel,Eco,771,0,4,0,3,3,0,3,3,5,3,5,4,4,3,0,2.0,0
Female,Loyal Customer,60,Business travel,Business,2195,3,3,3,3,5,5,5,4,4,4,4,4,4,3,0,0.0,1
Female,Loyal Customer,48,Business travel,Business,327,2,2,2,2,4,5,5,4,4,4,4,3,4,3,12,7.0,1
Male,Loyal Customer,47,Business travel,Business,3137,4,2,4,2,3,4,4,4,4,4,4,3,4,2,0,5.0,1
Female,Loyal Customer,41,Business travel,Eco,409,3,5,5,5,2,3,2,2,2,4,4,1,4,2,0,0.0,0
Male,Loyal Customer,13,Personal Travel,Eco,1014,2,2,3,3,3,3,2,3,4,5,4,1,3,3,27,2.0,0
Male,Loyal Customer,12,Personal Travel,Eco,362,5,5,2,3,4,2,4,4,5,2,4,3,4,4,0,0.0,1
Female,disloyal Customer,36,Business travel,Eco Plus,331,4,4,4,3,3,4,3,3,5,4,3,4,3,3,1,0.0,1
Female,Loyal Customer,64,Personal Travel,Eco,200,2,3,2,5,3,5,2,1,1,2,1,3,1,4,0,15.0,0
Female,Loyal Customer,16,Personal Travel,Eco,304,1,2,1,2,3,1,1,3,3,3,2,3,3,3,0,0.0,0
Female,Loyal Customer,46,Business travel,Business,1235,3,3,3,3,3,4,4,2,2,2,2,5,2,4,77,46.0,0
Female,Loyal Customer,35,Business travel,Business,2611,4,5,4,4,4,4,4,3,3,4,5,4,3,4,109,120.0,1
Female,disloyal Customer,25,Business travel,Eco,236,1,1,1,4,5,1,5,5,4,5,3,2,4,5,0,0.0,1
Male,Loyal Customer,40,Business travel,Business,3500,4,4,4,4,2,5,4,4,4,3,4,3,4,3,0,0.0,1
Female,Loyal Customer,56,Business travel,Business,1841,4,4,4,4,5,5,4,4,4,4,4,5,4,3,0,0.0,1
Female,Loyal Customer,11,Personal Travel,Business,554,2,5,2,5,4,2,4,4,4,3,5,3,4,4,0,2.0,1
Female,Loyal Customer,39,Business travel,Business,278,2,3,3,3,4,4,3,2,2,2,2,2,2,4,0,0.0,0
Female,Loyal Customer,11,Personal Travel,Eco,1029,4,4,4,3,3,4,3,3,4,2,3,4,4,3,0,0.0,0
Male,Loyal Customer,33,Personal Travel,Eco,1532,1,1,1,2,5,1,5,5,1,1,2,3,2,5,0,0.0,0
Male,Loyal Customer,50,Business travel,Business,337,0,0,0,2,4,4,5,4,4,4,4,4,4,4,0,0.0,1
Female,Loyal Customer,65,Business travel,Eco,377,4,1,3,1,1,4,1,4,4,4,4,3,4,4,2,1.0,0
Male,Loyal Customer,27,Personal Travel,Eco,228,2,5,2,4,2,2,2,2,5,4,5,4,4,2,125,122.0,0
Female,Loyal Customer,39,Business travel,Business,700,1,1,1,1,5,5,4,3,3,3,3,4,3,4,21,16.0,1
Male,Loyal Customer,31,Personal Travel,Eco,1744,4,4,4,3,3,4,5,3,4,5,4,4,4,3,0,0.0,1
Male,Loyal Customer,34,Business travel,Eco Plus,359,4,4,4,4,4,4,4,4,2,3,3,5,2,4,0,0.0,1
Male,Loyal Customer,10,Personal Travel,Eco,2689,3,5,3,3,4,3,4,4,4,4,4,5,5,4,0,3.0,1
Male,Loyal Customer,61,Personal Travel,Eco Plus,551,2,4,3,4,5,3,5,5,1,5,3,3,4,5,0,0.0,1
Male,disloyal Customer,27,Business travel,Eco,899,2,2,2,4,1,2,1,1,1,4,4,3,3,1,0,0.0,0
Female,Loyal Customer,55,Business travel,Eco Plus,180,3,5,5,5,5,4,1,3,3,3,3,2,3,3,10,1.0,0
Female,disloyal Customer,27,Business travel,Eco,1366,1,1,1,1,1,1,1,1,3,5,3,3,5,1,0,0.0,0
Male,Loyal Customer,50,Personal Travel,Eco,1979,3,4,3,4,2,3,5,2,1,3,3,2,4,2,0,0.0,0
Male,Loyal Customer,66,Personal Travel,Eco,605,3,2,2,3,2,2,1,2,3,4,4,2,4,2,0,0.0,0
Male,Loyal Customer,54,Business travel,Business,1562,4,4,3,4,5,5,5,4,3,5,5,5,4,5,275,262.0,1
Male,Loyal Customer,45,Business travel,Business,2565,5,5,4,5,3,3,3,3,4,4,4,3,3,3,6,0.0,1
Male,Loyal Customer,24,Business travel,Business,1935,5,5,5,5,3,3,3,3,5,2,5,3,5,3,0,0.0,1
Male,Loyal Customer,60,Business travel,Eco,483,4,3,3,3,4,4,4,4,3,2,4,2,2,4,0,6.0,1
Female,Loyal Customer,19,Personal Travel,Eco,223,1,2,0,3,5,0,5,5,2,3,2,3,2,5,0,2.0,0
Female,disloyal Customer,20,Business travel,Eco,272,1,4,1,3,4,1,3,4,1,2,4,1,3,4,0,3.0,0
Female,disloyal Customer,40,Business travel,Business,261,3,2,2,1,2,2,2,2,3,3,4,1,4,2,0,11.0,0
Male,disloyal Customer,45,Business travel,Eco,460,1,3,1,2,3,1,3,3,1,3,3,2,3,3,0,12.0,0
Female,disloyal Customer,29,Business travel,Business,682,1,1,1,3,2,1,2,2,3,2,5,4,4,2,0,0.0,0
Male,Loyal Customer,49,Business travel,Eco,391,4,3,3,3,4,4,4,4,4,5,4,4,3,4,0,3.0,1
Female,Loyal Customer,77,Business travel,Business,270,4,2,2,2,1,4,3,4,4,4,4,1,4,4,3,4.0,1
Female,Loyal Customer,7,Personal Travel,Eco,735,1,4,1,2,2,1,2,2,5,5,4,5,4,2,28,22.0,0
Female,disloyal Customer,26,Business travel,Business,316,3,0,3,1,4,3,5,4,5,3,5,3,5,4,12,9.0,1
Female,disloyal Customer,35,Business travel,Business,921,2,2,2,3,4,2,1,4,3,3,4,5,5,4,7,0.0,1
Male,Loyal Customer,54,Business travel,Business,1067,1,1,4,1,4,5,4,5,5,5,5,3,5,4,0,2.0,1
Female,Loyal Customer,63,Personal Travel,Eco,308,2,4,2,2,2,4,4,5,5,5,5,4,4,4,141,128.0,1
Male,Loyal Customer,29,Personal Travel,Eco,2475,2,1,2,2,5,2,5,5,4,3,2,4,2,5,0,0.0,1
Female,Loyal Customer,66,Personal Travel,Eco,599,3,3,3,3,3,2,2,3,2,4,4,2,2,2,158,153.0,0
Male,Loyal Customer,44,Business travel,Business,2638,0,0,0,4,5,5,5,4,4,4,4,3,4,3,0,0.0,1
Female,Loyal Customer,46,Personal Travel,Eco,1276,3,3,2,5,1,3,4,5,5,2,3,5,5,3,0,0.0,1
Female,Loyal Customer,9,Personal Travel,Eco,354,3,5,3,1,4,3,4,4,1,1,5,4,4,4,2,9.0,1
Female,Loyal Customer,52,Personal Travel,Business,643,2,5,2,2,3,5,5,5,5,2,4,4,5,3,10,0.0,1
Male,Loyal Customer,60,Business travel,Business,247,0,1,1,2,5,5,5,5,5,5,5,3,5,3,0,0.0,1
Male,Loyal Customer,68,Business travel,Business,3534,1,1,1,1,5,4,5,5,5,5,5,5,5,4,0,0.0,1
Female,Loyal Customer,64,Business travel,Business,1602,3,3,3,3,3,2,5,5,5,5,5,5,5,3,0,0.0,1
Female,Loyal Customer,37,Business travel,Business,3805,4,4,4,4,3,5,5,5,5,5,5,4,5,4,5,10.0,1
Female,Loyal Customer,52,Personal Travel,Eco,861,1,5,1,4,4,4,4,5,5,1,5,5,5,4,5,0.0,1
Female,disloyal Customer,39,Business travel,Business,867,4,5,5,4,2,5,2,2,5,3,4,4,4,2,13,10.0,0
Female,Loyal Customer,47,Business travel,Eco,728,1,1,1,1,4,4,4,1,1,1,1,1,1,2,2,41.0,0
Male,Loyal Customer,61,Business travel,Eco,374,3,4,4,4,3,3,3,3,2,2,4,1,4,3,12,1.0,0
Male,Loyal Customer,41,Business travel,Business,304,0,0,0,3,5,4,4,2,2,5,5,3,2,3,0,0.0,0
Female,Loyal Customer,68,Business travel,Business,119,4,4,4,4,5,5,5,4,4,4,5,1,4,4,0,0.0,1
Female,Loyal Customer,38,Business travel,Business,2882,3,3,3,3,2,1,4,5,5,5,5,2,5,4,0,0.0,1
Male,Loyal Customer,39,Business travel,Eco,888,2,4,4,4,2,2,2,2,3,1,4,4,3,2,58,62.0,0
Female,Loyal Customer,23,Personal Travel,Eco,986,3,5,3,3,5,3,5,5,3,5,4,4,5,5,0,8.0,1
Male,Loyal Customer,51,Business travel,Business,3288,2,2,2,2,5,5,5,3,3,5,4,5,5,5,152,156.0,1
Female,Loyal Customer,45,Business travel,Business,1056,1,1,1,1,1,4,5,4,4,4,4,2,4,3,0,0.0,1
Female,Loyal Customer,47,Business travel,Business,2176,3,3,3,3,4,5,4,5,5,5,5,4,5,3,61,40.0,1
Male,Loyal Customer,36,Business travel,Eco,248,5,4,4,4,5,5,5,5,5,3,1,3,4,5,1,0.0,1
Male,Loyal Customer,63,Personal Travel,Eco,119,2,5,2,2,5,2,3,5,5,5,4,1,5,5,0,0.0,1
Male,Loyal Customer,37,Business travel,Eco,214,4,1,1,1,4,3,4,4,1,2,4,2,3,4,0,0.0,0
Female,Loyal Customer,30,Business travel,Business,772,1,1,4,1,5,4,5,5,4,4,5,3,5,5,6,0.0,1
Female,Loyal Customer,25,Personal Travel,Business,757,1,4,1,3,4,1,4,4,3,4,5,3,4,4,0,27.0,1
Male,disloyal Customer,48,Business travel,Business,1590,4,4,4,3,3,4,3,3,5,2,4,3,4,3,10,0.0,1
Male,disloyal Customer,27,Business travel,Business,626,0,0,0,3,3,0,3,3,3,2,5,4,5,3,0,0.0,0
Female,Loyal Customer,50,Business travel,Business,2390,4,4,4,4,4,4,5,5,5,5,4,3,5,5,0,5.0,1
Male,Loyal Customer,44,Business travel,Business,3690,1,3,1,1,4,5,5,2,2,2,2,3,2,5,18,0.0,0
Male,Loyal Customer,40,Business travel,Eco Plus,577,2,5,5,5,2,2,2,2,1,2,4,1,4,2,5,9.0,0
Male,Loyal Customer,53,Personal Travel,Eco,442,3,3,3,2,4,3,5,4,3,4,5,4,5,4,0,0.0,1
Female,disloyal Customer,26,Business travel,Business,402,4,5,4,5,2,4,2,2,4,3,5,3,4,2,0,0.0,0
Female,Loyal Customer,40,Business travel,Business,3662,3,3,3,3,1,1,3,4,4,4,4,1,4,4,0,0.0,1
Female,Loyal Customer,43,Business travel,Business,321,2,2,2,2,3,4,4,5,5,5,5,3,5,3,0,0.0,1
Male,Loyal Customer,39,Business travel,Business,3457,1,1,4,1,3,3,4,5,5,5,3,3,5,4,0,0.0,1
Female,Loyal Customer,34,Personal Travel,Eco,834,3,5,3,1,4,3,4,4,4,3,4,5,5,4,23,28.0,1
Female,Loyal Customer,52,Personal Travel,Eco,1306,3,5,3,4,3,5,5,4,3,5,4,5,4,5,271,275.0,1
Male,Loyal Customer,37,Personal Travel,Eco,236,2,4,2,3,4,2,4,4,3,4,4,5,5,4,0,0.0,1
Male,Loyal Customer,56,Business travel,Business,650,5,5,5,5,4,4,5,4,4,4,4,4,4,5,8,13.0,1
Female,Loyal Customer,50,Business travel,Eco,480,3,2,4,4,5,4,5,3,3,3,3,4,3,4,13,0.0,1
Female,disloyal Customer,24,Business travel,Business,1076,2,2,2,2,1,2,1,1,2,2,2,2,3,1,118,96.0,0
Male,disloyal Customer,24,Business travel,Business,1166,5,5,5,5,5,5,5,5,4,2,5,4,5,5,50,58.0,1
Female,disloyal Customer,39,Business travel,Business,226,2,2,2,4,2,2,2,2,5,4,5,3,5,2,3,0.0,0
Female,Loyal Customer,13,Personal Travel,Eco,1533,2,4,2,5,3,2,5,3,3,4,3,3,5,3,10,3.0,0
Male,Loyal Customer,35,Business travel,Eco,1533,4,1,1,1,4,4,4,4,5,2,4,2,5,4,0,0.0,1
Male,Loyal Customer,52,Personal Travel,Business,1124,2,4,2,1,2,4,4,2,2,2,5,5,2,4,9,0.0,0
Male,Loyal Customer,41,Business travel,Business,2365,2,2,2,2,2,3,4,2,2,2,2,2,2,4,0,0.0,0
Female,Loyal Customer,43,Business travel,Business,2536,2,2,2,2,5,5,4,5,5,5,5,4,5,5,18,5.0,1
Male,disloyal Customer,36,Business travel,Business,2565,3,2,2,2,2,2,2,2,5,3,5,4,4,2,4,0.0,0
Male,Loyal Customer,57,Business travel,Eco,838,4,5,5,5,4,4,4,4,2,1,4,2,1,4,0,0.0,1
Female,Loyal Customer,54,Business travel,Eco,992,3,1,5,5,4,4,3,3,3,3,3,4,3,1,29,17.0,0
Female,disloyal Customer,47,Business travel,Eco,368,1,0,1,2,5,1,5,5,3,4,5,2,5,5,2,0.0,1
Female,Loyal Customer,20,Business travel,Business,630,3,1,1,1,3,3,3,3,2,4,4,2,4,3,11,3.0,0
Male,Loyal Customer,27,Personal Travel,Eco,4963,2,1,2,4,2,3,3,2,5,4,3,3,4,3,0,2.0,0
Male,Loyal Customer,39,Business travel,Business,236,0,0,0,2,1,2,2,4,4,4,4,4,4,2,4,0.0,0
Male,Loyal Customer,60,Personal Travel,Eco,328,2,5,3,1,3,3,3,3,5,5,4,5,4,3,13,10.0,1
Female,disloyal Customer,20,Business travel,Business,507,4,0,4,3,4,4,4,4,5,4,4,3,5,4,0,0.0,1
Male,Loyal Customer,38,Business travel,Business,3383,1,5,5,5,1,3,4,1,1,1,1,3,1,1,18,2.0,0
Male,disloyal Customer,26,Business travel,Eco,975,2,2,2,3,3,2,3,3,5,4,1,4,5,3,12,0.0,0
Female,Loyal Customer,50,Personal Travel,Eco,950,1,4,1,4,2,4,4,1,1,1,1,1,1,2,70,52.0,0
Female,Loyal Customer,28,Business travel,Business,577,2,4,4,4,2,2,2,2,1,4,3,3,3,2,6,14.0,0
Male,disloyal Customer,29,Business travel,Business,980,4,4,4,5,1,4,1,1,5,3,4,4,5,1,0,0.0,0
Male,Loyal Customer,53,Business travel,Eco,222,1,2,4,4,1,1,1,1,4,1,3,3,4,1,4,7.0,0
Male,Loyal Customer,19,Business travel,Business,1787,2,5,5,5,2,2,2,2,4,2,4,3,3,2,0,0.0,0
Male,Loyal Customer,38,Personal Travel,Eco Plus,616,3,4,3,3,3,3,3,3,3,2,3,3,3,3,7,0.0,0
Male,Loyal Customer,45,Business travel,Business,833,1,1,1,1,4,5,4,4,4,4,4,4,4,5,3,0.0,1
Female,Loyal Customer,41,Business travel,Business,120,0,4,0,1,5,4,5,1,1,1,1,5,1,3,50,41.0,0
Female,Loyal Customer,37,Personal Travel,Eco,1334,2,5,2,3,4,2,1,4,5,2,4,5,5,4,2,3.0,1
Female,disloyal Customer,25,Business travel,Eco,248,2,0,2,3,4,2,4,4,1,1,4,3,4,4,0,0.0,0
Male,Loyal Customer,61,Business travel,Business,2458,3,4,4,4,4,2,3,3,3,3,3,4,3,1,5,1.0,0
Male,disloyal Customer,29,Business travel,Eco,761,2,2,2,3,3,2,3,3,2,3,4,4,4,3,0,12.0,0
Male,Loyal Customer,30,Business travel,Eco Plus,1080,4,3,3,3,4,3,4,4,3,2,3,2,4,4,18,8.0,1
Female,Loyal Customer,8,Business travel,Business,1747,3,3,3,3,4,4,4,4,3,5,5,3,5,4,0,0.0,1
Male,Loyal Customer,49,Business travel,Business,2052,2,2,2,2,1,2,3,2,2,2,2,1,2,1,10,0.0,0
Male,Loyal Customer,29,Business travel,Business,1197,4,4,4,4,4,4,4,4,4,2,4,5,5,4,2,0.0,1
Female,Loyal Customer,55,Business travel,Business,2242,4,4,4,4,4,5,4,5,5,5,5,1,5,3,35,32.0,1
Male,Loyal Customer,42,Business travel,Eco,304,3,2,5,5,3,3,3,3,2,4,3,4,4,3,0,0.0,0
Male,Loyal Customer,51,Business travel,Business,2510,5,5,5,5,2,5,4,5,5,5,5,3,5,4,8,19.0,1
Male,disloyal Customer,29,Business travel,Business,1044,5,5,5,1,4,5,4,4,3,5,5,3,4,4,0,0.0,1
Female,Loyal Customer,56,Personal Travel,Eco,228,3,4,3,1,5,5,4,3,3,3,3,5,3,4,0,0.0,1
Female,Loyal Customer,48,Personal Travel,Eco,675,3,5,3,2,3,5,5,5,5,3,5,3,5,3,0,0.0,1
Male,Loyal Customer,50,Business travel,Eco,1269,2,3,3,3,2,2,2,2,2,3,4,2,4,2,31,25.0,0
Female,Loyal Customer,31,Business travel,Business,2881,3,4,4,4,3,3,3,3,3,2,4,3,4,3,0,0.0,1
Female,Loyal Customer,56,Business travel,Business,462,2,2,2,2,5,4,4,5,5,4,5,5,5,4,0,0.0,1
Male,Loyal Customer,41,Business travel,Business,365,5,5,5,5,4,5,5,5,5,5,5,3,5,4,19,13.0,1
Female,Loyal Customer,23,Personal Travel,Business,784,2,1,2,4,3,2,3,3,4,4,4,4,3,3,0,0.0,0
Male,Loyal Customer,25,Business travel,Eco,158,4,5,5,5,4,4,1,4,2,2,3,3,3,4,59,65.0,0
Female,Loyal Customer,51,Personal Travel,Eco,733,0,3,0,3,3,4,5,2,2,0,2,2,2,2,0,0.0,0
Female,Loyal Customer,49,Personal Travel,Eco Plus,589,1,4,1,1,1,5,5,5,5,1,5,2,5,3,0,0.0,1
Female,Loyal Customer,54,Business travel,Business,3460,4,4,4,4,2,4,5,4,4,4,4,5,4,5,0,0.0,1
Female,Loyal Customer,26,Personal Travel,Business,1750,2,3,2,3,1,2,1,1,2,4,5,3,1,1,71,74.0,0
Female,Loyal Customer,54,Personal Travel,Eco Plus,1608,4,5,5,3,3,3,5,3,3,5,3,5,3,3,0,0.0,1
Female,Loyal Customer,68,Personal Travel,Eco,319,3,2,3,4,5,3,4,3,3,3,2,1,3,1,0,0.0,0
Female,Loyal Customer,27,Business travel,Business,3018,1,1,1,1,5,5,3,5,5,1,2,3,4,5,0,0.0,1
Female,Loyal Customer,33,Business travel,Business,1372,1,1,1,1,4,2,5,4,4,5,4,2,4,5,0,0.0,1
Female,Loyal Customer,67,Business travel,Eco Plus,991,3,4,4,4,3,2,2,3,3,3,3,2,3,4,27,45.0,0
Male,disloyal Customer,28,Business travel,Business,1440,5,4,4,5,3,4,3,3,4,5,5,4,4,3,0,5.0,1
Female,Loyal Customer,10,Personal Travel,Eco,315,3,5,3,2,4,3,4,4,5,2,5,4,5,4,0,0.0,1
Male,Loyal Customer,44,Business travel,Business,2142,1,1,1,1,2,2,1,5,5,5,5,2,5,5,1,0.0,1
Male,Loyal Customer,53,Personal Travel,Business,591,4,4,4,5,5,2,4,4,4,4,4,4,4,3,0,0.0,1
Male,Loyal Customer,11,Personal Travel,Eco,1216,3,1,4,3,5,4,5,5,1,3,2,3,3,5,0,0.0,1
Female,Loyal Customer,24,Business travel,Business,1438,5,5,5,5,5,5,5,5,5,4,5,3,5,5,32,40.0,1
Male,disloyal Customer,42,Business travel,Business,814,3,3,3,1,5,3,1,5,5,5,5,4,4,5,0,0.0,1
Male,Loyal Customer,49,Business travel,Business,2873,5,5,5,5,3,4,4,5,5,5,5,4,5,5,0,3.0,1
Female,disloyal Customer,29,Business travel,Eco,1069,2,3,3,1,4,3,4,4,1,2,5,3,3,4,4,17.0,0
Female,disloyal Customer,22,Business travel,Eco,328,1,4,1,5,1,1,1,1,2,4,1,4,1,1,0,0.0,0
Male,Loyal Customer,61,Personal Travel,Eco,733,3,3,3,3,5,3,5,5,4,2,4,2,4,5,122,106.0,1
Female,Loyal Customer,37,Personal Travel,Eco,933,3,4,4,5,5,4,5,5,5,3,4,3,5,5,0,0.0,1
Male,Loyal Customer,31,Business travel,Business,3477,2,2,2,2,4,4,4,4,1,5,2,5,3,4,0,13.0,1
Male,Loyal Customer,39,Business travel,Business,2588,1,1,1,1,3,5,5,4,4,4,4,4,4,5,0,0.0,1
Female,disloyal Customer,38,Business travel,Business,1379,4,4,4,3,3,4,1,3,3,5,4,4,4,3,4,0.0,1
Female,Loyal Customer,40,Business travel,Eco,1021,4,5,5,5,4,4,4,4,2,5,2,1,1,4,0,0.0,1
Female,Loyal Customer,32,Business travel,Business,2339,1,1,5,1,4,5,4,4,5,5,4,5,4,4,12,1.0,1
Male,Loyal Customer,27,Business travel,Business,2358,3,3,3,3,3,3,3,3,3,4,3,1,4,3,0,0.0,0
Female,Loyal Customer,60,Business travel,Business,337,3,3,3,3,4,3,3,3,3,3,3,3,3,4,0,0.0,1
Male,Loyal Customer,53,Business travel,Business,233,2,2,2,2,3,4,5,4,4,4,4,3,4,4,0,0.0,1
Male,Loyal Customer,60,Business travel,Business,3492,2,3,2,2,4,4,5,4,4,5,4,3,4,3,68,76.0,1
Male,Loyal Customer,58,Business travel,Business,231,2,2,2,2,5,4,3,4,4,4,4,3,4,2,0,0.0,1
Male,disloyal Customer,16,Business travel,Eco,752,5,5,5,1,3,3,3,3,2,3,3,5,3,3,0,2.0,0
Male,disloyal Customer,55,Business travel,Eco,108,5,0,4,5,4,4,5,4,5,2,5,4,2,4,0,0.0,1
Female,Loyal Customer,30,Business travel,Business,1589,2,2,2,2,4,4,4,4,3,4,3,3,4,4,0,0.0,1
Female,Loyal Customer,49,Personal Travel,Eco Plus,2607,3,4,3,4,3,3,4,2,2,3,2,3,2,3,0,0.0,0
Female,Loyal Customer,48,Business travel,Business,3361,3,3,5,3,4,2,3,5,5,5,4,4,5,2,0,0.0,1
Male,Loyal Customer,58,Business travel,Business,2475,5,5,4,5,3,4,4,5,5,5,5,3,5,3,0,0.0,1
Male,Loyal Customer,51,Business travel,Business,2475,3,3,4,3,4,4,4,4,4,3,4,4,3,4,2,0.0,1
Female,disloyal Customer,54,Business travel,Business,1416,2,2,2,3,2,2,2,2,3,3,4,4,4,2,0,26.0,0
Male,disloyal Customer,25,Business travel,Business,192,4,5,4,1,5,4,5,5,3,5,5,5,4,5,32,20.0,1
Male,Loyal Customer,64,Business travel,Eco Plus,968,4,5,5,5,4,4,4,4,5,1,3,2,1,4,7,16.0,1
Female,Loyal Customer,21,Business travel,Business,2321,3,3,3,3,4,4,4,4,4,5,4,5,4,4,13,28.0,1
Male,Loyal Customer,44,Business travel,Business,2626,1,1,5,1,5,4,4,2,2,3,2,4,2,5,14,0.0,1
Female,Loyal Customer,40,Business travel,Business,3018,3,3,3,3,5,1,3,5,5,5,5,4,5,5,70,72.0,1
Female,Loyal Customer,44,Business travel,Business,2704,4,5,4,4,2,2,4,4,4,4,4,3,4,3,0,0.0,1
Female,Loyal Customer,12,Personal Travel,Eco,282,2,4,2,4,3,2,3,3,4,3,5,5,4,3,0,0.0,0
Male,Loyal Customer,61,Personal Travel,Eco,106,2,4,2,2,1,2,1,1,4,2,5,4,4,1,0,0.0,0
Male,disloyal Customer,38,Business travel,Eco Plus,290,1,1,1,4,5,1,3,5,2,3,2,3,3,5,0,0.0,0
Female,Loyal Customer,30,Business travel,Business,192,2,4,4,4,3,3,2,3,2,5,3,4,3,3,0,0.0,0
Male,Loyal Customer,38,Business travel,Eco,328,4,4,4,4,4,4,4,4,2,1,3,2,3,4,53,63.0,1
Male,Loyal Customer,65,Business travel,Eco Plus,221,3,5,5,5,3,3,3,3,1,2,1,5,1,3,0,0.0,0
Male,Loyal Customer,45,Business travel,Business,3783,2,2,2,2,4,4,4,2,2,2,2,4,2,5,0,0.0,0
Male,disloyal Customer,24,Business travel,Business,482,4,0,3,1,3,3,1,3,5,5,4,4,4,3,0,0.0,1
Male,Loyal Customer,55,Business travel,Business,333,2,2,2,2,5,5,5,5,5,5,5,4,5,3,0,0.0,1
Male,Loyal Customer,57,Business travel,Business,757,1,1,1,1,2,5,4,5,5,5,5,3,5,3,2,0.0,1
Female,Loyal Customer,57,Business travel,Business,2554,4,4,4,4,5,5,4,4,4,4,4,3,4,5,0,0.0,1
Female,Loyal Customer,52,Business travel,Business,872,1,1,1,1,3,5,5,3,3,3,3,4,3,4,0,0.0,1
Female,Loyal Customer,55,Personal Travel,Eco,289,2,5,2,4,3,4,5,4,4,2,4,3,4,5,18,0.0,1
Female,Loyal Customer,20,Business travel,Business,3119,2,2,2,2,5,5,5,5,3,3,5,3,2,5,0,0.0,1
Female,Loyal Customer,39,Business travel,Eco,89,5,4,4,4,5,5,5,5,4,4,5,3,4,5,0,0.0,1
Male,Loyal Customer,64,Personal Travel,Eco,1167,3,4,3,2,2,3,2,2,5,5,5,5,5,2,4,0.0,1
Male,Loyal Customer,17,Personal Travel,Eco,946,0,5,0,3,2,0,2,2,3,2,4,2,1,2,0,0.0,0
Male,disloyal Customer,27,Business travel,Business,214,4,4,4,2,5,4,2,5,4,4,2,1,3,5,17,14.0,1
Female,Loyal Customer,51,Business travel,Eco,305,4,4,4,4,1,2,3,3,3,4,3,3,3,2,7,0.0,0
Female,Loyal Customer,29,Personal Travel,Eco,1721,2,4,1,4,2,1,2,2,4,2,4,4,5,2,0,0.0,0
Female,Loyal Customer,62,Business travel,Business,597,2,2,2,2,2,3,4,4,4,4,4,5,4,1,0,1.0,1
Male,Loyal Customer,43,Personal Travel,Eco,612,2,3,3,5,1,3,1,1,1,1,3,4,5,1,0,0.0,0
Male,Loyal Customer,51,Business travel,Business,670,3,4,4,4,3,3,4,3,3,4,3,3,3,4,32,43.0,1
Female,Loyal Customer,17,Business travel,Eco,295,1,1,0,4,2,0,2,2,3,2,3,3,3,2,3,5.0,0
Female,Loyal Customer,52,Business travel,Business,3712,5,5,5,5,4,4,4,4,4,4,4,3,4,5,17,11.0,1
Male,Loyal Customer,50,Business travel,Eco,817,4,2,2,2,4,4,4,4,4,2,4,4,5,4,1,0.0,1
Female,Loyal Customer,53,Personal Travel,Business,147,2,5,0,3,5,4,4,5,5,0,5,4,5,4,0,0.0,1
Male,Loyal Customer,52,Business travel,Eco,1739,3,4,4,4,3,3,3,3,4,1,4,1,4,3,0,0.0,0
Female,disloyal Customer,48,Business travel,Eco,308,0,0,0,3,2,0,2,2,2,5,5,1,5,2,10,3.0,0
Female,Loyal Customer,55,Business travel,Business,460,3,3,3,3,4,5,5,5,5,5,5,4,5,4,0,0.0,1
Male,Loyal Customer,43,Personal Travel,Eco,295,2,5,2,2,2,2,2,2,1,5,2,1,5,2,0,0.0,0
Male,Loyal Customer,48,Business travel,Business,3360,4,4,4,4,3,5,5,5,5,5,5,4,5,3,0,0.0,1
Male,Loyal Customer,26,Personal Travel,Eco,239,3,4,3,3,3,3,4,3,5,3,4,3,5,3,3,0.0,1
Female,disloyal Customer,26,Business travel,Business,596,4,4,4,4,4,4,4,4,4,5,4,3,4,4,0,1.0,1
Male,Loyal Customer,10,Personal Travel,Eco,448,3,5,3,5,2,3,2,2,4,3,4,5,4,2,0,0.0,0
Male,Loyal Customer,46,Business travel,Business,651,2,2,2,2,2,5,4,5,5,5,5,5,5,4,1,8.0,1
Female,Loyal Customer,50,Business travel,Eco,771,4,2,2,2,3,3,4,4,4,4,4,2,4,3,66,125.0,1
Female,Loyal Customer,15,Personal Travel,Eco,432,1,4,1,1,3,1,3,3,4,2,5,5,5,3,6,0.0,0
Male,Loyal Customer,46,Business travel,Business,1996,1,1,2,1,5,4,5,4,4,4,4,4,4,4,0,0.0,1
Male,Loyal Customer,53,Personal Travel,Eco,1172,1,5,1,5,3,1,3,3,5,3,4,5,5,3,0,0.0,0
Male,Loyal Customer,51,Business travel,Business,2586,1,1,1,1,4,4,4,4,4,4,5,4,3,4,2,0.0,1
Male,Loyal Customer,40,Personal Travel,Eco Plus,853,1,1,1,2,5,1,5,5,1,1,2,4,3,5,20,18.0,0
Male,Loyal Customer,21,Personal Travel,Eco,912,2,5,3,1,5,3,5,5,4,2,4,5,5,5,63,52.0,1
Male,Loyal Customer,28,Business travel,Business,787,1,2,2,2,1,1,1,1,1,3,2,2,2,1,2,29.0,0
Female,Loyal Customer,38,Personal Travel,Eco,337,1,1,1,3,4,1,4,4,3,2,4,2,4,4,64,73.0,0
Male,Loyal Customer,53,Personal Travel,Eco,1431,4,5,4,3,3,4,3,3,4,5,3,3,4,3,1,0.0,1
Male,disloyal Customer,37,Business travel,Business,1096,3,3,3,2,5,3,5,5,3,2,4,4,4,5,0,0.0,1
Male,Loyal Customer,23,Personal Travel,Eco Plus,1428,2,5,2,5,4,2,5,4,5,4,4,4,4,4,0,0.0,1
Male,Loyal Customer,60,Business travel,Business,141,2,1,4,1,4,2,2,3,3,3,2,2,3,3,0,6.0,0
Female,disloyal Customer,47,Business travel,Eco Plus,780,2,2,2,3,4,2,4,4,4,2,2,5,3,4,3,4.0,1
Male,Loyal Customer,58,Business travel,Business,2792,2,2,2,2,4,5,5,2,2,2,2,5,2,5,0,0.0,1
Male,Loyal Customer,36,Business travel,Business,1646,2,2,2,2,4,4,4,4,4,4,4,3,4,5,0,5.0,1
Female,Loyal Customer,41,Personal Travel,Eco,270,3,3,3,3,2,3,1,2,3,5,3,4,2,2,0,0.0,0
Female,Loyal Customer,38,Business travel,Business,2259,3,4,3,3,4,5,4,5,5,5,5,5,5,5,0,0.0,1
Female,disloyal Customer,21,Business travel,Eco,366,3,4,3,3,3,3,3,3,3,1,3,2,4,3,0,0.0,0
Female,Loyal Customer,50,Business travel,Business,612,3,3,3,3,3,5,4,4,4,4,4,5,4,4,1,0.0,1
Male,disloyal Customer,22,Business travel,Eco,581,4,5,4,3,4,4,4,4,4,2,4,5,4,4,0,0.0,1
Male,Loyal Customer,44,Business travel,Business,3750,3,3,3,3,2,4,4,2,2,2,2,4,2,5,0,0.0,0
Female,Loyal Customer,70,Business travel,Business,2816,1,1,2,1,2,2,2,4,4,4,4,5,4,2,0,0.0,0
Female,Loyal Customer,60,Personal Travel,Eco Plus,515,4,2,4,2,3,2,2,4,4,4,4,2,4,2,0,0.0,0
Male,Loyal Customer,52,Business travel,Business,3132,5,5,5,5,3,4,5,4,4,4,4,5,4,5,0,2.0,1
Male,Loyal Customer,30,Business travel,Business,2212,4,4,4,4,5,5,5,5,5,4,5,3,4,5,0,0.0,1
Female,Loyal Customer,12,Business travel,Business,678,1,2,2,2,1,1,1,1,1,3,3,3,4,1,0,10.0,0
Male,Loyal Customer,13,Personal Travel,Eco,544,2,3,2,2,5,2,5,5,4,2,2,1,1,5,0,8.0,1
Male,Loyal Customer,67,Personal Travel,Eco,849,0,3,0,3,5,0,5,5,3,1,5,4,1,5,0,0.0,1
Female,disloyal Customer,18,Business travel,Eco,951,3,3,3,4,5,3,5,5,3,2,4,4,3,5,4,13.0,1
Male,disloyal Customer,21,Business travel,Eco,1303,3,3,3,3,5,3,5,5,1,5,3,4,4,5,63,70.0,1
Female,Loyal Customer,43,Business travel,Business,1089,3,3,3,3,2,4,5,4,4,4,4,3,4,3,24,16.0,1
Male,Loyal Customer,47,Personal Travel,Eco,594,2,1,2,3,5,2,5,5,3,5,3,4,2,5,0,0.0,1
Female,Loyal Customer,58,Business travel,Eco Plus,462,4,4,1,4,2,3,3,4,4,4,4,4,4,4,0,0.0,1
Female,Loyal Customer,29,Business travel,Business,1025,4,4,5,4,4,4,4,4,5,5,4,3,5,4,0,0.0,1
Male,Loyal Customer,51,Business travel,Eco Plus,583,2,3,1,3,2,2,2,2,2,3,4,4,3,2,3,0.0,0
Female,Loyal Customer,31,Personal Travel,Business,602,5,5,5,1,5,5,4,5,5,4,5,5,4,5,0,7.0,1
Female,Loyal Customer,27,Personal Travel,Eco,234,2,3,2,4,3,2,3,3,4,3,3,4,3,3,2,9.0,0
Female,Loyal Customer,45,Business travel,Business,1620,4,4,4,4,2,5,5,4,4,4,4,5,4,5,0,20.0,1
Female,Loyal Customer,50,Business travel,Eco,120,5,1,1,1,1,5,2,5,5,5,5,3,5,2,0,31.0,1
Female,Loyal Customer,22,Business travel,Eco Plus,157,5,5,5,5,5,5,4,5,3,5,1,4,4,5,0,0.0,1
Female,Loyal Customer,45,Personal Travel,Eco Plus,270,4,3,2,4,2,4,3,3,3,2,3,2,3,4,8,0.0,0
Female,disloyal Customer,26,Business travel,Eco,721,2,2,2,5,4,2,4,4,5,5,4,1,5,4,25,1.0,1
Female,Loyal Customer,51,Personal Travel,Eco Plus,646,4,3,4,2,1,2,3,4,4,4,4,3,4,2,15,18.0,0
Male,Loyal Customer,8,Personal Travel,Eco,1874,3,2,3,3,3,3,3,3,3,4,3,2,3,3,22,28.0,0
Female,Loyal Customer,36,Personal Travel,Eco,1123,4,5,4,5,1,4,1,1,4,4,4,5,4,1,0,21.0,0
Male,Loyal Customer,39,Business travel,Business,862,5,5,5,5,4,5,5,5,5,5,5,5,5,5,14,15.0,1
Female,Loyal Customer,25,Business travel,Business,612,4,4,4,4,5,5,5,5,4,5,5,4,5,5,0,0.0,1
Female,Loyal Customer,34,Personal Travel,Eco,106,4,2,4,4,5,4,5,5,1,1,4,2,4,5,3,1.0,1
Female,Loyal Customer,46,Business travel,Business,3736,4,4,4,4,3,2,1,5,5,5,5,2,5,4,0,0.0,1
Male,Loyal Customer,47,Business travel,Business,728,4,4,2,4,2,4,5,4,4,4,4,4,4,5,0,0.0,1
Male,Loyal Customer,51,Personal Travel,Eco,125,2,4,2,3,3,2,3,3,3,1,3,3,3,3,0,3.0,0
Female,Loyal Customer,39,Business travel,Business,759,5,5,5,5,2,4,4,4,4,4,4,3,4,4,0,0.0,1
Female,Loyal Customer,23,Personal Travel,Eco,371,3,2,3,2,5,3,5,5,4,5,1,2,2,5,9,6.0,1
Female,Loyal Customer,56,Business travel,Business,1581,1,1,1,1,3,5,4,5,5,5,5,4,5,5,0,0.0,1
Female,disloyal Customer,28,Business travel,Business,814,2,2,2,3,2,3,5,5,4,5,5,5,3,5,212,212.0,1
Female,Loyal Customer,34,Personal Travel,Eco,148,4,4,4,3,5,4,5,5,5,4,5,5,4,5,38,26.0,1
Female,Loyal Customer,50,Business travel,Eco,479,1,3,3,3,1,3,2,1,1,1,1,3,1,3,0,0.0,0
Male,Loyal Customer,42,Personal Travel,Eco,1041,2,5,2,3,4,2,2,4,5,2,4,5,4,4,14,4.0,1
Male,Loyal Customer,54,Business travel,Business,548,3,1,1,1,5,3,4,3,3,3,3,3,3,2,0,3.0,0
Female,Loyal Customer,18,Personal Travel,Eco,1635,2,4,2,2,2,4,3,3,3,5,4,3,3,3,150,168.0,0
Female,Loyal Customer,14,Personal Travel,Eco,954,2,5,2,3,4,2,4,4,2,1,2,2,3,4,39,28.0,0
Female,Loyal Customer,38,Business travel,Business,3649,1,1,1,1,4,3,5,1,1,2,1,3,1,4,0,6.0,0
Male,Loyal Customer,42,Personal Travel,Eco,2556,4,3,4,2,4,4,4,4,4,3,4,4,5,4,0,0.0,1
Male,Loyal Customer,26,Business travel,Business,265,5,5,5,5,4,4,4,4,3,4,4,4,5,4,168,169.0,1
Male,Loyal Customer,49,Business travel,Business,250,0,0,0,3,3,4,4,4,4,4,4,3,4,4,45,39.0,1
Female,Loyal Customer,70,Business travel,Business,2207,3,1,2,1,4,4,3,3,3,3,3,4,3,3,5,3.0,1
Male,Loyal Customer,41,Business travel,Business,73,3,3,3,3,2,5,5,4,4,4,5,1,4,5,0,0.0,1
Male,Loyal Customer,46,Business travel,Business,2141,2,4,4,4,3,3,4,2,2,3,2,4,2,2,11,51.0,0
Male,Loyal Customer,15,Business travel,Business,3770,3,4,4,4,3,3,3,3,2,3,3,4,3,3,0,0.0,0
Male,Loyal Customer,18,Personal Travel,Eco,399,3,4,3,3,5,3,5,5,3,2,4,5,4,5,0,0.0,1
Male,Loyal Customer,45,Personal Travel,Eco,1990,3,3,4,3,5,4,5,5,5,1,3,2,1,5,7,77.0,1
Male,Loyal Customer,51,Business travel,Business,370,5,5,3,5,3,4,4,4,4,4,4,4,4,5,2,0.0,1
Female,Loyal Customer,24,Business travel,Business,2337,3,3,3,3,3,4,3,3,1,5,2,5,5,3,8,3.0,1
Female,Loyal Customer,53,Business travel,Business,366,5,5,2,5,5,5,4,5,5,5,5,3,5,4,15,24.0,1
Male,Loyal Customer,48,Business travel,Business,293,2,2,2,2,3,4,5,5,5,5,5,4,5,3,52,59.0,1
Male,Loyal Customer,53,Business travel,Business,2704,5,5,5,5,2,3,4,4,4,4,4,5,4,4,0,0.0,1
Male,Loyal Customer,30,Business travel,Business,3886,1,1,1,1,5,5,5,5,4,4,4,4,5,5,0,0.0,1
Female,Loyal Customer,25,Personal Travel,Business,129,2,4,2,3,5,2,2,5,2,5,4,1,4,5,116,118.0,1
Female,Loyal Customer,55,Business travel,Business,2185,1,1,1,1,5,4,4,3,3,4,3,5,3,3,0,6.0,1
Female,Loyal Customer,37,Business travel,Business,3256,4,4,4,4,4,4,4,1,4,1,1,4,4,4,353,370.0,0
Male,Loyal Customer,48,Business travel,Business,1096,1,1,1,1,5,4,5,4,4,4,4,5,4,5,0,0.0,1
Male,Loyal Customer,54,Business travel,Business,2671,3,3,3,3,3,5,4,4,4,4,4,3,4,4,0,0.0,1
Male,Loyal Customer,55,Business travel,Eco,109,5,5,5,5,5,5,5,5,1,5,3,4,3,5,0,0.0,1
Male,Loyal Customer,31,Business travel,Business,1558,3,2,2,2,3,3,3,3,1,4,4,2,4,3,0,4.0,0
Female,Loyal Customer,23,Business travel,Eco,373,4,2,2,2,4,4,3,4,5,1,4,5,3,4,33,28.0,1
Male,Loyal Customer,41,Business travel,Business,1947,4,4,4,4,3,4,5,2,2,2,2,3,2,4,6,0.0,0
Male,Loyal Customer,33,Personal Travel,Eco,528,3,4,3,2,2,3,2,2,3,2,5,4,5,2,25,77.0,0
Male,Loyal Customer,59,Personal Travel,Eco,986,2,4,2,5,3,2,3,3,5,5,5,4,4,3,0,0.0,1
Female,Loyal Customer,68,Personal Travel,Eco Plus,1192,2,4,2,3,4,3,5,3,3,2,3,5,3,4,0,0.0,1
Female,Loyal Customer,58,Personal Travel,Eco,175,3,4,3,2,5,4,4,4,4,3,4,3,4,5,0,1.0,1
Female,Loyal Customer,47,Business travel,Business,1532,1,2,2,2,2,4,4,1,1,1,1,2,1,1,5,0.0,0
Male,Loyal Customer,38,Personal Travel,Eco,247,1,5,0,1,4,0,4,4,5,2,4,4,4,4,0,0.0,0
Female,Loyal Customer,45,Business travel,Business,1842,3,3,3,3,2,5,4,4,4,4,4,5,4,4,27,27.0,1
Female,Loyal Customer,53,Business travel,Business,2418,3,4,4,4,3,3,3,3,5,2,2,3,4,3,930,952.0,0
Female,Loyal Customer,46,Business travel,Business,1942,3,3,3,3,5,4,4,3,3,3,3,2,3,2,0,0.0,1
Female,Loyal Customer,9,Personal Travel,Eco,1299,2,5,2,1,3,2,3,3,3,4,3,5,5,3,0,0.0,0
Female,Loyal Customer,44,Business travel,Business,429,3,3,3,3,3,4,5,4,4,4,4,5,4,5,25,29.0,1
Female,Loyal Customer,17,Personal Travel,Business,440,3,4,3,3,2,3,1,2,3,5,5,4,4,2,0,0.0,0
Male,Loyal Customer,48,Personal Travel,Eco,1258,2,5,2,2,3,2,3,3,4,2,5,3,5,3,0,0.0,0
Female,Loyal Customer,17,Business travel,Business,357,2,1,2,1,2,2,2,2,2,3,3,1,2,2,91,86.0,0
Male,Loyal Customer,45,Personal Travel,Eco,787,1,4,1,2,3,1,3,3,1,4,4,5,2,3,2,0.0,0
Female,Loyal Customer,59,Business travel,Business,257,3,3,3,3,2,1,5,5,5,5,5,3,5,2,0,4.0,1
Female,disloyal Customer,22,Business travel,Eco,1389,2,2,2,4,5,2,5,5,3,5,5,4,5,5,0,0.0,1
Female,disloyal Customer,25,Business travel,Business,1014,5,0,5,4,2,5,4,2,5,2,3,4,5,2,2,0.0,1
Female,Loyal Customer,50,Business travel,Business,2643,4,4,4,4,4,4,4,5,5,5,5,4,5,5,0,0.0,1
Male,Loyal Customer,37,Business travel,Eco,209,5,2,2,2,5,5,5,5,4,3,3,4,3,5,0,0.0,1
Female,Loyal Customer,53,Business travel,Business,3019,3,3,3,3,1,1,3,5,5,5,5,2,5,1,12,50.0,1
Female,Loyal Customer,59,Business travel,Business,733,5,5,5,5,3,4,5,5,5,5,5,3,5,4,48,49.0,1
Male,Loyal Customer,48,Business travel,Business,733,3,3,3,3,2,5,5,4,4,4,4,4,4,3,0,0.0,1
Female,Loyal Customer,22,Personal Travel,Eco,214,4,3,4,4,4,4,4,4,3,2,1,2,1,4,0,0.0,0
Male,Loyal Customer,21,Personal Travel,Eco,1009,1,3,1,5,5,1,5,5,5,3,4,2,5,5,4,0.0,1
Male,Loyal Customer,46,Business travel,Business,3962,1,1,1,1,3,4,5,4,4,4,4,4,4,4,0,0.0,1
Female,disloyal Customer,19,Business travel,Eco,544,3,4,3,4,5,3,5,5,5,2,4,3,4,5,0,0.0,1
Female,Loyal Customer,46,Business travel,Business,1585,2,2,2,2,4,5,4,4,4,4,4,4,4,5,24,1.0,1
Male,Loyal Customer,45,Business travel,Business,1553,5,5,2,5,3,4,4,2,2,2,2,4,2,4,0,11.0,0
Female,Loyal Customer,47,Personal Travel,Eco Plus,745,4,2,4,3,1,3,3,5,5,4,5,1,5,2,0,0.0,1
Male,Loyal Customer,70,Personal Travel,Eco,1346,3,5,3,4,2,3,2,2,5,3,4,3,5,2,0,0.0,0
Female,Loyal Customer,52,Business travel,Business,3270,5,5,5,5,4,4,5,4,4,4,4,5,4,4,5,0.0,1
Female,disloyal Customer,36,Business travel,Eco,989,3,3,3,4,3,3,3,3,5,3,4,3,3,3,206,201.0,0
Female,Loyal Customer,37,Personal Travel,Eco,633,2,5,2,4,1,2,1,1,4,2,5,5,5,1,0,0.0,0
Male,Loyal Customer,55,Business travel,Eco,1400,1,2,2,2,1,1,1,1,3,5,3,1,3,1,16,35.0,0
Female,Loyal Customer,30,Personal Travel,Eco,1709,3,3,3,4,4,3,4,4,5,3,1,1,4,4,24,33.0,1
Female,disloyal Customer,57,Business travel,Eco,673,2,2,2,1,3,2,1,3,2,3,5,4,2,3,0,0.0,0
Female,disloyal Customer,22,Business travel,Eco,666,3,0,3,5,2,3,2,2,4,5,4,5,4,2,1,0.0,0
Male,Loyal Customer,11,Personal Travel,Eco,414,1,4,4,3,1,4,1,1,3,3,1,2,1,1,6,0.0,0
Female,Loyal Customer,33,Business travel,Business,2774,2,2,2,2,4,5,5,2,2,2,2,4,2,3,0,0.0,0
Male,Loyal Customer,45,Business travel,Business,3594,2,2,4,2,2,5,5,5,5,5,5,5,5,4,0,0.0,1
Female,disloyal Customer,16,Business travel,Eco,1184,3,4,4,3,3,4,3,3,4,5,4,3,3,3,0,0.0,1
Male,Loyal Customer,60,Personal Travel,Eco Plus,666,2,5,2,3,2,2,2,2,4,2,2,4,2,2,11,0.0,0
Male,Loyal Customer,39,Business travel,Business,2484,4,4,4,4,5,4,4,3,3,2,3,5,3,5,1,0.0,1
Female,Loyal Customer,51,Personal Travel,Eco,223,5,4,5,1,4,4,4,3,3,5,3,4,3,3,0,0.0,1
Male,Loyal Customer,57,Personal Travel,Eco,2370,1,5,1,1,1,1,1,1,4,2,5,5,4,1,93,80.0,0
Female,disloyal Customer,25,Business travel,Business,1598,1,4,1,3,4,1,4,4,3,5,5,3,4,4,0,0.0,1
Female,Loyal Customer,16,Personal Travel,Eco,892,2,5,2,2,2,2,2,2,4,2,5,3,5,2,0,15.0,0
Female,disloyal Customer,28,Business travel,Business,602,3,3,3,3,5,3,2,5,4,2,4,5,5,5,0,0.0,1
Female,disloyal Customer,44,Business travel,Eco,678,2,2,2,4,1,2,1,1,4,5,4,3,4,1,0,0.0,0
Female,Loyal Customer,36,Personal Travel,Eco,1013,4,1,4,4,5,4,4,5,4,4,4,4,3,5,2,27.0,1
Female,Loyal Customer,41,Business travel,Business,1091,3,3,1,3,3,4,4,3,3,4,3,3,3,4,0,0.0,1
Female,disloyal Customer,23,Business travel,Eco,1303,3,3,3,3,4,3,1,4,4,4,4,3,5,4,0,0.0,1
Female,disloyal Customer,21,Business travel,Eco,842,4,4,4,2,3,4,3,3,3,2,5,5,4,3,42,42.0,1
Male,Loyal Customer,21,Personal Travel,Eco Plus,152,2,5,2,3,1,2,1,1,4,4,4,4,4,1,0,0.0,0
Female,Loyal Customer,66,Personal Travel,Eco Plus,349,2,4,2,5,3,5,5,1,1,2,1,5,1,5,0,3.0,0
Male,Loyal Customer,51,Business travel,Business,2067,4,4,1,4,5,3,2,4,4,4,5,4,4,4,0,0.0,1
Male,Loyal Customer,23,Personal Travel,Eco,991,3,5,3,4,4,3,2,4,5,2,5,5,5,4,0,0.0,1
Female,Loyal Customer,60,Business travel,Business,3416,3,3,3,3,3,4,4,5,5,5,5,4,5,3,0,0.0,1
Female,Loyal Customer,33,Business travel,Eco Plus,605,2,4,4,4,2,2,2,2,2,4,4,2,3,2,55,48.0,0
Male,Loyal Customer,35,Personal Travel,Eco,872,3,2,3,3,2,3,2,2,3,3,4,1,4,2,7,6.0,0
Female,Loyal Customer,47,Business travel,Business,240,2,2,2,2,2,5,4,4,4,5,4,5,4,4,65,53.0,1
Male,disloyal Customer,29,Business travel,Eco,1491,2,2,2,4,1,2,3,1,2,2,3,1,3,1,6,3.0,0
Male,Loyal Customer,8,Personal Travel,Eco,483,3,1,3,3,2,3,2,2,3,4,2,2,3,2,16,7.0,0
Female,disloyal Customer,27,Business travel,Eco,456,2,2,2,2,5,2,5,5,4,2,1,1,2,5,0,0.0,1
Female,disloyal Customer,39,Business travel,Business,216,4,5,5,3,4,5,4,4,1,5,4,1,2,4,0,0.0,1
Female,disloyal Customer,39,Business travel,Business,651,2,2,2,4,5,2,3,5,2,3,4,5,5,5,0,0.0,1
Female,disloyal Customer,47,Business travel,Business,1073,5,5,5,2,5,5,5,5,3,5,5,5,4,5,0,5.0,1
Female,Loyal Customer,41,Business travel,Business,1121,2,2,2,2,4,5,4,3,3,3,3,5,3,3,0,0.0,1
Female,Loyal Customer,41,Business travel,Business,2960,2,4,4,4,2,3,2,2,2,2,2,2,2,4,0,3.0,0
Male,Loyal Customer,44,Business travel,Business,748,5,5,5,5,5,1,4,4,4,4,4,2,4,5,0,2.0,1
Male,Loyal Customer,34,Personal Travel,Eco,2762,1,0,1,4,4,1,4,4,2,5,3,3,3,4,0,0.0,0
Female,Loyal Customer,23,Business travel,Eco,2562,4,1,1,1,4,3,4,5,2,5,5,4,3,4,0,0.0,1
Female,Loyal Customer,40,Business travel,Business,545,4,4,4,4,3,4,5,4,4,4,4,4,4,5,17,15.0,1
Male,Loyal Customer,70,Personal Travel,Eco,588,1,4,1,1,1,4,4,5,5,4,5,4,5,4,88,158.0,1
Male,Loyal Customer,39,Business travel,Business,515,3,3,3,3,5,5,4,5,5,5,5,3,5,4,1,0.0,1
Male,Loyal Customer,43,Business travel,Eco,584,4,5,5,5,4,4,4,4,4,2,4,5,3,4,0,0.0,1
Female,Loyal Customer,53,Business travel,Business,2346,1,1,1,1,5,3,3,4,4,4,4,5,4,4,4,0.0,1
Female,Loyal Customer,57,Business travel,Business,107,2,2,2,2,4,1,5,4,4,4,3,3,4,2,0,0.0,1
Female,Loyal Customer,9,Personal Travel,Eco Plus,522,5,4,5,2,2,5,2,2,3,4,4,4,4,2,0,0.0,0
Female,Loyal Customer,44,Business travel,Business,748,4,4,4,4,4,5,5,4,4,4,4,3,4,3,0,0.0,1
Male,Loyal Customer,44,Business travel,Business,3577,3,3,1,3,3,4,4,2,2,2,2,5,2,3,0,0.0,0
Male,Loyal Customer,14,Personal Travel,Eco Plus,2588,2,5,1,3,1,1,1,1,2,3,4,2,5,1,0,0.0,0
Female,Loyal Customer,58,Personal Travel,Eco,628,1,4,1,3,2,3,5,2,2,1,2,5,2,5,95,88.0,0
Female,Loyal Customer,27,Business travel,Business,1524,2,2,2,2,5,5,5,5,3,3,4,5,4,5,51,32.0,1
Male,Loyal Customer,57,Business travel,Business,189,1,1,1,1,4,5,5,4,4,4,4,5,4,3,15,11.0,1
Male,Loyal Customer,32,Personal Travel,Eco,862,2,5,2,3,4,2,4,4,4,4,4,5,5,4,72,89.0,1
Male,Loyal Customer,42,Personal Travel,Eco,920,4,4,4,4,4,4,4,4,1,2,4,3,4,4,0,10.0,1
Female,Loyal Customer,34,Business travel,Business,370,5,5,3,5,3,4,4,5,5,5,5,3,5,5,0,6.0,1
Male,Loyal Customer,36,Business travel,Business,404,2,3,3,3,4,2,3,2,2,2,2,1,2,3,12,6.0,0
Male,Loyal Customer,51,Personal Travel,Eco,417,2,5,1,4,2,1,2,2,1,4,1,4,2,2,0,0.0,0
Male,Loyal Customer,42,Business travel,Business,3148,3,4,3,3,5,5,4,5,5,5,5,3,5,3,0,0.0,1
Male,disloyal Customer,29,Business travel,Business,1747,4,3,3,3,3,3,3,3,5,5,4,4,4,3,0,0.0,1
Male,Loyal Customer,50,Personal Travel,Eco,383,5,2,5,4,2,5,2,2,1,2,4,2,4,2,0,0.0,0
Female,disloyal Customer,23,Business travel,Eco,224,1,4,1,3,1,1,1,1,4,2,5,5,4,1,0,0.0,0
Male,Loyal Customer,44,Business travel,Business,1964,1,1,1,1,4,4,5,4,4,4,4,3,4,5,0,0.0,1
Male,Loyal Customer,47,Business travel,Business,257,2,2,2,2,2,4,5,3,3,4,3,3,3,3,0,0.0,0
Male,Loyal Customer,18,Personal Travel,Eco,679,4,5,4,4,1,4,1,1,5,3,4,3,4,1,13,0.0,0
Male,Loyal Customer,48,Business travel,Eco,369,4,2,2,2,4,4,4,4,3,3,4,1,3,4,0,0.0,1
Male,Loyal Customer,31,Business travel,Business,2332,3,1,1,1,3,3,3,3,4,3,4,3,3,3,9,9.0,0
Male,Loyal Customer,67,Business travel,Business,2318,1,1,1,1,2,2,1,4,4,4,4,2,4,2,0,0.0,0
Female,Loyal Customer,14,Business travel,Eco,680,5,4,4,4,5,5,3,5,5,3,4,4,2,5,0,1.0,1
Male,Loyal Customer,37,Personal Travel,Eco,577,4,2,4,3,2,4,4,2,1,3,3,2,3,2,0,0.0,0
Male,Loyal Customer,47,Business travel,Business,1605,5,5,1,5,4,4,5,4,4,4,4,3,4,5,127,126.0,1
Male,Loyal Customer,63,Personal Travel,Eco,220,1,4,1,4,4,1,4,4,1,3,4,3,3,4,25,44.0,0
Female,Loyal Customer,58,Business travel,Business,3332,4,4,4,4,4,5,5,4,4,4,4,3,4,5,5,14.0,1
Female,Loyal Customer,62,Personal Travel,Eco,821,2,2,2,4,3,3,4,4,4,2,5,4,4,4,4,13.0,1
Female,disloyal Customer,36,Business travel,Business,631,1,1,1,4,1,1,1,1,4,3,4,5,4,1,0,4.0,0
Female,Loyal Customer,43,Business travel,Business,1744,2,2,2,2,2,3,4,3,3,4,3,3,3,4,0,0.0,0
Male,Loyal Customer,43,Business travel,Business,1987,1,1,1,1,4,5,5,4,4,4,4,3,4,5,0,0.0,1
Male,Loyal Customer,58,Personal Travel,Business,1045,2,4,2,1,5,5,4,3,3,2,3,4,3,5,0,0.0,1
Female,Loyal Customer,28,Personal Travel,Eco,852,2,5,3,1,5,3,5,5,5,3,4,4,5,5,0,0.0,1
Female,Loyal Customer,29,Business travel,Business,2372,0,0,0,4,3,3,3,3,4,2,5,5,5,3,0,0.0,0
Female,Loyal Customer,35,Personal Travel,Eco,1208,2,3,2,3,5,2,2,5,1,1,3,1,5,5,0,0.0,0
Female,Loyal Customer,52,Business travel,Eco,101,3,3,3,3,1,2,4,3,3,3,3,4,3,3,6,10.0,0
Female,Loyal Customer,39,Business travel,Business,3007,3,3,3,3,4,5,5,5,5,5,5,4,5,5,1,10.0,1
Female,Loyal Customer,53,Business travel,Business,3521,1,1,1,1,4,4,5,4,4,4,4,5,4,3,0,0.0,1
Male,Loyal Customer,51,Business travel,Eco,226,2,3,3,3,2,2,2,2,4,5,3,1,2,2,41,34.0,0
Female,Loyal Customer,50,Personal Travel,Eco,191,1,4,1,4,3,4,4,2,2,1,2,1,2,3,10,0.0,0
Female,Loyal Customer,48,Business travel,Eco,214,1,0,0,3,5,4,3,1,1,1,1,3,1,2,46,49.0,0
Female,Loyal Customer,35,Personal Travel,Eco,347,2,5,2,1,2,2,2,2,5,4,4,4,5,2,17,17.0,0
Male,Loyal Customer,27,Business travel,Business,2251,3,3,3,3,4,4,4,4,4,2,4,3,4,4,0,0.0,1
Female,Loyal Customer,30,Business travel,Eco Plus,1005,3,1,1,1,3,3,3,3,1,2,4,1,4,3,0,0.0,0
Female,Loyal Customer,44,Business travel,Business,2475,2,2,2,2,5,5,5,4,5,4,4,5,4,5,0,0.0,1
Female,Loyal Customer,53,Business travel,Business,1956,3,3,3,3,3,3,5,4,4,4,4,3,4,3,0,0.0,1
Male,Loyal Customer,27,Personal Travel,Eco,391,2,5,2,5,1,2,1,1,3,4,5,4,5,1,1,0.0,0
Female,Loyal Customer,31,Business travel,Eco,2342,5,4,4,4,5,5,5,5,1,2,4,3,5,5,0,18.0,1
Male,Loyal Customer,48,Business travel,Business,3800,1,3,1,1,5,5,4,5,5,5,4,4,5,4,0,0.0,1
Female,Loyal Customer,21,Business travel,Business,1814,4,1,1,1,4,4,4,4,3,2,1,2,2,4,129,112.0,0
Female,Loyal Customer,46,Personal Travel,Eco,315,2,5,2,2,3,5,5,4,4,2,4,3,4,5,28,26.0,1
Female,Loyal Customer,47,Business travel,Business,1865,3,3,3,3,2,5,5,5,5,5,5,3,5,4,0,0.0,1
Male,Loyal Customer,46,Business travel,Business,3252,2,3,3,3,4,4,4,2,2,3,2,2,2,1,77,61.0,0
Female,Loyal Customer,22,Business travel,Eco,674,4,5,5,5,5,5,4,5,4,1,2,2,4,5,117,131.0,1
Male,Loyal Customer,35,Business travel,Business,101,3,3,3,3,5,5,5,4,4,4,3,2,4,3,0,0.0,1
Female,Loyal Customer,36,Business travel,Business,1769,5,5,5,5,5,4,4,4,4,4,4,3,4,4,15,95.0,1
Female,Loyal Customer,56,Business travel,Eco,101,4,3,3,3,1,1,1,4,4,4,4,4,4,3,0,0.0,0
Female,Loyal Customer,44,Business travel,Eco,2475,2,1,1,1,2,1,1,1,1,3,4,1,1,1,0,0.0,0
Female,Loyal Customer,21,Personal Travel,Eco,158,2,4,2,1,3,2,3,3,5,2,5,5,4,3,81,82.0,0
Female,Loyal Customer,23,Business travel,Business,391,4,5,4,4,3,4,3,3,1,1,2,4,2,3,44,68.0,0
Male,Loyal Customer,49,Business travel,Business,2403,3,2,3,3,3,4,4,2,2,2,2,4,2,5,0,0.0,0
Male,Loyal Customer,28,Business travel,Business,515,1,1,1,1,3,4,3,3,5,4,4,3,5,3,0,5.0,1
Male,Loyal Customer,32,Business travel,Eco,157,5,2,2,2,5,5,5,5,5,4,5,1,3,5,56,48.0,1
Female,Loyal Customer,27,Business travel,Business,2611,0,0,0,1,4,3,3,4,1,5,5,4,4,4,0,0.0,1
Male,Loyal Customer,44,Business travel,Business,1754,5,5,5,5,5,4,5,5,5,5,5,3,5,3,8,13.0,1
Female,Loyal Customer,43,Business travel,Business,2754,3,3,3,3,3,5,2,4,4,4,4,5,4,4,0,0.0,1
Female,Loyal Customer,23,Business travel,Business,3759,1,1,4,1,5,5,5,5,3,4,3,4,3,5,0,0.0,1
Female,disloyal Customer,25,Business travel,Eco,720,3,3,3,4,3,4,4,3,2,3,3,4,2,4,0,6.0,0
Male,Loyal Customer,9,Personal Travel,Eco,1346,2,4,2,1,1,2,3,1,3,5,3,3,4,1,0,0.0,0
Male,Loyal Customer,53,Business travel,Eco,929,4,3,3,3,3,4,3,3,4,2,2,4,2,3,0,0.0,0
Male,Loyal Customer,57,Business travel,Business,2033,1,1,1,1,5,4,4,5,5,5,5,3,5,5,0,0.0,1
Female,Loyal Customer,51,Business travel,Business,670,4,4,4,4,5,5,4,4,4,5,4,4,4,4,2,7.0,1
Female,Loyal Customer,68,Personal Travel,Eco,937,2,2,2,3,3,3,3,2,2,2,3,4,2,3,0,0.0,0
Male,Loyal Customer,39,Business travel,Eco,481,4,1,5,5,4,4,4,4,5,3,3,3,5,4,0,0.0,1
Male,Loyal Customer,28,Personal Travel,Eco,522,1,5,1,1,3,1,3,3,5,2,5,3,4,3,0,0.0,0
Female,Loyal Customer,41,Business travel,Eco,1199,3,1,1,1,2,3,2,2,1,5,4,2,4,2,0,42.0,0
Female,Loyal Customer,53,Business travel,Business,3727,0,4,0,3,3,5,4,5,5,3,3,3,5,4,2,0.0,1
Male,Loyal Customer,24,Business travel,Eco,1242,0,5,0,4,5,0,5,5,4,2,2,4,4,5,92,87.0,1
Male,Loyal Customer,46,Personal Travel,Eco,159,1,4,0,2,2,0,2,2,3,4,4,3,5,2,25,22.0,0
Male,disloyal Customer,30,Business travel,Business,646,5,5,5,3,3,5,3,3,5,3,4,3,4,3,0,0.0,1
Female,Loyal Customer,26,Business travel,Business,1601,3,1,3,3,3,3,3,3,3,5,4,5,4,3,5,0.0,1
Female,Loyal Customer,56,Business travel,Eco Plus,787,4,4,2,4,2,3,5,4,4,4,4,2,4,2,11,0.0,1
Female,Loyal Customer,68,Personal Travel,Eco,125,2,4,0,2,2,1,5,1,1,0,1,2,1,2,2,6.0,0
Female,Loyal Customer,29,Personal Travel,Eco,89,4,4,4,1,2,4,2,2,5,2,4,3,5,2,29,24.0,0
Female,Loyal Customer,45,Personal Travel,Business,2586,2,5,2,5,2,4,4,3,5,4,5,4,3,4,0,0.0,1
Male,Loyal Customer,46,Business travel,Business,3966,3,3,3,3,3,4,4,4,4,4,4,3,4,5,0,0.0,1
Male,Loyal Customer,64,Business travel,Business,301,1,1,1,1,4,2,4,5,5,5,5,3,5,4,111,113.0,1
Male,Loyal Customer,26,Personal Travel,Eco,192,3,3,3,3,2,3,2,2,3,1,2,4,1,2,17,15.0,0
Male,Loyal Customer,51,Personal Travel,Business,387,1,5,1,1,4,4,1,3,3,1,3,2,3,4,0,0.0,0
Female,Loyal Customer,58,Business travel,Business,1701,4,4,4,4,4,4,4,5,5,5,5,3,5,3,8,5.0,1
Male,disloyal Customer,28,Business travel,Business,1235,3,3,3,4,4,3,3,4,2,1,4,3,3,4,26,21.0,0
Male,Loyal Customer,49,Business travel,Eco,1504,3,2,2,2,3,3,3,3,3,3,4,2,3,3,74,65.0,0
Female,Loyal Customer,35,Personal Travel,Eco,296,4,5,4,1,1,4,1,1,5,3,5,4,5,1,8,13.0,0
Male,disloyal Customer,23,Business travel,Eco,433,4,4,4,1,4,4,4,4,2,1,5,4,3,4,0,0.0,1
Female,Loyal Customer,40,Personal Travel,Eco,1911,3,5,4,1,5,4,5,5,5,2,3,5,5,5,6,21.0,1
Female,disloyal Customer,20,Business travel,Eco,669,2,1,2,2,5,2,2,5,2,5,2,2,2,5,34,28.0,0
Male,Loyal Customer,26,Business travel,Business,2629,3,3,2,3,3,4,3,3,1,4,4,1,3,3,0,16.0,0
Female,Loyal Customer,35,Business travel,Business,2454,2,2,2,2,4,4,4,4,2,5,2,4,1,4,3,15.0,1
Female,disloyal Customer,20,Business travel,Eco,950,3,3,3,2,3,3,3,3,1,2,3,1,2,3,0,0.0,0
Male,Loyal Customer,58,Business travel,Eco,761,3,5,5,5,2,3,2,2,2,5,4,3,4,2,82,85.0,0
Female,Loyal Customer,29,Business travel,Business,1389,1,1,1,1,4,4,4,4,3,3,5,4,5,4,0,0.0,1
Male,Loyal Customer,55,Business travel,Eco,391,5,1,1,1,4,5,4,4,4,2,2,1,5,4,0,0.0,1
Male,disloyal Customer,32,Business travel,Business,929,2,2,2,5,1,2,1,1,3,4,5,5,4,1,1,9.0,0
Female,Loyal Customer,37,Business travel,Eco,331,3,2,2,2,3,3,3,3,4,3,3,2,3,3,13,0.0,0
Female,Loyal Customer,50,Personal Travel,Eco Plus,463,3,4,3,2,3,2,4,4,5,5,4,4,5,4,176,161.0,1
Male,Loyal Customer,39,Business travel,Business,190,1,3,3,3,1,3,3,4,4,4,1,3,4,2,0,0.0,0
Female,Loyal Customer,16,Personal Travel,Eco,547,2,5,2,2,5,2,5,5,5,3,4,3,4,5,32,44.0,1
Male,Loyal Customer,55,Business travel,Business,2480,0,5,0,2,2,4,4,2,2,2,2,3,2,4,0,0.0,0
Male,Loyal Customer,28,Personal Travel,Eco,2475,3,3,4,4,2,4,2,2,2,1,4,4,3,2,59,25.0,0
Male,Loyal Customer,8,Business travel,Eco,1096,2,4,4,4,2,2,3,2,2,3,4,2,3,2,0,0.0,0
Male,Loyal Customer,48,Business travel,Business,337,1,1,2,1,5,5,4,5,5,5,5,5,5,3,0,0.0,1
Female,Loyal Customer,48,Business travel,Business,2342,1,1,1,1,5,5,5,5,5,5,5,3,5,4,10,0.0,1
Female,Loyal Customer,40,Business travel,Business,2110,2,2,2,2,5,4,5,4,4,4,4,3,4,3,0,0.0,1
Male,Loyal Customer,22,Business travel,Eco Plus,640,1,2,2,2,1,1,2,1,3,3,3,1,3,1,57,53.0,0
Male,disloyal Customer,46,Business travel,Business,1846,4,4,4,4,5,4,5,5,5,2,5,4,5,5,3,0.0,1
Male,Loyal Customer,33,Business travel,Business,2448,3,3,3,3,4,4,4,4,4,4,4,3,4,4,12,9.0,1
Male,Loyal Customer,24,Business travel,Business,781,3,3,3,3,5,5,5,5,5,5,5,4,5,5,14,4.0,1
Female,Loyal Customer,43,Business travel,Business,3828,4,4,4,4,3,5,4,5,5,5,5,4,5,5,0,0.0,1
Male,Loyal Customer,31,Business travel,Business,239,1,1,1,1,4,4,4,4,3,3,5,5,5,4,0,0.0,1
Female,Loyal Customer,22,Business travel,Eco,354,1,3,3,3,1,1,4,1,2,3,3,4,4,1,27,19.0,0
Male,Loyal Customer,56,Business travel,Business,3318,3,3,3,3,5,5,5,5,5,5,5,4,5,5,0,0.0,1
Female,Loyal Customer,8,Business travel,Business,888,4,1,1,1,4,4,4,4,1,4,4,2,3,4,0,0.0,1
Male,disloyal Customer,22,Business travel,Eco,2176,3,3,3,4,3,3,2,3,3,4,2,4,3,3,9,8.0,0
Female,Loyal Customer,68,Personal Travel,Eco,759,4,4,4,4,5,4,2,4,4,4,4,3,4,1,0,0.0,1
Female,disloyal Customer,27,Business travel,Eco,213,4,2,4,1,2,4,2,2,2,1,1,4,1,2,6,4.0,0
Female,Loyal Customer,18,Business travel,Business,1605,4,4,4,4,4,4,4,4,5,3,4,5,5,4,1,4.0,1
Female,disloyal Customer,30,Business travel,Eco,711,3,4,4,3,2,4,5,2,4,3,3,3,4,2,0,0.0,0
Female,Loyal Customer,77,Business travel,Business,2108,3,1,2,1,5,2,3,3,3,2,3,4,3,4,0,0.0,1
Male,Loyal Customer,48,Business travel,Business,3141,4,4,4,4,4,4,5,4,4,4,4,5,4,4,0,0.0,1
Female,Loyal Customer,48,Business travel,Eco,334,4,3,3,3,4,2,2,3,3,4,3,1,3,3,0,0.0,0
Female,Loyal Customer,56,Personal Travel,Eco Plus,868,3,5,3,1,5,3,3,4,4,3,4,4,4,4,0,3.0,1
Male,Loyal Customer,45,Business travel,Business,3953,4,4,4,4,2,4,4,4,4,5,4,3,4,4,0,0.0,1
Female,Loyal Customer,34,Business travel,Eco,1721,4,1,1,1,4,4,4,4,2,1,2,4,4,4,0,0.0,1
Female,Loyal Customer,56,Business travel,Business,160,3,3,3,3,2,2,4,4,4,4,3,4,4,2,5,0.0,1
Female,Loyal Customer,38,Business travel,Business,581,3,3,3,3,5,4,4,5,5,5,5,3,5,4,93,76.0,1
Female,Loyal Customer,61,Business travel,Business,3254,1,4,4,4,3,4,4,1,1,1,1,3,1,4,0,0.0,0
Male,Loyal Customer,55,Personal Travel,Eco,463,3,4,2,1,1,2,1,1,3,2,4,4,4,1,0,0.0,0
Female,Loyal Customer,68,Personal Travel,Eco,460,2,3,5,3,4,5,1,1,1,5,1,4,1,2,0,0.0,0
Female,Loyal Customer,29,Personal Travel,Eco,192,4,5,4,4,2,4,5,2,3,3,4,5,4,2,0,2.0,0
Female,Loyal Customer,38,Business travel,Eco,1046,5,3,3,3,5,5,5,5,2,3,4,3,5,5,0,0.0,1
Female,Loyal Customer,58,Business travel,Business,2196,3,3,3,3,4,5,4,2,2,2,2,4,2,5,1,0.0,1
Female,Loyal Customer,48,Personal Travel,Eco,919,1,3,1,3,5,4,3,3,3,1,3,2,3,2,11,2.0,0
Female,Loyal Customer,13,Personal Travel,Eco,802,1,5,1,1,2,1,5,2,3,5,3,2,3,2,19,13.0,0
Female,Loyal Customer,49,Personal Travel,Business,1416,2,4,2,3,1,2,4,1,1,2,1,2,1,3,9,0.0,0
Female,Loyal Customer,36,Business travel,Business,2290,1,4,4,4,1,4,4,1,1,1,1,3,1,2,0,12.0,0
Male,Loyal Customer,17,Business travel,Business,2150,1,1,1,1,1,1,1,1,4,5,3,1,4,1,2,0.0,0
Female,Loyal Customer,45,Business travel,Business,2850,1,1,1,1,2,5,5,4,4,4,4,5,4,3,2,0.0,1
Female,Loyal Customer,54,Business travel,Business,3517,2,2,2,2,3,5,5,5,5,5,5,4,5,4,0,0.0,1
Male,disloyal Customer,25,Business travel,Eco,308,2,0,2,2,4,2,4,4,1,2,2,3,3,4,0,0.0,0
Female,Loyal Customer,45,Personal Travel,Eco,1725,4,5,4,1,3,4,4,2,2,4,2,4,2,3,19,0.0,0
Female,disloyal Customer,27,Business travel,Eco,118,2,0,2,4,2,2,5,2,2,4,3,5,5,2,0,0.0,0
Female,Loyal Customer,36,Personal Travel,Eco,948,3,2,3,3,4,3,4,4,1,2,3,3,4,4,11,12.0,0
Male,disloyal Customer,33,Business travel,Business,647,2,2,2,2,5,2,5,5,5,4,5,5,5,5,30,29.0,1
Female,Loyal Customer,44,Personal Travel,Eco,805,4,2,4,4,1,4,3,1,1,4,1,3,1,1,15,16.0,0
Female,Loyal Customer,47,Business travel,Business,3776,5,4,4,4,5,4,4,5,5,4,5,1,5,3,17,5.0,1
Female,Loyal Customer,70,Personal Travel,Eco,547,3,2,2,2,4,2,2,2,2,2,2,3,2,3,0,0.0,0
Female,Loyal Customer,52,Business travel,Eco Plus,335,3,5,5,5,3,3,3,3,3,3,3,4,3,1,0,0.0,0
Female,Loyal Customer,24,Personal Travel,Eco,1609,2,5,2,4,1,2,1,1,3,2,5,4,4,1,0,0.0,0
Female,Loyal Customer,67,Personal Travel,Eco,2845,1,0,1,3,5,2,1,1,1,1,4,1,1,5,0,0.0,0
Male,Loyal Customer,27,Personal Travel,Eco,590,3,3,3,5,4,3,4,4,1,5,4,2,4,4,0,0.0,1
Male,Loyal Customer,46,Business travel,Business,2195,1,5,5,5,3,2,3,1,1,1,1,3,1,2,0,0.0,0
Male,Loyal Customer,46,Business travel,Business,692,3,3,3,3,4,3,5,5,5,5,5,4,5,1,2,1.0,1
Male,Loyal Customer,40,Business travel,Business,2154,4,4,4,4,2,4,5,4,4,4,4,3,4,3,15,15.0,1
Male,Loyal Customer,34,Business travel,Business,1258,3,3,3,3,5,5,4,3,3,3,3,4,3,4,0,18.0,1
Male,disloyal Customer,39,Business travel,Business,197,2,2,2,3,1,2,1,1,5,2,5,5,4,1,0,0.0,0
Male,Loyal Customer,43,Business travel,Business,2163,3,2,3,3,3,3,3,3,4,3,3,3,2,3,97,134.0,0
Female,Loyal Customer,33,Business travel,Business,2577,2,3,3,3,4,2,2,2,2,2,2,1,2,2,10,20.0,0
Male,Loyal Customer,37,Personal Travel,Eco,679,1,2,1,3,5,1,5,5,2,2,3,1,4,5,5,0.0,1
Female,Loyal Customer,42,Business travel,Eco,317,2,3,3,3,1,4,4,2,2,2,2,2,2,1,0,0.0,0
Female,Loyal Customer,47,Business travel,Business,1953,1,1,1,1,4,4,5,5,5,5,5,4,5,4,14,5.0,1
Female,Loyal Customer,43,Business travel,Business,2641,5,5,4,5,2,5,5,4,4,4,4,5,4,3,0,0.0,1
Female,Loyal Customer,60,Business travel,Business,2363,3,3,3,3,5,5,5,4,4,4,4,4,4,5,0,0.0,1
Male,Loyal Customer,62,Business travel,Business,416,4,4,4,4,1,1,4,2,2,2,2,5,2,3,59,57.0,0
Male,Loyal Customer,31,Personal Travel,Eco,258,5,3,5,3,2,5,2,2,2,5,4,2,3,2,0,4.0,0
Male,Loyal Customer,51,Business travel,Business,1663,0,0,0,1,5,5,5,5,5,1,1,4,5,4,0,0.0,1
Female,Loyal Customer,22,Personal Travel,Eco,259,2,1,2,4,1,2,1,1,4,4,4,4,3,1,30,28.0,0
Female,Loyal Customer,38,Business travel,Business,295,3,3,3,3,5,5,5,4,4,4,4,4,4,4,0,0.0,1
Female,Loyal Customer,21,Personal Travel,Business,1487,3,3,3,3,1,3,1,1,1,3,3,3,4,1,28,19.0,0
Male,Loyal Customer,31,Business travel,Business,2402,5,5,5,5,5,5,5,5,4,4,3,5,4,5,0,0.0,1
Female,Loyal Customer,46,Business travel,Business,2227,1,1,1,1,5,5,5,5,5,5,5,4,5,3,12,12.0,1
Female,Loyal Customer,31,Business travel,Business,2722,1,1,1,1,4,4,4,4,3,5,1,5,5,4,21,9.0,1
Female,disloyal Customer,23,Business travel,Eco,991,4,4,4,3,3,4,3,3,3,2,3,1,4,3,0,6.0,0
Male,Loyal Customer,36,Business travel,Business,2462,3,1,3,1,4,4,3,3,3,3,3,3,3,2,0,13.0,0
Female,Loyal Customer,37,Business travel,Business,2441,5,5,5,5,1,4,1,5,5,5,5,5,5,5,0,0.0,1
Female,Loyal Customer,48,Business travel,Business,718,3,5,5,5,4,4,3,3,3,3,3,4,3,3,0,0.0,1
Female,Loyal Customer,30,Business travel,Business,368,2,1,1,1,2,2,2,2,4,3,1,2,1,2,0,0.0,0
Male,Loyal Customer,58,Personal Travel,Eco,280,2,4,2,3,1,2,1,1,4,1,4,4,4,1,0,20.0,0
Female,Loyal Customer,56,Business travel,Business,1846,5,5,5,5,3,3,4,2,2,3,2,5,2,3,8,14.0,0
Male,Loyal Customer,39,Business travel,Eco,416,5,2,2,2,5,5,5,5,4,5,2,1,3,5,0,0.0,1
Male,Loyal Customer,40,Business travel,Business,2165,4,4,5,4,5,5,5,4,4,4,4,4,4,5,75,58.0,1
Male,Loyal Customer,22,Personal Travel,Eco,594,1,4,1,4,4,1,4,4,2,2,2,1,5,4,12,3.0,0
Male,Loyal Customer,40,Business travel,Eco,562,4,5,5,5,4,4,4,4,1,5,3,4,3,4,0,0.0,1
Female,Loyal Customer,34,Personal Travel,Eco Plus,2125,2,1,1,4,4,1,4,4,4,2,4,2,3,4,0,0.0,0
Male,Loyal Customer,39,Business travel,Business,1947,3,3,3,3,2,3,5,4,4,4,4,4,4,5,27,14.0,1
Female,disloyal Customer,25,Business travel,Eco,491,4,0,4,3,1,4,1,1,3,5,5,2,5,1,0,0.0,0
Male,disloyal Customer,9,Business travel,Business,794,0,0,0,1,2,0,2,2,4,3,4,3,4,2,0,0.0,0
Male,Loyal Customer,23,Business travel,Business,2824,2,4,4,4,2,2,2,2,1,1,4,3,4,2,25,21.0,0
Male,Loyal Customer,51,Business travel,Business,717,3,3,3,3,4,5,4,2,2,2,2,3,2,4,0,0.0,0
Female,Loyal Customer,52,Personal Travel,Eco,528,3,4,3,3,2,5,5,5,5,3,5,5,5,4,0,0.0,1
Female,Loyal Customer,12,Personal Travel,Eco,1587,2,5,2,1,5,2,5,5,4,2,4,4,5,5,0,2.0,1
Male,Loyal Customer,69,Personal Travel,Business,718,5,5,5,4,5,4,5,4,4,5,4,3,4,3,7,0.0,1
Male,Loyal Customer,55,Business travel,Business,3664,2,2,2,2,2,4,5,5,5,5,4,3,5,3,88,91.0,1
Female,disloyal Customer,20,Business travel,Eco,347,2,2,2,2,1,2,1,1,1,4,3,3,3,1,52,51.0,0
Female,disloyal Customer,23,Business travel,Eco,1242,3,3,3,3,1,3,1,1,4,4,5,3,4,1,25,17.0,0
Male,Loyal Customer,47,Business travel,Eco,852,3,2,2,2,3,3,3,3,3,3,1,4,4,3,18,18.0,0
Male,Loyal Customer,66,Personal Travel,Eco,1616,2,4,2,3,4,2,4,4,4,3,4,3,5,4,23,23.0,1
Female,Loyal Customer,36,Business travel,Business,402,1,1,1,1,2,4,5,4,4,4,4,2,4,4,0,0.0,1
Female,disloyal Customer,32,Business travel,Eco,272,3,0,3,4,4,3,4,4,1,3,5,1,5,4,0,0.0,1
Male,disloyal Customer,27,Business travel,Business,1089,1,1,1,2,2,1,2,2,5,5,4,3,5,2,0,0.0,0
Female,Loyal Customer,35,Business travel,Business,2128,2,2,2,2,1,5,1,4,4,4,4,5,4,4,0,0.0,1
Male,Loyal Customer,58,Personal Travel,Eco,199,4,1,0,3,5,0,3,5,3,4,2,1,3,5,0,0.0,0
Male,disloyal Customer,34,Business travel,Eco,792,3,3,3,4,4,3,4,4,5,3,3,3,5,4,71,74.0,1
Male,disloyal Customer,29,Business travel,Business,1488,5,5,5,4,4,5,4,4,4,3,4,3,4,4,0,0.0,1
Male,Loyal Customer,43,Business travel,Eco,588,4,3,3,3,4,4,4,4,2,4,4,1,4,4,24,25.0,1
Female,Loyal Customer,31,Business travel,Business,3368,3,3,3,3,4,4,4,4,5,5,5,3,2,4,1,0.0,1
Male,Loyal Customer,26,Business travel,Business,1222,1,1,1,1,4,4,4,4,3,3,5,4,4,4,0,0.0,1
Male,Loyal Customer,26,Business travel,Business,1541,2,4,4,4,2,2,2,2,3,4,4,3,3,2,1,0.0,0
Female,Loyal Customer,60,Business travel,Business,1754,2,5,2,2,5,3,5,5,5,5,5,3,5,3,5,0.0,1
Female,Loyal Customer,38,Personal Travel,Eco,1197,2,5,2,2,4,2,4,4,5,2,3,3,4,4,0,0.0,1
Female,Loyal Customer,57,Business travel,Eco,1587,5,4,4,4,1,4,3,5,5,5,5,2,5,3,0,0.0,1
Male,disloyal Customer,65,Business travel,Business,212,3,3,3,3,1,3,1,1,2,4,4,2,3,1,27,19.0,0
Female,disloyal Customer,24,Business travel,Eco,361,4,0,5,5,5,5,5,5,5,2,4,4,4,5,0,0.0,1
Male,Loyal Customer,52,Business travel,Business,134,0,5,0,4,4,4,4,4,4,4,4,5,4,5,0,0.0,1
Female,Loyal Customer,14,Personal Travel,Eco,853,3,1,3,3,4,3,4,4,1,3,2,4,3,4,12,1.0,0
Female,Loyal Customer,56,Business travel,Business,991,3,3,3,3,2,5,4,2,2,2,2,3,2,4,0,0.0,0
Male,Loyal Customer,40,Business travel,Business,2810,2,2,2,2,5,5,4,5,5,5,5,4,5,4,24,46.0,1
Male,Loyal Customer,34,Business travel,Business,3661,2,2,2,2,5,4,5,4,4,4,4,3,4,1,28,82.0,1
Female,Loyal Customer,50,Personal Travel,Eco,2521,2,1,2,4,2,4,5,1,1,3,3,5,2,5,10,10.0,0
Male,Loyal Customer,28,Personal Travel,Eco,1956,3,1,3,2,3,3,2,3,3,2,3,3,2,3,0,0.0,0
Female,Loyal Customer,57,Business travel,Business,1947,5,5,5,5,4,4,4,5,5,5,5,5,5,4,4,0.0,1
Female,Loyal Customer,44,Business travel,Eco,1620,2,4,1,4,5,4,3,1,1,2,1,4,1,2,5,0.0,0
Female,Loyal Customer,16,Business travel,Business,3863,2,2,3,2,4,4,4,4,5,2,4,5,5,4,11,0.0,1
Male,Loyal Customer,65,Business travel,Eco,498,3,2,2,2,2,3,2,2,2,5,1,4,1,2,19,17.0,0
Female,Loyal Customer,49,Business travel,Business,3636,1,1,1,1,5,4,5,5,5,4,5,5,5,5,0,0.0,1
Male,Loyal Customer,12,Personal Travel,Eco,543,1,5,1,2,3,1,3,3,3,5,5,4,5,3,1,0.0,0
Male,Loyal Customer,34,Business travel,Business,1091,2,2,2,2,4,2,3,5,5,5,5,3,5,1,0,0.0,1
Male,Loyal Customer,15,Personal Travel,Eco Plus,201,4,4,4,4,2,4,4,2,2,4,2,2,3,2,0,0.0,0
Female,disloyal Customer,42,Business travel,Eco Plus,1587,3,3,3,3,5,3,5,5,2,1,3,3,4,5,0,0.0,1
Male,Loyal Customer,44,Business travel,Eco,86,4,4,4,4,4,4,4,4,2,2,4,5,4,4,15,18.0,1
Female,Loyal Customer,20,Business travel,Business,1788,1,2,5,2,1,2,1,1,2,2,3,4,4,1,25,12.0,0
Male,Loyal Customer,14,Personal Travel,Eco,1136,2,3,2,4,3,2,5,3,4,5,3,2,4,3,21,0.0,0
Male,Loyal Customer,54,Business travel,Eco,1670,3,4,4,4,3,3,3,3,3,5,2,2,3,3,0,0.0,0
Male,Loyal Customer,47,Business travel,Business,1119,4,4,4,4,4,4,5,5,5,5,5,5,5,4,0,0.0,1
Male,disloyal Customer,30,Business travel,Business,861,2,3,3,3,2,3,2,2,5,2,4,3,4,2,4,0.0,0
Male,Loyal Customer,10,Personal Travel,Eco,224,2,4,2,3,3,2,2,3,5,4,4,3,4,3,8,4.0,0
Female,Loyal Customer,50,Personal Travel,Eco,368,2,1,2,3,2,3,3,3,3,2,3,4,3,4,65,71.0,0
Male,Loyal Customer,40,Business travel,Business,175,0,4,0,2,3,4,5,1,1,1,1,3,1,5,9,23.0,0
Male,Loyal Customer,50,Business travel,Eco,606,1,0,0,2,2,1,2,2,4,2,2,4,2,2,0,5.0,0
Female,disloyal Customer,8,Business travel,Eco,480,1,1,1,4,4,1,4,4,1,5,3,2,3,4,101,107.0,0
Male,Loyal Customer,57,Personal Travel,Eco,2475,4,4,4,4,1,4,1,1,3,2,4,4,3,1,0,1.0,0
Male,Loyal Customer,55,Business travel,Business,447,4,4,4,4,3,4,4,4,4,4,4,3,4,3,13,4.0,1
Female,Loyal Customer,47,Business travel,Business,1379,2,1,5,1,3,4,4,2,2,2,2,3,2,1,0,0.0,0
Male,Loyal Customer,45,Personal Travel,Eco,1754,5,3,5,3,4,5,4,4,2,4,4,4,4,4,0,0.0,1
Female,disloyal Customer,22,Business travel,Eco,493,3,0,3,3,2,3,2,2,3,1,2,4,1,2,0,0.0,0
Female,Loyal Customer,42,Business travel,Business,135,4,4,4,4,4,4,4,4,4,4,5,5,4,3,0,4.0,1
Female,Loyal Customer,48,Business travel,Business,591,1,1,1,1,3,4,4,4,4,5,4,5,4,3,0,0.0,1
Male,Loyal Customer,44,Business travel,Business,2644,3,3,3,3,4,5,4,4,4,3,4,4,4,3,9,8.0,1
Female,Loyal Customer,23,Business travel,Business,1400,1,1,1,1,4,4,4,4,3,4,5,3,5,4,0,6.0,1
Male,Loyal Customer,20,Business travel,Business,1888,2,2,3,2,5,5,5,5,5,4,5,5,5,5,0,4.0,1
Male,Loyal Customer,49,Business travel,Eco,1055,4,1,1,1,5,4,5,5,4,3,5,1,4,5,0,0.0,1
Male,Loyal Customer,53,Business travel,Business,3728,3,4,4,4,4,4,3,3,3,3,3,2,3,1,0,0.0,0
Female,Loyal Customer,38,Personal Travel,Eco,603,3,4,3,3,3,3,3,3,5,2,5,3,4,3,0,0.0,1
Female,Loyal Customer,41,Business travel,Business,3658,2,2,2,2,5,4,1,5,5,5,5,1,5,1,50,35.0,1
Male,Loyal Customer,55,Personal Travel,Eco,370,4,5,4,3,4,4,2,4,5,4,2,2,4,4,7,0.0,1
Female,Loyal Customer,39,Business travel,Business,3853,4,4,4,4,4,2,2,4,4,4,4,2,4,2,50,47.0,1
Male,disloyal Customer,80,Business travel,Eco,181,4,3,4,3,1,4,1,1,3,2,5,3,5,1,0,0.0,0
Male,Loyal Customer,65,Personal Travel,Eco,1969,1,5,1,3,1,1,1,1,4,5,5,5,5,1,67,43.0,0
Male,Loyal Customer,41,Business travel,Business,612,2,2,2,2,5,4,4,5,5,5,5,5,5,4,0,0.0,1
Female,Loyal Customer,60,Business travel,Eco,123,5,1,1,1,5,2,2,5,5,5,5,1,5,4,0,0.0,1
Female,Loyal Customer,47,Business travel,Business,3405,3,3,3,3,4,4,4,4,4,4,4,3,4,4,0,0.0,1
Male,disloyal Customer,40,Business travel,Business,287,4,4,4,3,5,4,5,5,4,2,2,1,1,5,0,0.0,1
Male,Loyal Customer,65,Business travel,Business,1695,3,3,3,3,4,4,5,5,5,4,5,4,5,4,0,0.0,1
Male,disloyal Customer,24,Business travel,Eco,1130,2,2,2,4,2,5,1,4,2,3,4,1,1,1,0,0.0,0
Male,Loyal Customer,37,Business travel,Business,3425,3,3,3,3,1,2,5,4,4,4,4,1,4,2,8,0.0,1
Female,Loyal Customer,55,Business travel,Eco,680,1,3,3,3,1,3,3,1,1,1,1,3,1,4,0,0.0,0
Male,Loyal Customer,17,Personal Travel,Eco,957,4,4,4,1,5,4,5,5,3,3,4,4,4,5,0,0.0,1
Male,Loyal Customer,59,Personal Travel,Eco,850,2,5,2,3,3,2,3,3,4,2,4,5,4,3,13,5.0,0
Female,Loyal Customer,27,Business travel,Eco,643,4,5,4,5,4,4,4,4,5,5,5,4,5,4,0,0.0,1
Female,disloyal Customer,34,Business travel,Eco,405,3,2,3,4,1,3,1,1,2,5,3,3,4,1,10,2.0,0
Female,Loyal Customer,36,Business travel,Business,3470,4,4,4,4,2,4,5,2,2,2,2,4,2,4,36,24.0,0
Male,Loyal Customer,20,Business travel,Eco,264,5,3,3,3,5,5,5,5,3,4,3,5,4,5,12,13.0,1
Male,disloyal Customer,26,Business travel,Eco,594,2,0,2,5,2,2,2,2,1,3,3,1,1,2,6,5.0,0
Male,Loyal Customer,63,Personal Travel,Eco,113,2,1,2,4,1,2,4,1,1,5,4,4,4,1,0,0.0,0
Male,disloyal Customer,49,Business travel,Business,2165,2,2,2,2,3,2,1,3,3,5,5,3,5,3,56,25.0,0
Male,Loyal Customer,44,Business travel,Eco,1449,2,2,5,2,2,2,2,2,3,4,3,4,3,2,88,106.0,0
Female,Loyal Customer,46,Business travel,Business,201,5,5,5,5,5,4,5,5,5,5,5,5,5,5,5,6.0,1
Male,Loyal Customer,59,Business travel,Business,1939,4,4,4,4,2,4,4,4,4,4,4,3,4,3,0,0.0,1
Female,Loyal Customer,68,Personal Travel,Eco,669,4,4,4,1,5,4,4,2,2,4,2,4,2,3,0,0.0,0
Female,Loyal Customer,22,Personal Travel,Eco,1589,3,4,3,4,3,3,3,3,4,2,3,4,5,3,0,0.0,0
Female,Loyal Customer,66,Personal Travel,Eco,338,5,3,1,2,3,2,4,2,2,1,2,5,2,5,16,16.0,0
Male,Loyal Customer,55,Business travel,Business,2342,2,4,3,4,2,3,4,2,2,2,2,3,2,1,36,19.0,0
Male,Loyal Customer,25,Personal Travel,Eco,181,2,5,0,2,3,0,3,3,3,5,5,4,4,3,0,0.0,0
Female,Loyal Customer,43,Personal Travel,Eco,456,1,1,1,3,5,3,3,4,4,1,4,3,4,1,0,10.0,0
Female,Loyal Customer,48,Business travel,Business,1184,3,3,3,3,1,4,3,3,3,3,3,1,3,2,0,0.0,0
Male,Loyal Customer,27,Business travel,Business,2862,1,1,1,1,5,5,5,5,4,1,1,3,1,5,10,24.0,1
Male,Loyal Customer,51,Business travel,Business,862,5,5,4,5,3,5,5,4,4,4,4,4,4,5,0,0.0,1
Male,disloyal Customer,45,Business travel,Business,570,3,3,3,1,5,3,5,5,3,2,5,4,5,5,0,0.0,1
Female,Loyal Customer,31,Personal Travel,Eco,985,3,4,3,3,1,3,1,1,5,4,5,5,5,1,0,11.0,0
Female,disloyal Customer,23,Business travel,Eco,200,2,3,2,4,2,1,1,2,1,3,3,1,2,1,287,274.0,0
Male,Loyal Customer,19,Business travel,Business,3675,4,1,2,2,4,3,4,4,4,2,3,3,3,4,0,0.0,1
Male,Loyal Customer,32,Personal Travel,Eco,1072,1,2,1,4,3,1,3,3,3,2,4,2,4,3,0,0.0,0
Female,disloyal Customer,42,Business travel,Eco Plus,837,2,2,2,3,5,2,5,5,2,3,1,5,3,5,0,20.0,1
Male,Loyal Customer,53,Business travel,Eco,372,4,2,2,2,4,4,4,4,2,3,2,2,4,4,12,3.0,1
Male,Loyal Customer,49,Personal Travel,Eco Plus,109,2,5,2,1,3,2,3,3,5,2,1,3,1,3,0,0.0,0
Female,Loyal Customer,16,Business travel,Business,1504,1,1,1,1,4,4,4,4,5,1,2,2,5,4,0,0.0,1
Male,Loyal Customer,38,Personal Travel,Eco,1464,4,4,4,3,2,4,4,2,3,3,4,1,4,2,0,0.0,0
Male,disloyal Customer,26,Business travel,Eco,2419,1,1,1,4,1,3,4,1,4,2,4,4,1,4,0,13.0,0
Male,Loyal Customer,57,Personal Travel,Eco,425,3,1,3,3,5,3,5,5,2,4,3,3,2,5,127,118.0,1
Male,Loyal Customer,64,Personal Travel,Eco,214,4,3,4,4,5,4,5,5,3,1,3,1,3,5,0,4.0,1
Female,Loyal Customer,50,Personal Travel,Eco,1605,2,3,2,3,4,2,3,4,4,2,3,1,4,3,6,19.0,0
Male,Loyal Customer,60,Personal Travel,Eco,1626,2,3,2,1,2,2,2,2,2,3,5,4,5,2,0,0.0,0
Male,Loyal Customer,50,Business travel,Eco Plus,1216,4,4,4,4,4,4,4,4,1,1,2,2,5,4,10,0.0,1
Female,Loyal Customer,47,Business travel,Eco,342,4,2,2,2,5,1,4,4,4,4,4,4,4,3,0,0.0,1
Female,Loyal Customer,36,Business travel,Eco,272,4,3,3,3,4,4,4,4,3,4,4,3,2,4,49,58.0,1
Female,disloyal Customer,37,Business travel,Eco,261,1,1,1,4,3,1,3,3,1,1,4,4,4,3,0,0.0,0
Female,Loyal Customer,57,Business travel,Business,1788,2,2,2,2,3,5,5,4,4,4,4,3,4,5,0,12.0,1
Female,Loyal Customer,34,Business travel,Business,1892,4,4,2,4,4,5,5,4,4,4,4,5,4,4,29,37.0,1
Male,disloyal Customer,22,Business travel,Eco,2295,4,4,4,4,3,4,3,3,3,2,3,4,4,3,3,0.0,0
Female,disloyal Customer,23,Business travel,Eco,550,2,5,2,2,4,2,4,4,4,2,4,5,4,4,0,3.0,1
Female,Loyal Customer,42,Business travel,Eco,101,5,2,2,2,3,3,3,5,5,5,5,2,5,3,3,7.0,1
Male,disloyal Customer,39,Business travel,Eco,370,3,4,3,3,3,3,3,3,2,1,4,4,4,3,7,1.0,0
Female,Loyal Customer,41,Business travel,Business,3457,5,5,5,5,5,4,4,5,5,5,5,4,5,5,0,0.0,1
Female,Loyal Customer,37,Business travel,Eco,432,4,5,5,5,4,3,4,4,1,5,4,1,4,4,0,0.0,1
Male,Loyal Customer,56,Business travel,Business,3472,1,1,5,1,2,5,4,5,5,5,5,3,5,4,94,95.0,1
Male,Loyal Customer,55,Personal Travel,Eco,224,4,4,4,1,2,4,2,2,3,5,4,5,4,2,0,0.0,0
Male,Loyal Customer,26,Personal Travel,Eco,738,4,5,4,1,1,4,1,1,4,4,5,5,4,1,0,5.0,0
Male,Loyal Customer,53,Business travel,Business,3373,3,3,5,3,3,4,5,5,5,5,4,5,5,5,0,0.0,1
Female,Loyal Customer,37,Personal Travel,Eco,408,4,1,3,4,2,3,2,2,3,4,3,1,3,2,0,16.0,0
Male,Loyal Customer,56,Business travel,Eco,1754,2,1,1,1,2,2,2,2,2,1,4,1,4,2,0,0.0,0
Female,Loyal Customer,43,Business travel,Business,1892,5,5,1,5,2,3,5,5,5,5,5,4,5,4,0,0.0,1
Female,Loyal Customer,15,Personal Travel,Eco,1035,2,1,2,2,1,2,1,1,4,1,3,2,3,1,10,0.0,0
Male,Loyal Customer,25,Business travel,Eco,606,4,2,4,4,4,4,2,4,1,3,4,4,4,4,13,0.0,1
Male,Loyal Customer,40,Business travel,Eco,187,4,1,4,1,4,4,4,4,2,1,4,3,5,4,1,37.0,1
Male,Loyal Customer,53,Business travel,Business,507,3,3,3,3,2,4,5,5,5,5,5,3,5,3,0,0.0,1
Male,Loyal Customer,39,Business travel,Business,3789,3,5,3,5,1,4,3,3,3,3,3,4,3,1,21,12.0,0
Female,Loyal Customer,35,Business travel,Business,2000,2,2,2,2,5,2,2,5,5,5,5,2,5,4,3,19.0,1
Male,Loyal Customer,43,Personal Travel,Eco Plus,270,4,4,4,1,5,4,5,5,3,5,5,5,5,5,0,0.0,1
Female,Loyal Customer,30,Business travel,Business,3754,3,3,3,3,4,4,4,4,4,4,5,4,5,4,0,0.0,1
Male,Loyal Customer,31,Personal Travel,Eco,308,5,3,5,4,5,5,2,5,3,4,3,2,3,5,0,0.0,1
Female,Loyal Customer,40,Business travel,Business,3184,3,3,3,3,2,4,5,4,4,4,5,4,4,3,0,0.0,1
Female,Loyal Customer,11,Personal Travel,Eco,113,3,4,3,3,4,3,4,4,4,1,4,3,3,4,0,43.0,1
Male,Loyal Customer,49,Business travel,Business,221,3,3,3,3,4,5,4,5,5,5,4,4,5,4,0,0.0,1
Female,disloyal Customer,23,Business travel,Eco,495,4,0,4,4,5,4,5,5,5,1,4,2,4,5,3,5.0,1
Male,Loyal Customer,60,Business travel,Eco Plus,157,2,3,3,3,2,2,2,2,3,3,2,2,4,2,0,0.0,0
Female,Loyal Customer,23,Business travel,Business,2207,2,3,3,3,2,2,2,2,2,5,3,2,3,2,0,0.0,0
Male,disloyal Customer,45,Business travel,Business,1119,1,1,1,1,1,1,1,1,1,5,2,1,1,1,0,0.0,0
Female,disloyal Customer,22,Business travel,Eco,745,3,3,3,2,4,3,4,4,4,4,3,2,2,4,118,113.0,1
Female,Loyal Customer,21,Business travel,Business,1182,1,1,1,1,3,4,3,3,4,3,5,4,4,3,41,43.0,0
Male,Loyal Customer,21,Business travel,Eco Plus,762,3,1,1,1,3,4,4,3,2,4,5,2,2,3,0,0.0,0
Male,Loyal Customer,28,Business travel,Eco Plus,89,0,0,0,4,3,0,3,3,3,5,2,1,1,3,0,0.0,0
Female,Loyal Customer,15,Personal Travel,Eco,564,3,5,3,3,1,3,1,1,3,4,4,4,4,1,0,1.0,0
Female,Loyal Customer,7,Personal Travel,Eco Plus,2611,2,4,2,3,2,2,2,4,5,4,3,2,4,2,36,16.0,0
Female,Loyal Customer,10,Personal Travel,Eco,1562,2,4,2,4,3,2,3,3,1,3,3,3,3,3,10,0.0,0
Female,Loyal Customer,60,Business travel,Business,2777,4,4,4,4,3,5,5,3,3,4,3,5,3,5,0,0.0,1
Female,Loyal Customer,55,Personal Travel,Eco Plus,820,3,2,3,4,5,3,4,4,4,3,4,1,4,4,18,27.0,1
Female,Loyal Customer,37,Personal Travel,Business,588,2,5,2,5,2,3,3,4,3,5,5,3,5,3,154,140.0,1
Female,Loyal Customer,45,Personal Travel,Eco,605,2,4,2,4,5,4,5,4,4,2,4,3,4,4,0,0.0,1
Female,Loyal Customer,55,Business travel,Business,373,1,1,1,1,5,3,5,5,5,5,5,1,5,5,4,7.0,1
Female,disloyal Customer,37,Business travel,Business,247,1,0,0,3,3,0,3,3,3,4,5,4,5,3,0,0.0,0
Male,disloyal Customer,52,Business travel,Eco,600,1,2,1,3,3,1,3,3,2,4,3,4,4,3,2,9.0,0
Female,Loyal Customer,26,Business travel,Business,1607,3,1,3,1,2,2,3,2,4,5,3,4,3,2,8,9.0,0
Female,disloyal Customer,7,Business travel,Eco,1386,4,4,4,4,2,4,2,2,3,2,5,4,5,2,4,0.0,0
Male,Loyal Customer,54,Business travel,Business,1379,1,1,1,1,2,4,4,4,4,4,4,3,4,5,4,0.0,1
Female,Loyal Customer,15,Personal Travel,Eco,236,2,5,0,2,5,0,5,5,4,5,4,3,5,5,0,0.0,1
Male,Loyal Customer,46,Personal Travel,Eco,432,1,4,1,4,4,1,4,4,4,1,4,1,4,4,4,0.0,0
Male,disloyal Customer,21,Business travel,Eco,247,0,0,0,4,2,0,2,2,3,2,4,4,4,2,3,4.0,0
Female,Loyal Customer,20,Personal Travel,Eco,705,4,4,4,3,4,4,4,4,4,2,4,4,4,4,120,127.0,1
Female,Loyal Customer,68,Personal Travel,Eco Plus,950,2,1,2,1,3,1,1,3,3,2,5,2,3,3,28,22.0,0
Male,Loyal Customer,29,Business travel,Eco Plus,641,1,3,4,4,1,2,1,1,3,3,4,3,4,1,0,2.0,0
Male,Loyal Customer,42,Business travel,Business,1623,5,5,5,5,5,4,5,3,3,3,3,4,3,3,0,0.0,1
Female,disloyal Customer,46,Business travel,Business,1491,1,1,1,4,1,1,2,1,4,3,5,3,4,1,5,0.0,0
Female,Loyal Customer,61,Business travel,Business,592,2,5,5,5,2,2,1,2,2,2,2,2,2,1,15,5.0,0
Female,Loyal Customer,32,Business travel,Eco Plus,773,4,5,5,5,4,4,4,4,5,1,3,4,4,4,12,14.0,1
Male,Loyal Customer,19,Personal Travel,Eco,280,1,1,1,4,4,1,1,4,3,1,3,1,3,4,4,0.0,0
Female,disloyal Customer,22,Business travel,Business,507,0,5,0,2,3,0,3,3,3,2,5,4,5,3,0,0.0,0
Male,Loyal Customer,39,Business travel,Business,2182,1,1,1,1,3,1,2,1,1,1,1,3,1,1,3,5.0,0
Male,Loyal Customer,41,Business travel,Business,3968,3,3,3,3,5,4,4,5,5,5,5,5,5,4,6,13.0,1
Female,disloyal Customer,45,Business travel,Eco,764,4,3,3,4,4,3,4,4,2,5,4,1,3,4,59,69.0,1
Female,Loyal Customer,47,Business travel,Business,409,4,4,4,4,3,4,2,4,4,4,4,4,4,5,0,0.0,1
Female,Loyal Customer,62,Business travel,Business,2884,5,5,5,5,5,5,4,5,5,5,5,4,5,4,0,0.0,1
Female,disloyal Customer,26,Business travel,Eco,925,1,2,2,3,3,2,1,3,3,3,4,4,4,3,6,1.0,0
Male,Loyal Customer,56,Business travel,Business,3255,3,3,3,3,2,4,4,5,5,5,5,5,5,4,22,15.0,1
Female,disloyal Customer,24,Business travel,Eco,190,2,2,2,3,1,2,1,1,4,5,3,4,3,1,35,41.0,0
Male,Loyal Customer,45,Personal Travel,Eco,554,4,3,4,3,4,4,4,4,4,1,4,5,5,4,0,0.0,1
Female,Loyal Customer,23,Business travel,Eco Plus,489,4,2,2,2,4,4,4,3,3,4,3,4,3,4,205,225.0,1
Female,Loyal Customer,64,Personal Travel,Eco,484,4,4,4,2,3,2,1,1,1,4,1,3,1,2,40,41.0,0
Male,disloyal Customer,22,Business travel,Business,441,5,3,5,3,5,5,5,5,5,5,5,5,4,5,1,0.0,1
Male,Loyal Customer,49,Business travel,Eco,578,5,1,1,1,5,5,5,1,1,1,4,5,4,5,162,179.0,1
Male,Loyal Customer,14,Business travel,Business,3207,3,3,3,3,5,5,5,5,5,5,5,4,4,5,0,1.0,1
Female,disloyal Customer,39,Business travel,Eco,160,2,5,2,3,5,2,5,5,3,3,4,3,3,5,11,0.0,1
Female,disloyal Customer,40,Business travel,Business,762,3,3,3,4,2,3,2,2,4,4,5,4,5,2,1,0.0,0
Female,disloyal Customer,22,Business travel,Eco,507,2,0,3,2,3,3,3,3,4,4,4,5,4,3,0,0.0,0
Male,Loyal Customer,62,Business travel,Eco,849,2,1,1,1,2,2,2,2,2,4,3,1,3,2,31,46.0,0
Female,disloyal Customer,41,Business travel,Business,537,3,3,3,2,2,4,2,2,4,2,4,1,1,2,0,0.0,0
Female,Loyal Customer,55,Business travel,Business,2542,4,2,4,4,2,4,5,4,4,4,5,3,4,4,0,0.0,1
Male,Loyal Customer,48,Business travel,Eco,579,2,2,4,4,2,2,2,2,2,2,3,2,2,2,0,0.0,0
Female,Loyal Customer,39,Business travel,Business,650,3,3,3,3,2,4,4,5,5,5,5,5,5,3,0,0.0,1
Male,Loyal Customer,26,Business travel,Business,2425,4,4,4,4,5,4,4,5,2,4,5,4,4,4,0,0.0,1
Female,Loyal Customer,68,Personal Travel,Eco,551,2,3,2,3,5,4,5,5,5,2,5,3,5,2,0,0.0,1
Male,Loyal Customer,37,Business travel,Business,1543,2,5,5,5,2,1,2,3,3,3,2,2,3,3,0,0.0,0
Female,Loyal Customer,61,Business travel,Business,3114,3,3,3,3,4,5,5,3,3,4,3,5,3,4,66,67.0,1
Male,Loyal Customer,14,Personal Travel,Eco,237,2,5,2,1,2,2,2,2,4,5,4,4,5,2,34,20.0,0
Female,disloyal Customer,39,Business travel,Business,416,2,2,2,2,2,2,5,2,5,2,2,2,4,2,0,0.0,0
Male,Loyal Customer,39,Personal Travel,Eco,689,1,4,2,1,1,2,1,1,5,5,4,3,4,1,10,2.0,0
Male,Loyal Customer,7,Personal Travel,Eco,1590,1,4,1,5,3,1,3,3,5,4,4,3,4,3,0,4.0,0
Female,disloyal Customer,60,Business travel,Eco,1087,1,0,0,3,5,0,5,5,1,4,2,1,2,5,0,0.0,0
Male,Loyal Customer,9,Personal Travel,Eco,2370,3,5,3,1,4,3,4,4,4,3,4,5,3,4,0,0.0,1
Male,disloyal Customer,17,Business travel,Eco,1746,1,1,1,4,5,1,5,5,3,5,4,2,3,5,15,23.0,1
Female,Loyal Customer,45,Business travel,Eco,695,4,3,3,3,5,4,4,4,4,4,4,5,4,4,0,0.0,1
Female,Loyal Customer,31,Business travel,Business,1802,4,4,5,4,4,5,4,4,2,4,5,2,1,4,4,0.0,1
Male,Loyal Customer,28,Business travel,Business,1979,3,4,4,4,3,3,3,3,1,3,3,2,3,3,2,16.0,0
Female,disloyal Customer,20,Business travel,Eco,479,0,0,0,1,4,0,4,4,1,1,1,3,1,4,0,0.0,0
Female,disloyal Customer,29,Business travel,Eco,978,1,1,1,4,5,1,5,5,3,2,3,2,1,5,0,0.0,0
Male,Loyal Customer,22,Personal Travel,Eco Plus,337,1,4,1,2,1,1,1,1,4,5,4,3,4,1,0,0.0,0
Male,Loyal Customer,16,Personal Travel,Eco,1194,2,4,2,1,4,2,1,4,5,4,5,3,4,4,3,13.0,1
Female,Loyal Customer,41,Personal Travel,Eco,86,2,3,2,2,2,2,2,2,3,5,1,5,5,2,0,0.0,0
Female,Loyal Customer,42,Personal Travel,Eco,370,3,0,3,4,2,5,4,5,5,3,5,3,5,4,0,0.0,1
Male,Loyal Customer,52,Business travel,Business,2108,3,3,3,3,2,4,4,5,5,5,5,5,5,4,0,3.0,1
Male,disloyal Customer,20,Business travel,Eco,456,1,0,1,4,4,1,4,4,2,5,4,4,2,4,14,6.0,0
Male,disloyal Customer,24,Business travel,Eco,347,3,0,3,1,5,3,5,5,3,5,4,5,3,5,0,0.0,1
Male,Loyal Customer,32,Personal Travel,Eco,404,2,4,2,3,4,2,4,4,3,2,4,3,5,4,20,0.0,1
Female,Loyal Customer,50,Business travel,Business,1999,5,5,5,5,3,5,5,4,4,4,4,4,4,5,3,0.0,1
Male,Loyal Customer,34,Business travel,Business,3066,4,4,4,4,3,1,4,3,3,4,3,1,3,2,0,4.0,0
Male,Loyal Customer,49,Business travel,Business,2092,5,5,3,5,3,1,5,4,4,4,4,4,4,5,0,0.0,1
Female,Loyal Customer,26,Business travel,Eco Plus,376,4,4,4,4,5,5,4,5,1,2,4,3,1,5,0,0.0,1
Female,Loyal Customer,13,Personal Travel,Eco,996,1,5,1,3,2,1,2,2,3,3,5,4,4,2,0,0.0,0
Male,Loyal Customer,40,Personal Travel,Eco,2475,2,1,2,4,2,1,2,1,2,3,4,2,4,2,2,0.0,0
Male,Loyal Customer,50,Business travel,Eco Plus,1069,5,2,2,2,5,5,5,5,2,1,1,4,1,5,0,5.0,1
Female,Loyal Customer,44,Business travel,Business,3464,5,5,4,5,2,5,4,5,5,5,5,4,5,3,8,0.0,1
Male,Loyal Customer,67,Personal Travel,Eco,1635,2,4,2,1,4,2,4,4,3,5,5,5,5,4,1,0.0,1
Male,Loyal Customer,59,Business travel,Business,341,2,2,5,2,5,4,5,4,4,4,4,5,4,4,8,15.0,1
Female,disloyal Customer,42,Business travel,Business,712,5,5,5,3,3,5,5,3,5,5,4,3,5,3,0,0.0,1
Male,Loyal Customer,42,Business travel,Business,1832,1,1,1,1,5,4,4,4,4,4,4,3,4,5,0,0.0,1
Male,Loyal Customer,52,Business travel,Business,764,3,3,3,3,3,4,5,5,5,5,5,5,5,5,3,0.0,1
Female,Loyal Customer,27,Business travel,Eco,588,5,3,3,3,5,5,5,5,4,4,4,1,3,5,0,0.0,1
Male,Loyal Customer,14,Personal Travel,Eco,102,4,4,4,4,3,4,3,3,2,4,4,5,1,3,0,0.0,0
Female,Loyal Customer,64,Personal Travel,Eco Plus,1916,4,4,4,2,5,5,4,5,5,4,5,4,5,5,0,0.0,1
Male,disloyal Customer,71,Business travel,Business,1212,1,0,0,3,4,1,4,4,4,5,4,5,4,4,0,0.0,1
Female,disloyal Customer,18,Business travel,Eco,143,2,3,2,4,1,2,1,1,4,4,5,1,5,1,0,5.0,0
Male,Loyal Customer,60,Personal Travel,Eco,925,3,1,3,4,3,3,3,3,2,1,3,1,4,3,3,0.0,0
Male,disloyal Customer,27,Business travel,Business,204,2,2,2,4,3,2,3,3,4,2,5,3,4,3,0,0.0,0
Female,Loyal Customer,28,Personal Travel,Eco,787,0,4,1,4,3,1,3,3,3,3,5,5,4,3,0,0.0,0
Female,Loyal Customer,45,Business travel,Business,3502,5,5,4,5,3,4,4,4,4,5,4,4,4,3,93,87.0,1
Male,Loyal Customer,45,Business travel,Business,3366,5,5,5,5,3,4,5,5,5,5,5,5,5,3,0,3.0,1
Female,Loyal Customer,62,Personal Travel,Eco,632,4,4,4,2,2,4,5,2,2,4,2,3,2,4,0,0.0,0
Male,Loyal Customer,58,Business travel,Business,362,5,2,5,5,5,5,5,4,4,4,4,3,4,3,6,7.0,1
Female,Loyal Customer,53,Business travel,Business,2911,4,4,4,4,2,5,5,5,5,5,5,4,5,4,0,0.0,1
Female,Loyal Customer,48,Personal Travel,Eco,1066,3,4,3,3,5,4,4,2,2,3,4,2,2,2,13,4.0,0
Female,Loyal Customer,52,Business travel,Business,1416,1,1,1,1,3,3,4,1,1,1,1,2,1,3,70,65.0,0
Male,Loyal Customer,26,Personal Travel,Eco,775,1,4,1,5,5,1,5,5,2,2,5,5,4,5,54,44.0,1
Male,disloyal Customer,37,Business travel,Business,166,4,4,4,1,5,4,5,5,5,2,4,3,5,5,0,0.0,1
Male,Loyal Customer,36,Business travel,Business,1538,0,1,1,4,3,3,4,3,3,3,3,4,3,4,0,2.0,0
Male,Loyal Customer,41,Personal Travel,Eco Plus,197,3,4,0,3,5,0,5,5,4,3,4,3,4,5,64,65.0,1
Male,Loyal Customer,24,Business travel,Eco,651,5,2,2,2,5,4,2,5,2,2,4,1,4,5,2,0.0,1
Female,Loyal Customer,77,Business travel,Business,2859,3,3,3,3,3,3,2,3,3,3,3,4,3,1,0,4.0,0
Female,Loyal Customer,26,Business travel,Business,3043,2,2,2,2,2,2,2,2,4,4,1,2,2,2,8,8.0,0
Female,Loyal Customer,48,Business travel,Business,550,3,3,3,3,4,5,5,5,5,5,5,1,5,4,3,0.0,1
Female,disloyal Customer,56,Business travel,Eco,691,2,2,2,5,1,2,2,1,5,5,2,1,1,1,4,0.0,0
Male,Loyal Customer,59,Business travel,Business,312,1,1,1,1,2,4,4,5,5,5,5,3,5,5,26,18.0,1
Female,Loyal Customer,44,Business travel,Business,588,1,1,1,1,4,5,5,2,2,2,2,1,2,5,0,4.0,0
Male,Loyal Customer,58,Business travel,Business,2475,3,3,3,3,5,4,5,5,5,5,5,4,5,3,0,0.0,1
Female,disloyal Customer,52,Business travel,Eco Plus,590,2,2,2,3,1,2,1,1,3,1,3,3,2,1,0,0.0,0
Male,Loyal Customer,45,Business travel,Business,2935,3,3,5,3,1,3,3,3,3,3,3,3,3,4,16,0.0,0
Male,disloyal Customer,39,Business travel,Business,158,1,1,1,4,4,1,4,4,4,2,4,3,4,4,0,0.0,1
Female,Loyal Customer,50,Personal Travel,Eco,1014,3,4,3,4,2,4,3,2,2,3,3,1,2,3,12,4.0,0
Female,Loyal Customer,30,Business travel,Business,2159,1,1,3,1,5,5,5,5,5,5,4,5,4,5,7,0.0,1
Female,Loyal Customer,54,Business travel,Business,3936,2,2,2,2,4,5,4,5,5,5,5,4,5,5,0,0.0,1
Male,Loyal Customer,56,Personal Travel,Eco,356,1,4,2,4,2,2,4,2,2,1,4,3,5,2,0,21.0,0
Female,disloyal Customer,30,Business travel,Business,999,3,3,3,2,5,3,1,5,3,5,5,5,5,5,3,0.0,1
Female,disloyal Customer,50,Business travel,Eco Plus,1046,1,1,1,4,2,1,2,2,4,1,3,1,4,2,10,8.0,0
Female,Loyal Customer,67,Personal Travel,Eco,1007,2,4,2,1,4,5,4,2,2,2,2,5,2,4,119,104.0,0
Male,Loyal Customer,31,Business travel,Eco,239,1,3,3,3,1,1,1,1,2,1,4,4,4,1,21,26.0,0
Female,Loyal Customer,42,Business travel,Business,3667,3,3,3,3,5,3,4,3,3,4,3,2,3,4,0,0.0,1
Male,Loyal Customer,26,Personal Travel,Eco,122,4,4,4,3,5,4,5,5,3,1,4,3,3,5,1,0.0,1
Male,Loyal Customer,33,Business travel,Eco Plus,1460,3,1,3,1,3,3,3,3,2,1,3,2,3,3,45,33.0,0
Female,disloyal Customer,24,Business travel,Business,458,5,0,5,4,5,5,5,5,5,3,4,5,4,5,6,4.0,1
Female,Loyal Customer,41,Personal Travel,Business,351,2,5,2,2,4,4,5,1,1,2,1,4,1,4,13,10.0,0
Male,Loyal Customer,41,Personal Travel,Eco,631,3,4,3,4,2,3,2,2,5,4,4,4,5,2,45,23.0,0
Male,Loyal Customer,52,Business travel,Eco,1404,2,3,5,3,2,2,2,2,4,2,3,1,4,2,0,0.0,0
Female,Loyal Customer,30,Personal Travel,Eco,447,1,2,1,4,1,4,4,3,3,4,4,4,3,4,145,138.0,0
Female,Loyal Customer,56,Personal Travel,Eco,1972,4,2,4,3,5,3,3,3,3,4,3,3,3,2,0,0.0,0
Female,disloyal Customer,43,Business travel,Business,594,4,4,4,4,4,4,4,4,5,3,5,5,4,4,11,0.0,1
Female,Loyal Customer,35,Personal Travel,Eco,416,2,3,2,4,1,2,1,1,3,2,4,2,3,1,0,0.0,0
Male,Loyal Customer,57,Business travel,Business,283,3,3,3,3,5,4,5,3,3,4,3,4,3,3,9,1.0,1
Male,disloyal Customer,29,Business travel,Business,1081,4,4,4,3,2,4,1,2,2,1,2,3,1,2,0,0.0,0
Male,disloyal Customer,29,Business travel,Eco,569,4,3,4,3,2,4,2,2,3,3,4,1,4,2,0,0.0,0
Female,Loyal Customer,56,Business travel,Business,280,4,4,4,4,4,5,4,5,5,5,5,4,5,3,10,4.0,1
Male,Loyal Customer,55,Business travel,Business,3249,3,4,4,4,4,2,2,3,3,3,3,1,3,1,74,116.0,0
Male,disloyal Customer,18,Business travel,Eco,803,1,1,1,3,2,1,2,2,3,1,2,5,2,2,14,13.0,0
Male,Loyal Customer,42,Personal Travel,Eco,547,3,4,3,4,5,3,5,5,2,4,4,1,5,5,0,2.0,1
Male,Loyal Customer,38,Business travel,Eco Plus,1121,2,4,4,4,2,3,2,2,1,5,3,4,4,2,0,0.0,0
Female,Loyal Customer,30,Personal Travel,Eco,417,3,5,3,2,4,3,4,4,3,1,2,1,3,4,37,24.0,0
Male,Loyal Customer,73,Business travel,Business,2408,2,2,4,2,3,3,3,4,4,4,5,2,4,1,0,0.0,1
Male,Loyal Customer,50,Business travel,Business,2052,4,3,4,4,2,4,4,4,4,5,4,3,4,3,4,11.0,1
Female,Loyal Customer,31,Business travel,Business,695,2,2,2,2,3,3,3,3,4,3,5,4,4,3,0,17.0,1
Male,disloyal Customer,30,Business travel,Eco,377,2,2,2,4,4,2,4,4,4,5,4,3,4,4,35,29.0,1
Male,Loyal Customer,56,Personal Travel,Eco,2588,1,5,1,1,1,1,1,1,2,4,3,1,2,1,10,8.0,0
Female,Loyal Customer,24,Business travel,Business,1464,5,5,5,5,4,5,4,4,4,3,5,4,5,4,38,35.0,1
Female,Loyal Customer,48,Business travel,Eco,628,1,1,1,1,2,3,2,1,1,1,1,1,1,3,80,70.0,0
Female,Loyal Customer,58,Personal Travel,Eco,257,3,3,3,4,3,3,3,3,3,3,3,1,3,2,0,0.0,0
Male,Loyal Customer,58,Personal Travel,Business,247,3,5,3,3,5,5,4,5,5,3,5,3,5,4,0,0.0,1
Male,Loyal Customer,32,Personal Travel,Eco Plus,1073,2,5,2,4,1,2,1,1,3,4,5,5,4,1,0,0.0,0
Female,Loyal Customer,55,Personal Travel,Eco,447,2,4,2,3,5,3,1,3,3,2,3,4,3,1,0,0.0,0
Male,disloyal Customer,19,Business travel,Eco,611,1,3,1,3,3,1,3,3,4,2,4,1,3,3,0,0.0,0
Female,Loyal Customer,53,Business travel,Business,468,4,4,5,4,5,4,5,4,4,4,4,5,4,5,32,29.0,1
Male,Loyal Customer,60,Business travel,Business,2504,1,1,1,1,5,5,5,4,4,3,5,5,3,5,0,9.0,1
Male,Loyal Customer,29,Personal Travel,Eco,466,3,4,3,1,2,3,2,2,4,5,4,4,4,2,27,14.0,0
Female,Loyal Customer,52,Business travel,Eco,397,2,4,4,4,3,4,3,2,2,2,2,3,2,1,0,0.0,0
Male,Loyal Customer,43,Personal Travel,Eco,425,2,0,4,2,2,4,2,2,4,2,5,4,5,2,0,0.0,0
Male,disloyal Customer,18,Business travel,Eco,1041,4,4,4,1,4,4,4,4,4,5,4,3,4,4,0,0.0,1
Male,Loyal Customer,66,Personal Travel,Eco,370,3,2,3,1,5,3,2,5,4,3,2,1,2,5,0,0.0,1
Female,disloyal Customer,21,Business travel,Business,283,4,0,4,1,3,4,3,3,2,5,5,3,5,3,14,10.0,1
Male,Loyal Customer,54,Personal Travel,Eco,1055,3,4,3,5,5,3,5,5,3,3,5,4,5,5,14,25.0,1
Female,disloyal Customer,49,Business travel,Business,1744,4,4,4,2,5,4,5,5,5,3,4,3,4,5,9,0.0,1
Male,Loyal Customer,58,Personal Travel,Eco,964,2,4,2,3,4,2,3,4,3,2,4,5,4,4,113,112.0,1
Male,Loyal Customer,54,Business travel,Business,1824,3,1,1,1,1,4,3,3,3,3,3,3,3,1,0,0.0,0
Female,disloyal Customer,26,Business travel,Business,349,2,0,2,4,1,2,1,1,3,2,4,5,5,1,84,70.0,0
Female,Loyal Customer,63,Personal Travel,Eco,258,2,4,2,3,3,2,3,4,4,2,4,1,4,1,0,0.0,0
Female,Loyal Customer,31,Business travel,Business,760,2,2,2,2,3,3,3,3,4,4,5,4,4,3,0,0.0,1
Male,Loyal Customer,13,Business travel,Business,1121,1,3,3,3,1,1,1,1,4,5,4,3,4,1,1,26.0,0
Female,Loyal Customer,64,Business travel,Eco,2496,4,2,2,2,4,4,4,5,3,4,5,4,4,4,0,0.0,1
Female,Loyal Customer,42,Business travel,Business,258,0,1,1,3,4,4,5,3,3,3,3,5,3,3,45,32.0,0
Male,Loyal Customer,57,Business travel,Business,366,4,3,3,3,1,4,4,4,4,4,4,3,4,3,0,0.0,1
Male,Loyal Customer,39,Business travel,Business,2288,5,5,5,5,5,5,5,5,5,5,5,5,5,5,124,120.0,1
Female,Loyal Customer,47,Business travel,Eco,986,4,4,4,4,2,3,3,4,4,4,4,2,4,1,0,0.0,0
Male,Loyal Customer,42,Business travel,Business,3521,4,1,1,1,1,2,2,4,4,4,4,2,4,2,3,5.0,0
Female,disloyal Customer,48,Business travel,Business,719,3,3,3,4,1,3,1,1,5,4,5,3,4,1,19,18.0,0
Male,Loyal Customer,12,Business travel,Eco,1499,2,1,1,1,2,2,2,2,4,5,4,4,3,2,0,0.0,0
Male,Loyal Customer,56,Business travel,Business,2322,1,1,1,1,4,5,4,5,5,5,5,5,5,3,3,0.0,1
Female,Loyal Customer,54,Business travel,Business,2800,5,5,5,5,4,4,4,3,3,3,3,5,3,4,26,6.0,1
Male,Loyal Customer,57,Business travel,Business,3144,2,2,2,2,5,4,4,4,4,4,4,5,4,5,0,0.0,1
Male,Loyal Customer,60,Personal Travel,Eco,1400,2,5,2,3,2,4,4,4,5,3,4,4,3,4,188,160.0,1
Female,Loyal Customer,69,Personal Travel,Eco,964,1,5,1,3,3,5,4,5,5,1,1,4,5,5,0,5.0,1
Female,Loyal Customer,33,Business travel,Business,2097,0,4,0,1,5,5,5,5,5,5,5,5,5,5,0,0.0,1
Male,Loyal Customer,48,Business travel,Business,1050,5,5,4,5,4,5,5,4,4,4,4,3,4,4,0,0.0,1
Male,Loyal Customer,55,Business travel,Business,3808,4,4,4,4,4,4,5,5,5,5,5,5,5,3,0,12.0,1
Female,Loyal Customer,40,Business travel,Business,2611,1,1,1,1,5,5,5,4,4,5,5,5,5,5,14,6.0,1
Female,Loyal Customer,22,Business travel,Business,2499,2,3,3,3,2,2,2,2,4,5,4,4,4,2,2,0.0,0
Female,disloyal Customer,40,Business travel,Business,372,2,2,2,3,4,2,4,4,4,1,5,1,2,4,0,0.0,0
Male,Loyal Customer,49,Business travel,Business,1727,0,0,0,3,2,4,4,2,2,2,2,5,2,5,0,5.0,0
Female,Loyal Customer,60,Business travel,Business,1712,5,5,5,5,2,4,5,4,4,4,4,3,4,5,0,0.0,1
Male,Loyal Customer,29,Business travel,Business,3591,3,3,3,3,5,5,5,5,3,3,2,4,4,5,0,13.0,1
Male,Loyal Customer,45,Personal Travel,Eco Plus,1009,2,5,2,3,5,2,5,5,5,2,4,4,5,5,0,0.0,1
Female,disloyal Customer,21,Business travel,Eco,89,1,4,0,3,4,0,4,4,2,2,3,3,3,4,0,0.0,0
Female,Loyal Customer,48,Business travel,Business,253,1,5,5,5,2,3,3,1,1,1,1,1,1,2,37,30.0,0
Male,Loyal Customer,30,Business travel,Business,3980,3,3,1,3,3,3,3,3,3,2,4,1,2,3,15,17.0,0
Female,Loyal Customer,51,Personal Travel,Eco,224,3,4,3,4,5,4,4,2,2,3,2,5,2,3,0,0.0,0
Male,Loyal Customer,58,Personal Travel,Eco,965,2,5,2,2,3,2,3,3,5,5,5,3,4,3,46,38.0,1
Male,Loyal Customer,54,Business travel,Eco,591,5,4,4,4,5,5,5,5,2,4,2,2,1,5,22,15.0,1
Female,Loyal Customer,55,Personal Travel,Eco,1325,2,3,2,3,5,4,4,4,4,2,3,1,4,1,0,0.0,0
Female,disloyal Customer,29,Business travel,Eco,230,1,0,1,5,2,1,2,2,3,1,3,1,1,2,0,0.0,0
Male,Loyal Customer,54,Personal Travel,Eco,641,1,4,1,2,5,1,5,5,3,3,5,3,4,5,0,0.0,1
Female,Loyal Customer,63,Personal Travel,Eco,299,0,4,0,4,3,4,4,1,1,0,1,3,1,4,12,0.0,0
Male,disloyal Customer,22,Business travel,Eco,480,3,0,3,2,3,3,3,3,1,3,4,1,5,3,17,4.0,0
Male,Loyal Customer,58,Business travel,Business,325,3,3,3,3,5,5,5,5,5,5,5,5,5,5,0,0.0,1
Male,disloyal Customer,41,Business travel,Business,316,3,3,3,5,1,3,1,1,3,2,4,4,5,1,0,20.0,0
Male,Loyal Customer,51,Personal Travel,Eco,596,3,2,3,4,2,3,2,2,4,2,4,4,4,2,0,38.0,0
Female,Loyal Customer,7,Personal Travel,Eco,787,3,5,3,4,2,3,4,2,4,2,5,4,4,2,62,49.0,0
Female,Loyal Customer,23,Business travel,Business,1448,4,4,4,4,4,4,4,4,3,3,5,4,5,4,0,0.0,1
Female,Loyal Customer,33,Business travel,Business,1900,2,2,2,2,3,3,5,5,5,5,5,4,5,4,1,0.0,1
Female,Loyal Customer,50,Business travel,Business,1842,5,5,5,5,5,5,4,5,5,5,4,3,5,3,0,0.0,1
Female,Loyal Customer,56,Business travel,Eco,840,2,4,4,4,5,3,4,2,2,2,2,4,2,2,0,0.0,0
Male,Loyal Customer,40,Business travel,Business,370,5,4,5,5,4,4,5,5,5,5,5,4,5,3,0,0.0,1
Male,Loyal Customer,53,Business travel,Business,3094,1,1,1,1,5,5,5,4,4,4,4,5,4,4,72,66.0,1
Female,Loyal Customer,35,Business travel,Eco Plus,463,3,1,3,1,3,3,3,3,4,5,3,2,3,3,0,0.0,0
Female,Loyal Customer,50,Business travel,Eco,1126,2,2,2,2,1,3,2,2,2,2,2,1,2,4,0,0.0,0
Female,disloyal Customer,42,Business travel,Business,737,1,1,1,5,5,1,5,5,5,3,5,5,5,5,0,0.0,1
Female,disloyal Customer,63,Personal Travel,Eco,776,5,5,4,4,3,4,3,3,5,2,5,3,5,3,7,0.0,1
Male,disloyal Customer,20,Business travel,Eco,190,2,5,2,1,2,2,1,2,4,3,4,5,4,2,0,0.0,0
Female,Loyal Customer,47,Business travel,Eco,495,5,2,2,2,5,1,1,5,5,5,5,1,5,4,0,3.0,1
Female,Loyal Customer,57,Personal Travel,Eco,337,3,5,3,3,4,4,4,2,2,3,2,4,2,5,74,73.0,0
Male,Loyal Customer,52,Business travel,Business,2450,3,3,3,3,2,4,4,4,4,5,4,5,4,4,0,0.0,1
Male,disloyal Customer,27,Business travel,Business,429,4,4,4,1,5,4,1,5,3,2,4,3,5,5,0,0.0,1
Male,Loyal Customer,25,Personal Travel,Eco,622,3,4,3,4,5,3,5,5,4,2,5,3,4,5,18,17.0,1
Female,Loyal Customer,16,Personal Travel,Eco,1947,3,5,3,4,1,3,1,1,5,2,3,4,5,1,6,0.0,0
Male,Loyal Customer,40,Business travel,Business,671,4,4,4,4,5,5,5,4,4,4,4,4,4,5,0,0.0,1
Female,Loyal Customer,53,Business travel,Eco,188,2,4,4,4,1,3,3,2,2,2,2,2,2,1,0,16.0,0
Male,Loyal Customer,33,Business travel,Eco,319,4,5,5,5,4,3,4,4,1,1,4,1,4,4,3,1.0,1
Female,Loyal Customer,44,Business travel,Business,2350,5,5,5,5,4,4,4,5,5,5,5,5,5,4,0,0.0,1
Female,Loyal Customer,57,Business travel,Business,2694,1,1,4,1,5,4,4,5,5,4,5,5,5,4,0,0.0,1
Male,Loyal Customer,41,Personal Travel,Eco,370,5,4,5,2,3,5,3,3,4,1,1,3,4,3,0,0.0,0
Female,Loyal Customer,29,Business travel,Business,2475,3,3,3,3,5,5,5,3,3,4,5,5,3,5,1,6.0,1
Female,Loyal Customer,54,Business travel,Business,3628,4,4,4,4,3,5,5,4,4,4,4,3,4,3,14,6.0,1
Female,Loyal Customer,13,Business travel,Eco,599,1,3,3,3,1,1,4,1,3,3,3,4,3,1,1,0.0,0
Male,Loyal Customer,41,Personal Travel,Eco,299,3,5,3,3,3,3,3,3,4,5,5,5,5,3,23,33.0,1
Female,Loyal Customer,43,Business travel,Business,387,4,4,4,4,2,1,2,4,4,4,4,5,4,2,0,0.0,0
Female,Loyal Customer,58,Business travel,Business,2714,1,1,2,1,2,5,4,4,4,4,4,3,4,4,1,0.0,1
Male,Loyal Customer,16,Personal Travel,Eco,216,3,0,3,4,1,3,1,1,3,4,5,4,5,1,1,0.0,0
Female,Loyal Customer,64,Personal Travel,Eco,964,4,5,5,3,5,5,5,5,5,5,5,5,5,5,10,0.0,1
Male,Loyal Customer,41,Business travel,Business,3292,5,5,5,5,3,4,4,4,4,4,4,4,4,3,0,0.0,1
Male,Loyal Customer,48,Business travel,Business,1907,1,1,1,1,3,4,4,5,5,5,5,5,5,4,10,0.0,1
Female,Loyal Customer,21,Personal Travel,Eco,814,4,1,4,2,1,4,1,1,3,3,1,4,1,1,0,0.0,0
Female,disloyal Customer,27,Business travel,Eco,364,2,4,2,4,2,2,2,2,4,4,3,2,3,2,31,52.0,0
Male,Loyal Customer,33,Business travel,Business,1500,3,3,3,3,5,4,5,5,5,5,5,5,5,5,20,0.0,1
Male,disloyal Customer,25,Business travel,Business,436,2,4,3,3,5,3,5,5,5,2,5,5,4,5,6,19.0,1
Male,Loyal Customer,50,Business travel,Business,448,2,2,2,2,5,4,5,2,2,2,2,4,2,4,0,0.0,0
Female,Loyal Customer,25,Personal Travel,Eco,522,3,4,3,1,4,3,3,4,4,1,4,5,4,4,0,0.0,1
Male,Loyal Customer,41,Personal Travel,Eco,631,2,5,2,4,3,2,5,3,3,2,5,5,5,3,8,0.0,1
Male,Loyal Customer,14,Personal Travel,Eco,184,3,4,3,3,1,3,1,1,3,1,3,3,4,1,0,0.0,0
Female,Loyal Customer,72,Business travel,Business,2286,1,5,5,5,5,4,4,2,2,2,1,1,2,1,0,0.0,0
Female,Loyal Customer,21,Personal Travel,Eco Plus,425,1,2,1,3,4,1,4,4,3,1,4,4,3,4,0,0.0,0
Male,Loyal Customer,43,Business travel,Business,1722,1,1,1,1,3,5,4,4,4,4,4,4,4,4,1,2.0,1
Male,Loyal Customer,20,Personal Travel,Eco,569,3,3,3,2,2,3,2,2,2,5,2,4,3,2,0,0.0,0
Female,Loyal Customer,38,Personal Travel,Eco,1091,4,1,4,4,5,4,5,5,3,2,3,3,3,5,60,41.0,1
Male,Loyal Customer,39,Business travel,Business,3061,2,2,2,2,3,5,5,5,5,5,5,4,5,5,0,0.0,1
Male,Loyal Customer,30,Personal Travel,Eco,655,2,0,3,1,3,3,2,3,1,4,5,5,5,3,0,0.0,0
Female,Loyal Customer,45,Personal Travel,Eco,590,2,4,2,4,4,4,4,5,5,2,1,4,5,5,25,27.0,1
Female,Loyal Customer,46,Business travel,Business,250,3,3,3,3,4,4,4,4,4,4,4,3,4,5,0,0.0,1
Male,Loyal Customer,48,Business travel,Business,2773,4,4,4,4,4,4,4,5,5,5,5,4,5,4,0,12.0,1
Male,Loyal Customer,23,Business travel,Business,946,1,1,1,1,4,4,4,4,1,1,4,4,3,4,2,0.0,0
Female,Loyal Customer,42,Business travel,Business,2467,0,4,0,4,5,5,5,3,3,3,3,3,3,3,0,0.0,1
Male,disloyal Customer,12,Business travel,Eco,526,3,3,3,4,1,3,1,1,3,1,3,1,4,1,48,43.0,0
Female,disloyal Customer,37,Business travel,Eco,325,2,1,2,4,3,2,3,3,4,5,4,4,3,3,0,0.0,0
Male,disloyal Customer,26,Business travel,Eco,533,2,3,2,4,2,2,2,2,4,1,2,3,1,2,0,0.0,0
Female,Loyal Customer,50,Personal Travel,Eco,439,4,5,4,2,4,5,5,5,5,4,2,4,5,4,0,0.0,1
Male,Loyal Customer,54,Business travel,Business,2218,1,1,1,1,2,5,4,4,4,4,4,3,4,4,0,0.0,1
Female,disloyal Customer,40,Business travel,Business,2521,2,2,2,4,2,3,3,2,1,4,4,3,1,3,4,0.0,0
Male,disloyal Customer,20,Business travel,Eco,462,4,0,4,3,3,4,1,3,2,2,3,2,1,3,0,0.0,0
Female,Loyal Customer,39,Business travel,Business,2465,5,5,5,5,2,5,4,5,5,5,5,4,5,5,5,0.0,1
Female,Loyal Customer,52,Business travel,Business,2586,1,1,1,1,4,4,4,3,3,3,5,4,5,4,123,164.0,1
Female,Loyal Customer,40,Business travel,Business,957,5,5,5,5,4,5,4,5,5,5,5,3,5,5,0,0.0,1
Female,Loyal Customer,56,Personal Travel,Eco,236,3,3,3,3,5,2,5,4,4,3,4,1,4,5,57,52.0,1
Male,Loyal Customer,40,Personal Travel,Eco Plus,308,4,4,4,3,5,4,5,5,3,2,5,3,4,5,0,4.0,1
Male,Loyal Customer,68,Personal Travel,Eco,1075,1,4,0,3,2,0,2,2,3,1,3,3,4,2,2,0.0,0
Female,disloyal Customer,21,Business travel,Business,448,0,4,0,5,2,0,2,2,5,3,5,3,5,2,0,0.0,0
Female,Loyal Customer,39,Business travel,Business,1514,3,3,5,3,5,4,5,4,4,4,4,5,4,4,0,2.0,1
Female,Loyal Customer,46,Business travel,Business,1851,4,4,4,4,2,3,5,4,4,4,4,5,4,4,22,21.0,1
Female,Loyal Customer,39,Personal Travel,Eco,1075,2,4,2,4,1,2,1,1,5,5,4,5,5,1,0,3.0,0
Female,Loyal Customer,65,Business travel,Business,2257,2,1,1,1,2,3,4,2,2,2,2,4,2,2,4,0.0,0
Male,Loyal Customer,41,Business travel,Business,802,3,3,3,3,3,5,4,4,4,4,4,5,4,5,83,92.0,1
Female,Loyal Customer,57,Personal Travel,Eco,297,2,4,2,2,4,4,4,1,1,2,1,5,1,5,0,0.0,0
Male,Loyal Customer,31,Personal Travel,Eco,959,2,5,2,4,2,2,2,2,5,5,5,4,5,2,25,9.0,0
Female,Loyal Customer,69,Personal Travel,Eco,919,3,5,3,4,2,5,5,5,5,3,5,3,5,4,72,55.0,1
Male,disloyal Customer,27,Business travel,Eco,164,2,3,2,4,2,2,2,2,2,5,1,3,3,2,71,66.0,0
Male,Loyal Customer,59,Business travel,Business,239,5,5,5,5,3,4,5,5,5,5,5,4,5,3,4,7.0,1
Male,Loyal Customer,58,Business travel,Eco,1728,3,1,1,1,3,3,3,3,4,4,3,3,4,3,10,15.0,0
Female,Loyal Customer,27,Business travel,Business,3497,1,1,1,1,4,4,4,4,2,2,4,3,3,4,0,0.0,1
Male,disloyal Customer,30,Business travel,Business,337,2,2,2,3,5,2,3,5,3,1,3,3,3,5,0,21.0,1
Male,Loyal Customer,25,Personal Travel,Eco,515,1,5,1,3,4,1,4,4,5,4,4,5,5,4,76,61.0,1
Female,Loyal Customer,9,Personal Travel,Business,1587,3,5,3,2,1,3,1,1,5,3,4,3,4,1,7,0.0,0
Male,Loyal Customer,35,Personal Travel,Eco,447,2,1,1,3,1,1,1,1,4,5,3,3,3,1,0,0.0,0
Male,Loyal Customer,64,Personal Travel,Eco,825,3,4,3,1,4,3,5,4,4,5,4,5,4,4,0,0.0,1
Female,Loyal Customer,56,Personal Travel,Eco,484,4,4,4,4,2,3,3,1,1,4,1,3,1,4,15,10.0,0
Female,Loyal Customer,46,Business travel,Business,3927,3,3,3,3,2,4,4,4,4,4,4,2,4,2,0,0.0,1
Male,Loyal Customer,50,Personal Travel,Eco,108,1,5,0,2,5,0,4,5,5,2,4,5,4,5,0,8.0,1
Female,Loyal Customer,64,Personal Travel,Eco Plus,456,1,4,1,3,1,3,5,4,4,1,4,5,4,2,23,55.0,0
Female,disloyal Customer,25,Business travel,Business,821,5,5,5,3,5,5,5,5,3,3,5,4,5,5,0,0.0,1
Male,Loyal Customer,34,Personal Travel,Eco,948,2,4,2,2,4,2,4,4,4,3,4,3,5,4,0,0.0,1
Female,Loyal Customer,54,Business travel,Eco Plus,236,3,4,3,3,5,2,4,2,2,3,2,4,2,3,0,6.0,0
Male,Loyal Customer,63,Personal Travel,Eco,134,4,3,4,2,5,4,4,5,5,2,3,4,5,5,0,0.0,1
Male,Loyal Customer,49,Business travel,Business,775,4,4,4,4,2,5,4,5,5,5,5,4,5,3,0,0.0,1
Female,Loyal Customer,23,Business travel,Business,2899,3,3,3,3,5,4,5,5,4,5,4,4,4,5,0,0.0,1
Male,Loyal Customer,65,Personal Travel,Eco,2586,2,3,2,3,2,2,2,3,4,3,3,2,4,2,0,0.0,0
Female,disloyal Customer,25,Business travel,Eco,862,4,4,4,4,3,4,3,3,5,4,3,2,1,3,8,0.0,0
Male,Loyal Customer,22,Business travel,Eco,533,1,1,3,1,1,1,1,1,4,3,3,3,3,1,0,0.0,0
Male,disloyal Customer,36,Business travel,Business,102,2,2,2,5,5,2,5,5,3,4,5,3,5,5,35,28.0,1
Female,Loyal Customer,50,Business travel,Business,239,4,4,4,4,2,5,5,4,4,4,4,3,4,3,0,0.0,1
Male,Loyal Customer,47,Business travel,Business,3490,5,5,5,5,2,4,5,4,4,4,4,4,4,5,4,3.0,1
Female,Loyal Customer,36,Personal Travel,Eco,248,4,4,4,4,2,4,2,2,5,3,5,4,4,2,0,0.0,0
Male,Loyal Customer,8,Business travel,Eco Plus,2586,2,5,5,5,2,2,2,1,1,2,4,2,3,2,39,5.0,0
Male,Loyal Customer,34,Business travel,Business,2849,4,2,4,4,5,4,4,2,2,2,2,3,2,3,1,0.0,0
Female,Loyal Customer,53,Business travel,Business,1598,3,4,4,4,2,4,4,3,3,3,3,3,3,1,0,0.0,0
Male,Loyal Customer,18,Personal Travel,Eco,715,4,2,4,3,1,4,1,1,4,4,4,3,4,1,3,4.0,0
Female,Loyal Customer,68,Personal Travel,Eco,502,1,5,1,5,3,4,5,1,1,1,1,4,1,4,38,57.0,0
Female,Loyal Customer,58,Business travel,Eco,547,3,4,4,4,3,4,4,3,3,3,3,4,3,3,7,11.0,1
Male,disloyal Customer,26,Business travel,Eco,1351,4,4,4,1,1,4,1,1,1,4,5,5,3,1,0,3.0,0
Female,disloyal Customer,49,Business travel,Business,646,2,3,3,1,4,2,4,4,5,4,4,3,5,4,9,2.0,1
Male,Loyal Customer,66,Personal Travel,Business,2306,3,3,3,3,4,3,4,1,1,3,1,3,1,5,0,0.0,0
Male,disloyal Customer,38,Business travel,Eco,175,2,3,2,2,1,2,2,1,3,4,3,3,5,1,0,0.0,0
Female,Loyal Customer,21,Personal Travel,Eco,1089,3,3,3,4,4,3,4,4,3,5,5,2,1,4,0,0.0,1
Male,Loyal Customer,18,Personal Travel,Eco,760,2,5,2,3,5,2,5,5,5,2,4,5,4,5,0,4.0,1
Female,Loyal Customer,39,Business travel,Eco,404,2,3,3,3,2,1,2,2,4,2,4,3,4,2,28,51.0,0
Male,Loyal Customer,36,Business travel,Business,3297,2,2,2,2,1,3,2,4,4,4,4,2,4,2,34,17.0,0
Male,Loyal Customer,36,Business travel,Business,1416,4,4,4,4,1,5,5,3,3,4,3,4,3,1,0,0.0,0
Female,Loyal Customer,47,Business travel,Business,2133,2,4,4,4,3,3,3,2,2,3,2,4,2,1,26,0.0,0
Male,Loyal Customer,18,Personal Travel,Eco,813,1,4,1,3,4,1,4,4,3,1,3,1,4,4,7,0.0,0
Female,Loyal Customer,44,Personal Travel,Eco,73,2,3,2,3,4,3,4,1,1,2,1,2,1,1,0,32.0,0
Female,Loyal Customer,39,Personal Travel,Business,168,2,5,2,3,3,5,4,4,4,2,4,5,4,5,0,0.0,1
Female,Loyal Customer,59,Business travel,Business,2096,3,3,3,3,5,4,4,5,5,5,5,4,5,4,2,0.0,1
Male,Loyal Customer,18,Personal Travel,Business,308,3,5,3,2,1,3,1,1,4,2,4,5,5,1,14,8.0,0
Female,Loyal Customer,11,Personal Travel,Eco,440,4,5,5,4,1,5,1,1,3,2,5,3,5,1,12,4.0,0
Female,Loyal Customer,37,Business travel,Eco,1448,5,3,3,3,5,5,5,5,5,4,3,2,4,5,0,0.0,1
Male,Loyal Customer,30,Business travel,Business,2911,2,2,3,2,4,3,4,4,4,5,5,5,3,4,1,25.0,1
Female,disloyal Customer,38,Business travel,Eco,1491,4,4,4,3,5,4,5,5,5,2,3,1,2,5,0,13.0,1
Male,Loyal Customer,36,Personal Travel,Eco Plus,2367,2,5,2,3,2,3,3,3,3,3,4,3,5,3,196,150.0,0
Female,disloyal Customer,26,Business travel,Business,636,3,3,3,4,3,3,3,3,3,2,3,2,4,3,0,0.0,0
Female,Loyal Customer,30,Business travel,Business,213,2,5,5,5,5,4,2,5,1,2,3,1,4,5,25,13.0,1
Male,Loyal Customer,35,Business travel,Business,867,4,4,4,4,3,5,5,5,5,5,5,5,5,5,0,0.0,1
Male,Loyal Customer,31,Personal Travel,Eco,682,4,3,4,3,1,4,1,1,1,4,3,5,4,1,64,90.0,0
Male,Loyal Customer,52,Personal Travel,Business,707,2,4,1,3,3,5,4,4,4,1,4,4,4,3,0,0.0,1
Male,disloyal Customer,26,Business travel,Business,236,3,2,3,3,5,3,5,5,1,4,3,4,4,5,0,0.0,1
Male,Loyal Customer,59,Personal Travel,Eco,1428,5,4,5,2,4,5,1,4,3,2,5,5,4,4,0,0.0,1
Female,Loyal Customer,18,Business travel,Business,1464,3,3,3,3,4,4,4,4,3,5,4,4,5,4,0,0.0,1
Male,Loyal Customer,29,Business travel,Business,936,4,4,4,4,4,4,4,4,4,4,5,3,5,4,0,0.0,1
Female,Loyal Customer,54,Business travel,Business,3183,5,5,5,5,3,5,5,4,4,4,4,4,4,3,0,4.0,1
Male,Loyal Customer,23,Business travel,Business,3099,3,4,4,4,3,4,3,3,1,2,3,4,2,3,0,0.0,0
Female,Loyal Customer,41,Personal Travel,Eco,888,3,2,3,4,1,3,1,1,3,5,4,1,3,1,0,0.0,0
Male,Loyal Customer,78,Business travel,Business,3771,2,2,5,2,2,4,4,4,4,4,4,4,4,3,0,0.0,1
Female,Loyal Customer,44,Business travel,Eco,480,3,2,2,2,5,3,4,3,3,3,3,4,3,1,0,0.0,0
Female,disloyal Customer,24,Business travel,Eco,319,2,2,2,4,2,2,2,2,1,5,4,1,3,2,17,16.0,0
Male,Loyal Customer,57,Personal Travel,Eco,936,2,5,2,1,5,2,5,5,3,5,4,4,5,5,0,3.0,1
Male,Loyal Customer,34,Business travel,Business,143,0,3,0,3,5,2,2,3,3,3,3,5,3,5,0,0.0,0
Female,Loyal Customer,50,Business travel,Eco,421,4,4,4,4,2,3,4,4,4,4,4,4,4,1,27,20.0,1
Female,Loyal Customer,52,Business travel,Eco,325,4,1,1,1,4,4,4,3,2,4,4,4,2,4,152,181.0,1
Female,Loyal Customer,41,Business travel,Business,300,1,2,2,2,1,3,3,1,1,1,1,1,1,1,26,15.0,0
Female,Loyal Customer,52,Business travel,Business,3583,1,1,5,1,5,5,4,4,4,4,4,4,4,4,68,61.0,1
Male,Loyal Customer,27,Business travel,Business,1430,2,2,4,2,4,4,4,4,4,2,4,5,4,4,0,4.0,1
Female,Loyal Customer,52,Personal Travel,Eco,248,4,5,0,3,2,4,5,4,4,0,4,4,4,4,1,2.0,1
Male,Loyal Customer,58,Business travel,Business,2453,2,3,3,3,4,2,3,2,2,2,2,2,2,2,122,130.0,0
Male,Loyal Customer,54,Business travel,Eco,868,3,2,2,2,3,3,3,3,3,4,3,4,3,3,1,50.0,0
Female,Loyal Customer,34,Business travel,Business,604,1,1,1,1,4,4,5,4,4,4,4,4,4,3,0,0.0,1
Male,Loyal Customer,49,Business travel,Business,3072,4,4,5,4,3,5,1,5,5,5,5,1,5,2,0,0.0,1
Female,Loyal Customer,29,Personal Travel,Eco,682,4,2,3,3,1,3,1,1,1,2,4,4,3,1,2,0.0,0
Male,Loyal Customer,54,Business travel,Eco Plus,80,3,5,5,5,3,3,3,3,2,5,4,3,4,3,0,11.0,1
Male,Loyal Customer,39,Business travel,Business,3107,1,1,3,1,4,5,4,2,2,2,2,5,2,5,0,0.0,0
Male,Loyal Customer,32,Business travel,Eco Plus,634,5,5,3,5,5,5,5,5,1,2,1,1,4,5,0,0.0,1
Female,disloyal Customer,24,Business travel,Eco,356,3,0,3,3,3,3,3,3,1,2,2,4,2,3,0,0.0,0
Male,Loyal Customer,49,Personal Travel,Eco Plus,2704,2,5,2,5,2,2,2,5,2,4,5,2,1,2,6,37.0,0
Female,disloyal Customer,28,Business travel,Business,1171,3,3,3,4,2,3,2,2,3,2,4,3,5,2,10,16.0,0
Male,Loyal Customer,35,Business travel,Business,407,2,2,2,2,3,4,4,4,4,4,4,5,4,5,4,3.0,1
Male,Loyal Customer,52,Personal Travel,Business,191,2,2,2,3,2,4,3,1,1,2,1,3,1,2,97,91.0,0
Female,Loyal Customer,33,Personal Travel,Eco,374,3,3,3,3,4,3,4,4,3,2,5,5,5,4,5,35.0,1
Male,Loyal Customer,11,Personal Travel,Eco,1085,3,3,3,4,4,3,3,4,1,3,3,1,3,4,0,0.0,0
Female,Loyal Customer,42,Business travel,Business,143,5,5,5,5,4,4,5,5,5,5,5,5,5,4,0,0.0,1
Female,disloyal Customer,43,Business travel,Eco,824,1,1,1,3,4,1,4,4,3,4,5,5,4,4,16,0.0,1
Male,Loyal Customer,51,Business travel,Business,651,3,3,3,3,5,5,5,5,5,5,5,5,4,5,134,114.0,1
Male,Loyal Customer,44,Business travel,Business,2474,2,2,2,2,3,4,4,4,4,4,4,5,4,4,16,8.0,1
Female,Loyal Customer,33,Business travel,Business,86,4,4,4,4,5,3,5,4,4,4,4,1,4,4,23,27.0,1
Male,Loyal Customer,40,Business travel,Business,459,4,4,4,4,4,4,2,5,5,4,5,2,5,2,0,0.0,1
Male,Loyal Customer,22,Business travel,Business,946,2,1,1,1,2,2,2,2,2,2,3,1,3,2,0,3.0,0
Male,disloyal Customer,19,Business travel,Eco,1184,2,2,2,3,2,2,4,2,1,3,3,1,4,2,31,22.0,0
Female,Loyal Customer,39,Business travel,Business,627,1,1,1,1,5,2,3,4,4,4,4,3,4,2,51,38.0,0
Male,disloyal Customer,36,Business travel,Eco,868,2,2,2,3,2,2,1,2,2,3,4,3,3,2,0,2.0,0
Female,Loyal Customer,25,Business travel,Business,1982,3,3,3,3,2,2,2,2,4,2,5,3,5,2,0,0.0,0
Female,disloyal Customer,14,Business travel,Eco,1498,3,3,3,4,1,3,1,1,5,3,3,5,4,1,0,0.0,0
Female,Loyal Customer,54,Business travel,Eco,192,5,1,1,1,3,3,3,5,5,5,5,1,5,2,0,0.0,1
Male,disloyal Customer,29,Business travel,Eco,643,2,4,2,3,3,2,3,3,2,2,1,5,3,3,4,4.0,0
Female,Loyal Customer,15,Personal Travel,Eco,158,4,5,4,2,5,4,5,5,3,3,4,3,4,5,7,4.0,1
Male,disloyal Customer,24,Business travel,Eco,446,3,4,4,4,5,4,5,5,4,4,4,2,4,5,0,0.0,1
Male,Loyal Customer,56,Business travel,Business,2557,4,4,4,4,4,5,5,5,5,5,5,5,5,4,0,0.0,1
Female,disloyal Customer,27,Business travel,Eco,266,1,0,1,4,1,1,4,1,2,3,3,2,4,1,1,20.0,0
Male,Loyal Customer,23,Personal Travel,Eco,448,3,4,3,4,5,3,5,5,4,4,5,3,5,5,0,19.0,1
Female,Loyal Customer,23,Personal Travel,Eco,102,2,4,2,1,3,2,3,3,4,4,4,4,5,3,0,2.0,0
Female,Loyal Customer,61,Business travel,Eco,160,5,3,3,3,3,5,3,5,5,5,5,2,5,2,0,0.0,1
Male,Loyal Customer,47,Business travel,Business,957,2,4,3,4,1,3,3,2,2,2,2,2,2,2,0,9.0,0
Female,Loyal Customer,52,Business travel,Business,2183,3,3,3,3,5,4,4,4,4,4,4,4,4,4,0,2.0,1
Male,Loyal Customer,70,Personal Travel,Eco,500,3,1,3,3,2,3,2,2,1,3,3,4,2,2,0,0.0,0
Female,Loyal Customer,46,Business travel,Business,2409,4,4,4,4,2,3,5,5,5,5,5,4,5,4,0,0.0,1
Female,Loyal Customer,34,Business travel,Business,3301,1,1,1,1,3,5,2,4,4,4,4,2,4,4,0,0.0,1
Male,Loyal Customer,48,Business travel,Business,3076,2,2,4,2,3,5,4,4,4,4,4,4,4,5,0,0.0,1
Male,Loyal Customer,57,Business travel,Business,3337,3,3,3,3,2,4,4,4,4,4,4,5,4,3,48,38.0,1
Male,Loyal Customer,37,Business travel,Business,368,3,4,4,4,4,4,4,3,3,3,3,4,3,2,44,36.0,1
Female,Loyal Customer,64,Business travel,Business,977,5,5,5,5,2,4,2,4,4,3,4,4,4,4,0,0.0,1
Male,Loyal Customer,42,Business travel,Business,2824,1,1,1,1,4,5,4,5,5,5,5,3,5,5,0,8.0,1
Male,disloyal Customer,21,Business travel,Business,390,5,4,5,5,2,5,2,2,3,5,4,3,5,2,0,0.0,0
Female,Loyal Customer,26,Business travel,Eco,964,4,5,3,5,4,4,5,4,3,4,1,5,2,4,0,0.0,1
Male,Loyal Customer,49,Business travel,Business,2868,4,4,4,4,2,4,5,5,5,5,5,3,5,5,6,0.0,1
Male,disloyal Customer,25,Business travel,Eco,591,3,3,3,4,2,3,2,2,1,4,1,2,4,2,0,2.0,0
Female,Loyal Customer,70,Personal Travel,Eco Plus,157,3,3,3,3,1,3,4,2,2,3,2,3,2,1,0,0.0,0
Female,Loyal Customer,36,Business travel,Business,2675,2,2,2,2,2,2,3,2,2,2,2,3,2,3,0,0.0,0
Male,disloyal Customer,39,Business travel,Eco,637,3,5,3,5,3,3,3,3,4,3,2,3,2,3,1,0.0,0
Female,Loyal Customer,69,Personal Travel,Eco,134,3,3,0,1,3,3,5,1,1,0,1,2,1,3,15,6.0,0
Male,Loyal Customer,41,Business travel,Business,1786,4,1,4,4,5,2,2,4,4,4,4,2,4,4,0,0.0,1
Female,Loyal Customer,61,Business travel,Business,280,1,3,3,3,2,4,3,1,1,1,1,4,1,2,9,45.0,0
Female,Loyal Customer,62,Business travel,Eco,395,2,4,4,4,4,3,3,2,2,2,2,4,2,4,0,2.0,0
Female,Loyal Customer,45,Personal Travel,Eco,746,2,4,1,3,5,4,3,2,2,1,2,3,2,1,2,0.0,0
Female,Loyal Customer,48,Business travel,Business,2497,4,4,4,4,4,4,4,5,5,5,5,5,5,4,0,0.0,1
Male,Loyal Customer,23,Business travel,Business,3414,2,2,2,2,5,5,5,5,5,5,5,3,5,5,1,0.0,1
Male,Loyal Customer,64,Personal Travel,Eco Plus,1066,2,4,2,2,4,2,4,4,5,3,4,3,4,4,15,3.0,1
Female,Loyal Customer,11,Personal Travel,Eco,2342,2,5,2,1,5,2,5,5,4,2,2,1,5,5,74,66.0,1
Female,disloyal Customer,27,Business travel,Business,482,1,1,1,4,2,1,4,2,4,3,4,5,4,2,0,0.0,0
Male,Loyal Customer,52,Business travel,Business,1345,5,5,5,5,3,5,5,5,5,5,5,3,5,4,0,0.0,1
Male,Loyal Customer,43,Business travel,Business,3710,2,2,2,2,5,2,4,4,4,4,3,3,4,5,0,7.0,1
Male,Loyal Customer,70,Personal Travel,Eco,1562,1,1,1,3,3,1,3,3,1,2,2,4,4,3,0,0.0,0
Male,Loyal Customer,17,Personal Travel,Eco,502,3,5,3,3,3,3,3,3,5,5,5,5,5,3,0,0.0,1
Male,Loyal Customer,30,Business travel,Eco Plus,1182,3,3,3,3,3,3,3,3,4,3,3,4,3,3,2,0.0,0
Female,Loyal Customer,29,Business travel,Business,936,3,5,4,4,3,3,3,3,3,3,4,4,4,3,6,12.0,1
Female,Loyal Customer,56,Business travel,Business,2402,5,5,5,5,3,4,4,4,4,4,4,5,4,5,6,0.0,1
Female,Loyal Customer,18,Personal Travel,Eco,197,1,5,1,5,1,1,1,1,5,2,5,2,2,1,15,34.0,0
Male,Loyal Customer,35,Personal Travel,Eco,163,5,4,0,4,4,0,4,4,5,5,5,5,5,4,0,0.0,1
Male,Loyal Customer,26,Business travel,Business,483,2,1,2,1,2,2,2,2,1,3,4,4,3,2,10,14.0,0
Male,Loyal Customer,31,Business travel,Business,2437,5,5,3,5,4,4,4,4,4,5,4,3,5,4,0,0.0,1
Male,Loyal Customer,49,Business travel,Business,759,2,2,2,2,5,5,4,4,4,4,4,5,4,3,0,0.0,1
Female,Loyal Customer,68,Personal Travel,Eco,280,4,5,4,4,5,5,5,4,4,4,5,3,4,4,0,0.0,1
Female,Loyal Customer,47,Business travel,Business,546,1,1,1,1,2,4,5,3,3,3,3,3,3,5,0,0.0,0
Female,Loyal Customer,44,Personal Travel,Eco,1491,1,5,1,3,4,5,1,1,1,1,1,3,1,3,0,8.0,0
Female,Loyal Customer,43,Personal Travel,Eco,583,3,4,3,3,2,5,4,2,2,3,2,5,2,4,0,0.0,0
Male,Loyal Customer,23,Personal Travel,Eco,752,3,4,2,4,2,2,2,2,5,3,5,5,5,2,0,0.0,0
Female,Loyal Customer,60,Personal Travel,Eco,1087,3,0,2,2,3,5,4,5,5,2,5,5,5,3,0,0.0,1
Male,Loyal Customer,15,Personal Travel,Eco,1096,2,1,2,3,5,2,1,5,2,3,2,2,4,5,0,0.0,0
Male,Loyal Customer,26,Business travel,Eco,1085,4,5,2,5,4,3,3,4,3,5,4,1,3,4,94,86.0,1
Male,Loyal Customer,45,Business travel,Business,213,2,2,2,2,3,4,4,4,4,4,5,3,4,5,0,0.0,1
Male,disloyal Customer,27,Business travel,Business,528,1,1,1,3,3,1,3,3,5,5,4,3,5,3,0,0.0,0
Male,Loyal Customer,39,Business travel,Eco,1035,2,4,4,4,2,3,2,2,1,2,3,3,4,2,0,0.0,0
Female,Loyal Customer,30,Business travel,Business,2588,4,2,2,2,4,3,4,4,4,4,2,2,4,4,0,0.0,1
Female,disloyal Customer,44,Business travel,Eco,1073,1,1,1,2,2,1,2,2,5,3,3,4,5,2,0,0.0,0
Female,Loyal Customer,47,Business travel,Business,2011,4,4,4,4,4,4,4,4,3,5,5,4,3,4,181,174.0,1
Male,disloyal Customer,25,Business travel,Eco,395,2,4,2,5,1,2,1,1,2,1,5,1,5,1,0,1.0,0
Female,Loyal Customer,24,Business travel,Business,1047,1,5,2,5,1,1,1,1,3,1,3,3,4,1,22,20.0,0
Male,Loyal Customer,41,Personal Travel,Eco,315,2,5,2,5,3,2,3,3,5,3,4,3,4,3,2,17.0,0
Female,Loyal Customer,16,Personal Travel,Eco Plus,1237,2,1,2,2,2,2,2,2,4,2,3,1,3,2,0,5.0,0
Female,Loyal Customer,38,Business travel,Business,1430,5,5,5,5,2,4,5,5,5,5,5,3,5,4,13,9.0,1
Male,Loyal Customer,46,Business travel,Business,2984,1,1,1,1,3,4,4,4,4,4,4,3,4,5,0,0.0,1
Male,Loyal Customer,55,Personal Travel,Eco,2486,3,2,2,4,5,2,5,5,4,5,4,3,3,5,0,0.0,1
Male,Loyal Customer,44,Business travel,Business,2073,1,4,1,1,4,4,4,4,4,4,4,4,4,4,7,5.0,1
Male,Loyal Customer,49,Business travel,Business,1619,2,2,2,2,3,5,5,4,4,4,5,5,4,3,2,0.0,1
Male,Loyal Customer,23,Personal Travel,Eco,806,1,4,1,4,2,1,2,2,4,4,3,2,3,2,0,0.0,0
Male,Loyal Customer,25,Personal Travel,Eco,337,2,4,2,4,3,2,3,3,4,4,4,2,3,3,12,2.0,0
Female,Loyal Customer,51,Business travel,Business,304,2,2,2,2,4,4,5,5,5,4,5,4,5,3,0,0.0,1
Female,Loyal Customer,66,Personal Travel,Eco,500,3,5,3,1,3,2,2,4,2,5,4,2,4,2,152,142.0,0
Female,Loyal Customer,64,Personal Travel,Eco,125,1,4,1,5,2,3,5,2,2,1,2,5,2,4,0,0.0,0
Female,Loyal Customer,56,Business travel,Business,3662,2,2,2,2,2,4,4,4,4,4,4,5,4,5,0,0.0,1
Male,disloyal Customer,32,Business travel,Eco,772,2,2,2,3,2,5,5,4,3,3,3,5,2,5,126,135.0,1
Male,Loyal Customer,53,Business travel,Business,1720,2,4,2,4,2,3,3,2,2,3,2,2,2,1,0,0.0,0
Female,Loyal Customer,43,Business travel,Eco,826,3,2,2,2,2,2,2,3,3,3,3,1,3,4,12,30.0,0
Male,Loyal Customer,43,Business travel,Business,628,4,4,4,4,3,4,4,5,5,5,5,3,5,3,4,5.0,1
Male,Loyal Customer,56,Business travel,Business,2724,3,5,3,3,5,5,5,3,3,5,4,5,5,5,6,0.0,1
Male,Loyal Customer,57,Business travel,Business,442,1,1,1,1,2,4,4,3,3,3,3,3,3,3,0,0.0,0
Male,Loyal Customer,22,Business travel,Business,3684,1,3,3,3,1,1,1,1,3,4,3,1,4,1,0,0.0,0
Female,Loyal Customer,42,Personal Travel,Eco,397,4,4,4,5,5,4,4,4,4,4,4,4,4,3,0,0.0,1
Male,Loyal Customer,50,Business travel,Business,2982,3,3,3,3,4,5,4,3,3,3,3,4,3,3,0,0.0,1
Male,Loyal Customer,44,Personal Travel,Eco,101,4,4,4,3,3,4,3,3,3,3,4,5,4,3,0,0.0,1
Male,disloyal Customer,57,Business travel,Eco,101,2,0,2,1,2,2,2,2,3,4,2,2,1,2,0,0.0,0
Male,Loyal Customer,51,Business travel,Business,1565,3,1,3,3,2,4,4,2,2,2,2,3,2,3,22,39.0,0
Female,Loyal Customer,40,Business travel,Business,643,4,4,4,4,3,4,4,4,4,4,4,3,4,4,4,18.0,1
Male,Loyal Customer,38,Business travel,Eco,200,5,4,4,4,5,5,5,5,2,3,5,1,1,5,0,0.0,1
Female,Loyal Customer,27,Business travel,Eco Plus,406,2,3,3,3,2,2,2,2,1,2,3,2,4,2,35,41.0,0
Female,Loyal Customer,51,Business travel,Eco Plus,109,4,2,2,2,2,4,1,4,4,4,4,3,4,3,0,0.0,0
Female,Loyal Customer,49,Business travel,Business,237,2,1,2,2,4,3,3,2,2,2,2,2,2,2,3,8.0,0
Female,Loyal Customer,42,Personal Travel,Eco,468,2,4,2,1,1,2,5,1,1,2,1,2,1,3,0,0.0,0
Female,Loyal Customer,42,Personal Travel,Eco,591,4,5,4,1,2,5,5,4,4,4,4,3,4,5,0,0.0,1
Male,Loyal Customer,48,Business travel,Business,337,2,2,2,2,5,4,5,4,4,4,4,4,4,4,0,0.0,1
Female,Loyal Customer,67,Business travel,Business,304,1,1,1,1,5,4,4,5,5,5,5,5,5,3,0,0.0,1
Male,Loyal Customer,49,Business travel,Business,3104,4,4,4,4,3,5,5,2,2,2,2,4,2,4,0,0.0,1
Male,Loyal Customer,50,Personal Travel,Business,695,2,4,2,3,2,4,4,1,1,2,1,3,1,5,11,0.0,0
Male,Loyal Customer,29,Personal Travel,Eco,1488,1,1,1,2,4,1,5,4,3,1,3,2,3,4,6,3.0,0
Male,Loyal Customer,39,Business travel,Eco,255,3,4,4,4,3,3,3,3,2,3,3,4,4,3,7,1.0,0
Female,Loyal Customer,58,Business travel,Business,2999,3,3,3,3,5,5,4,5,5,5,5,5,5,5,30,18.0,1
Female,Loyal Customer,10,Personal Travel,Eco Plus,84,2,4,2,4,2,2,2,2,5,3,4,5,4,2,12,1.0,0
Female,Loyal Customer,61,Personal Travel,Business,679,3,4,3,3,3,4,5,2,2,3,2,1,2,2,0,0.0,0
Male,disloyal Customer,23,Business travel,Business,323,4,0,4,1,5,4,5,5,5,5,4,3,5,5,11,3.0,1
Female,Loyal Customer,37,Personal Travel,Eco,740,4,5,4,5,3,4,3,3,3,2,4,3,4,3,0,0.0,0
Female,Loyal Customer,27,Personal Travel,Eco,933,2,4,2,5,2,2,1,2,4,3,4,5,4,2,0,0.0,0
Female,Loyal Customer,58,Business travel,Business,1825,4,4,4,4,2,5,5,5,5,5,5,3,5,3,0,0.0,1
Male,disloyal Customer,26,Business travel,Business,102,0,0,0,1,4,0,4,4,3,3,5,5,4,4,0,0.0,0
Male,Loyal Customer,59,Personal Travel,Eco Plus,588,4,4,3,2,3,3,4,3,5,5,5,5,5,3,0,26.0,1
Male,disloyal Customer,23,Business travel,Eco,361,2,0,2,4,4,2,4,4,3,3,5,4,4,4,5,0.0,1
Male,Loyal Customer,59,Business travel,Eco Plus,585,5,3,3,3,5,5,5,5,3,4,5,3,4,5,0,0.0,1
Male,disloyal Customer,39,Business travel,Business,370,1,1,1,4,5,1,5,5,4,5,5,5,5,5,11,9.0,1
Female,Loyal Customer,41,Business travel,Business,907,3,3,3,3,4,5,5,4,4,4,4,5,4,4,0,8.0,1
Female,disloyal Customer,26,Business travel,Business,405,4,4,4,4,1,4,1,1,3,3,5,5,4,1,0,0.0,0
Male,Loyal Customer,62,Business travel,Eco,557,4,5,5,5,5,4,5,5,1,5,3,5,3,5,19,17.0,1
Male,disloyal Customer,9,Business travel,Eco,1262,4,4,4,3,4,4,4,4,2,3,4,4,3,4,0,0.0,1
Male,disloyal Customer,21,Business travel,Eco,907,1,0,0,2,2,0,2,2,4,4,4,5,5,2,0,0.0,0
Female,Loyal Customer,45,Business travel,Business,1010,4,4,4,4,3,4,4,4,4,4,4,3,4,3,0,10.0,1
Male,Loyal Customer,61,Business travel,Eco Plus,109,3,3,3,3,3,3,3,3,4,1,3,2,2,3,0,0.0,0
Female,disloyal Customer,16,Business travel,Eco Plus,838,3,1,3,4,2,3,2,2,2,5,3,2,3,2,1,0.0,0
Male,Loyal Customer,59,Business travel,Business,515,1,4,4,4,2,4,3,1,1,1,1,4,1,3,0,0.0,0
Female,Loyal Customer,36,Business travel,Eco Plus,462,3,4,4,4,3,5,3,3,1,1,5,4,5,3,0,0.0,1
Male,Loyal Customer,58,Personal Travel,Eco,430,2,5,2,3,4,2,4,4,5,2,4,4,4,4,0,0.0,1
Female,disloyal Customer,28,Business travel,Eco,369,1,3,1,3,2,1,2,2,1,5,4,4,3,2,20,11.0,0
Female,Loyal Customer,64,Personal Travel,Eco,227,2,4,2,3,5,5,4,2,2,2,2,3,2,3,6,0.0,0
Female,disloyal Customer,22,Business travel,Eco,496,5,4,5,4,5,5,5,5,1,1,4,4,2,5,0,0.0,1
Female,Loyal Customer,39,Business travel,Business,328,0,0,0,1,2,5,5,5,5,5,5,3,5,4,0,0.0,1
Female,Loyal Customer,67,Business travel,Eco,1089,3,5,5,5,3,3,4,4,4,3,4,4,4,4,0,0.0,1
Female,Loyal Customer,29,Personal Travel,Eco,1182,2,4,3,2,5,3,5,5,3,3,5,3,5,5,0,3.0,1
Male,disloyal Customer,60,Business travel,Eco,986,1,1,1,3,1,1,1,1,1,1,3,4,3,1,0,0.0,0
Female,Loyal Customer,56,Business travel,Business,1916,2,1,5,5,2,3,3,2,2,2,2,3,2,2,0,0.0,0
Female,Loyal Customer,61,Personal Travel,Eco Plus,735,2,4,2,4,4,3,3,1,1,2,5,2,1,4,0,9.0,0
Male,Loyal Customer,39,Business travel,Business,551,1,1,1,1,2,5,5,4,4,4,4,4,4,4,4,8.0,1
Female,disloyal Customer,29,Business travel,Eco,190,1,2,1,4,4,1,4,4,3,5,3,2,3,4,0,12.0,0
Female,Loyal Customer,16,Personal Travel,Eco,277,3,3,3,3,2,3,2,2,1,3,4,3,4,2,0,0.0,0
Male,Loyal Customer,22,Personal Travel,Eco,776,4,4,4,4,4,4,4,4,4,3,5,3,5,4,20,52.0,1
Male,Loyal Customer,30,Business travel,Eco Plus,965,5,1,1,1,5,5,5,5,4,1,4,1,1,5,87,117.0,1
Male,Loyal Customer,50,Business travel,Eco,192,3,3,3,3,3,3,3,3,3,2,2,2,1,3,41,47.0,0
Female,disloyal Customer,23,Business travel,Eco,762,1,1,1,3,4,1,4,4,3,4,2,5,2,4,0,0.0,0
Female,Loyal Customer,53,Business travel,Business,2449,4,4,4,4,3,4,4,2,2,2,2,5,2,5,0,0.0,1
Male,Loyal Customer,69,Personal Travel,Business,764,1,5,1,1,3,1,4,2,2,1,2,3,2,5,2,7.0,0
Male,Loyal Customer,44,Business travel,Eco,944,3,3,3,3,3,3,3,3,2,4,3,2,4,3,37,33.0,0
Male,Loyal Customer,50,Business travel,Eco Plus,1105,4,4,4,4,4,4,4,4,5,2,5,3,5,4,0,3.0,1
Female,Loyal Customer,39,Business travel,Business,163,1,1,1,1,1,3,4,1,1,1,1,3,1,3,0,0.0,0
Female,Loyal Customer,28,Personal Travel,Eco Plus,542,4,2,4,3,3,4,3,3,4,2,3,2,3,3,0,0.0,0
Male,Loyal Customer,30,Business travel,Business,501,1,0,0,1,2,0,2,2,1,3,1,2,2,2,0,0.0,0
Male,Loyal Customer,36,Business travel,Business,850,1,4,4,4,4,3,4,1,1,1,1,4,1,1,7,6.0,0
Female,Loyal Customer,71,Business travel,Eco Plus,1771,1,2,2,2,4,3,3,1,1,1,1,2,1,2,0,0.0,0
Male,Loyal Customer,56,Personal Travel,Eco,1620,3,5,2,4,2,2,2,2,3,3,5,5,1,2,0,0.0,0
Male,Loyal Customer,42,Personal Travel,Eco,1068,1,3,1,4,5,1,2,5,3,5,3,4,3,5,2,0.0,1
Male,Loyal Customer,39,Business travel,Business,1918,3,3,1,3,4,2,2,5,5,5,5,3,5,3,0,0.0,1
Male,Loyal Customer,25,Business travel,Business,2176,1,1,1,1,4,5,4,4,5,4,5,4,4,4,0,0.0,1
Male,Loyal Customer,12,Personal Travel,Eco,2125,5,1,5,3,2,5,2,2,3,3,3,1,4,2,37,21.0,0
Female,Loyal Customer,58,Business travel,Business,1460,5,5,5,5,5,5,4,5,5,5,5,4,5,3,4,5.0,1
Male,Loyal Customer,73,Business travel,Eco,373,2,5,5,5,2,2,2,2,1,3,3,2,3,2,98,132.0,0
Male,Loyal Customer,41,Personal Travel,Eco,545,2,1,3,3,5,3,5,5,4,1,3,2,4,5,8,0.0,1
Female,disloyal Customer,46,Business travel,Business,2556,3,3,3,3,1,3,1,1,4,5,5,5,5,1,1,0.0,0
Female,Loyal Customer,38,Personal Travel,Eco,333,1,5,1,2,2,1,2,2,4,3,5,5,5,2,10,4.0,0
Female,Loyal Customer,36,Personal Travel,Eco,600,2,0,2,4,4,2,4,4,3,2,4,4,5,4,0,1.0,1
Male,Loyal Customer,51,Business travel,Business,1426,4,4,4,4,4,4,4,4,4,5,4,3,4,5,0,0.0,1
Male,Loyal Customer,42,Personal Travel,Eco,500,2,4,2,4,2,2,2,2,3,3,2,2,4,2,0,0.0,0
Male,Loyal Customer,33,Personal Travel,Eco,109,2,3,2,4,1,2,1,1,1,5,4,1,3,1,0,0.0,0
Female,Loyal Customer,61,Personal Travel,Eco Plus,1199,2,1,1,4,2,3,4,3,3,1,3,3,3,1,6,0.0,0
Male,disloyal Customer,25,Business travel,Business,197,3,0,3,1,3,3,3,3,5,4,5,3,5,3,0,0.0,1
Male,Loyal Customer,37,Business travel,Business,2599,4,4,4,4,4,4,2,4,4,4,4,3,4,4,0,0.0,1
Female,disloyal Customer,25,Business travel,Eco,817,2,2,2,4,5,2,3,5,2,4,4,3,4,5,0,0.0,1
Female,Loyal Customer,23,Personal Travel,Eco,455,2,4,5,3,2,5,1,2,3,2,5,4,5,2,0,0.0,0
Female,disloyal Customer,29,Business travel,Business,1090,0,0,0,5,5,0,5,5,5,3,5,5,4,5,0,1.0,1
Female,Loyal Customer,42,Business travel,Business,1935,3,3,3,3,4,4,4,4,4,5,4,5,4,5,6,0.0,1
Male,disloyal Customer,45,Business travel,Business,349,1,1,1,4,4,1,4,4,4,3,4,4,5,4,6,6.0,1
Female,Loyal Customer,51,Personal Travel,Eco,147,3,5,3,5,5,4,4,3,3,3,3,5,3,5,0,0.0,1
Male,Loyal Customer,15,Personal Travel,Eco,1504,1,4,1,2,3,1,3,3,4,3,4,4,5,3,4,2.0,0
Male,Loyal Customer,59,Personal Travel,Eco,828,3,4,3,3,4,3,3,4,5,3,5,3,4,4,23,18.0,1
Male,Loyal Customer,69,Business travel,Business,297,1,1,1,1,4,1,3,4,4,4,4,4,4,5,0,0.0,1
Male,Loyal Customer,60,Business travel,Business,125,1,1,4,1,1,2,1,5,5,5,4,2,5,3,18,19.0,0
Male,Loyal Customer,66,Business travel,Business,432,2,1,2,2,1,1,4,4,4,5,4,1,4,2,13,2.0,0
Male,Loyal Customer,44,Personal Travel,Eco,364,1,5,1,2,3,1,3,3,5,5,4,3,5,3,1,2.0,0
Male,Loyal Customer,15,Personal Travel,Eco,295,4,4,4,1,4,4,4,4,3,4,5,4,5,4,0,0.0,1
Male,Loyal Customer,60,Business travel,Business,644,1,1,1,1,4,5,5,5,5,5,5,4,5,4,8,15.0,1
Male,Loyal Customer,30,Personal Travel,Eco,423,4,4,3,3,5,3,5,5,1,5,4,4,3,5,34,24.0,1
Female,Loyal Customer,40,Business travel,Eco,846,5,3,5,3,5,5,5,5,5,4,1,3,2,5,0,0.0,1
Female,disloyal Customer,35,Business travel,Eco,934,1,1,1,4,1,1,1,1,4,5,4,2,3,1,17,10.0,0
Male,Loyal Customer,26,Business travel,Business,3786,3,3,3,3,5,5,5,5,4,3,5,3,5,5,0,4.0,1
Male,Loyal Customer,56,Business travel,Business,2533,0,0,0,3,2,4,4,2,2,2,2,3,2,3,9,7.0,0
Female,Loyal Customer,36,Business travel,Business,2411,1,4,2,4,5,3,3,1,1,1,1,1,1,1,0,0.0,0
Male,Loyal Customer,32,Personal Travel,Eco,371,3,3,3,2,5,3,5,5,1,5,2,5,4,5,26,22.0,1
Male,disloyal Customer,24,Business travel,Eco,188,3,4,3,2,1,3,1,1,5,4,5,1,3,1,34,23.0,0
Female,Loyal Customer,48,Personal Travel,Business,919,0,4,0,4,5,3,3,1,1,0,1,4,1,4,0,0.0,0
Male,Loyal Customer,49,Business travel,Business,1167,2,4,5,5,3,1,2,2,2,2,2,3,2,3,9,9.0,0
Female,Loyal Customer,63,Personal Travel,Eco,834,3,4,3,3,3,4,4,1,1,3,1,4,1,3,0,0.0,0
Male,Loyal Customer,35,Business travel,Business,2907,4,4,4,4,1,2,2,4,4,4,4,4,4,2,0,0.0,0
Male,Loyal Customer,45,Business travel,Eco,1008,4,1,3,3,4,4,4,4,1,4,2,5,2,4,60,63.0,1
Male,Loyal Customer,37,Business travel,Business,3667,4,4,4,4,4,4,5,4,4,4,4,4,4,3,0,9.0,1
Female,Loyal Customer,25,Personal Travel,Eco,867,1,4,1,1,3,1,3,3,3,1,3,4,4,3,0,0.0,0
Male,disloyal Customer,33,Business travel,Business,1747,2,2,2,3,4,2,4,4,4,2,4,5,5,4,6,0.0,1
Female,Loyal Customer,58,Personal Travel,Eco,495,3,1,3,2,2,2,2,3,3,3,2,4,3,4,0,0.0,0
Male,Loyal Customer,37,Personal Travel,Eco,1045,1,4,1,2,2,1,2,2,5,2,4,5,4,2,15,2.0,0
Female,Loyal Customer,62,Personal Travel,Eco,862,3,4,2,3,4,1,1,2,2,2,2,5,2,4,0,0.0,0
Female,Loyal Customer,17,Personal Travel,Business,557,2,4,2,3,3,2,3,3,2,2,4,2,4,3,36,23.0,0
Male,disloyal Customer,25,Business travel,Business,547,5,0,5,4,4,5,1,4,3,3,4,5,4,4,49,36.0,1
Female,disloyal Customer,47,Business travel,Eco,226,1,3,1,3,2,1,2,2,2,3,1,1,2,2,0,0.0,0
Male,Loyal Customer,58,Personal Travel,Eco,719,3,2,3,2,3,3,3,3,3,3,3,4,2,3,0,0.0,0
Male,disloyal Customer,17,Business travel,Eco,979,1,1,1,3,5,1,5,5,1,3,4,3,3,5,57,52.0,1
Male,disloyal Customer,36,Business travel,Eco,835,1,1,1,4,5,1,5,5,4,1,5,1,5,5,0,0.0,1
Male,Loyal Customer,32,Business travel,Business,2560,0,0,0,4,3,3,5,3,5,2,5,4,4,3,65,60.0,1
Female,Loyal Customer,44,Business travel,Business,1781,5,5,5,5,2,5,5,4,4,5,4,5,4,3,0,0.0,1
Female,Loyal Customer,60,Business travel,Eco,468,1,2,2,2,5,3,3,1,1,1,1,2,1,4,20,16.0,0
Female,disloyal Customer,35,Personal Travel,Eco,867,1,3,1,5,5,1,4,5,4,1,1,1,3,5,0,5.0,0
Female,Loyal Customer,43,Personal Travel,Eco,399,2,5,2,5,1,4,1,5,5,2,5,3,5,1,0,0.0,0
Male,Loyal Customer,58,Business travel,Business,2532,1,1,1,1,2,4,4,4,4,4,4,3,4,3,0,0.0,1
Male,Loyal Customer,17,Business travel,Eco Plus,255,3,3,3,3,3,3,2,3,4,2,3,3,3,3,96,82.0,0
Female,Loyal Customer,25,Personal Travel,Eco,285,3,4,3,4,2,3,2,2,4,3,3,1,4,2,0,0.0,0
Female,Loyal Customer,32,Business travel,Business,1559,3,3,3,3,3,3,3,3,1,4,4,3,4,3,124,136.0,0
Female,disloyal Customer,26,Business travel,Business,403,5,0,5,4,1,5,1,1,3,5,4,5,4,1,0,0.0,0
Female,Loyal Customer,35,Personal Travel,Eco,562,1,1,1,4,2,1,3,2,3,5,3,2,4,2,0,0.0,0
Female,Loyal Customer,61,Personal Travel,Eco,896,1,5,1,3,3,4,5,2,2,1,2,3,2,5,0,0.0,0
Female,Loyal Customer,13,Personal Travel,Eco,302,2,2,2,4,5,2,5,5,1,3,3,3,3,5,0,0.0,1
Male,Loyal Customer,51,Business travel,Business,370,5,5,5,5,4,4,5,4,4,4,4,5,4,5,0,0.0,1
Male,Loyal Customer,32,Business travel,Eco,1521,5,2,2,2,5,5,5,5,4,1,4,4,5,5,1,4.0,1
Male,Loyal Customer,27,Business travel,Business,3612,2,2,2,2,5,5,5,5,5,5,5,4,5,5,17,8.0,1
Female,Loyal Customer,32,Personal Travel,Eco,480,2,5,2,4,2,2,2,2,5,5,3,3,2,2,130,131.0,0
Male,Loyal Customer,45,Business travel,Eco,405,1,2,2,2,1,1,1,1,1,4,3,2,3,1,0,0.0,0
Female,Loyal Customer,56,Business travel,Business,2586,4,4,4,4,5,5,5,5,5,5,5,4,5,5,0,3.0,1
Female,Loyal Customer,35,Personal Travel,Eco,333,3,5,3,4,5,3,5,5,5,3,5,3,4,5,32,27.0,1
Female,Loyal Customer,36,Business travel,Business,2493,2,2,2,2,4,5,4,5,5,5,5,4,5,3,74,70.0,1
Male,Loyal Customer,43,Business travel,Business,253,4,4,4,4,3,1,4,5,5,5,5,5,5,1,0,3.0,1
Male,Loyal Customer,45,Business travel,Business,3280,5,5,5,5,4,5,5,5,5,5,5,3,5,5,0,0.0,1
Male,disloyal Customer,23,Business travel,Eco,647,3,3,3,3,5,3,5,5,3,4,3,4,3,5,0,0.0,1
Female,Loyal Customer,70,Personal Travel,Eco,255,2,4,0,3,4,5,5,4,4,0,4,4,4,4,21,19.0,1
Male,Loyal Customer,44,Business travel,Business,2684,5,5,5,5,5,4,4,4,4,5,4,4,4,3,39,27.0,1
Female,disloyal Customer,21,Business travel,Eco,408,3,3,3,4,3,1,1,1,4,3,4,1,1,1,333,338.0,0
Male,Loyal Customer,38,Personal Travel,Eco,190,2,4,2,3,4,2,4,4,3,2,4,4,5,4,0,0.0,1
Female,Loyal Customer,69,Business travel,Business,429,4,3,4,4,2,2,4,5,5,5,5,3,5,4,35,25.0,1
Female,Loyal Customer,37,Personal Travel,Eco,920,3,4,2,3,3,2,3,3,4,3,5,5,5,3,1,0.0,1
Female,Loyal Customer,33,Business travel,Eco Plus,331,4,1,1,1,4,4,4,4,1,4,1,5,4,4,0,0.0,1
Male,disloyal Customer,26,Business travel,Business,944,1,1,1,5,4,1,4,4,5,5,4,3,5,4,0,0.0,1
Male,Loyal Customer,26,Personal Travel,Eco,607,3,4,3,4,2,3,2,2,3,5,5,4,5,2,60,78.0,0
Male,Loyal Customer,50,Personal Travel,Eco,689,2,5,2,3,1,2,1,1,4,3,4,4,5,1,0,0.0,0
Female,Loyal Customer,41,Business travel,Business,3149,5,5,5,5,5,4,4,4,4,4,4,3,4,4,9,7.0,1
Male,Loyal Customer,54,Business travel,Business,1747,3,2,3,3,3,5,5,4,4,4,4,3,4,5,29,4.0,1
Male,Loyal Customer,29,Personal Travel,Eco,366,3,1,3,4,1,3,1,1,2,5,3,2,3,1,0,0.0,0
Female,disloyal Customer,36,Business travel,Business,550,2,1,1,2,3,1,3,3,5,3,5,5,5,3,0,0.0,1
Female,Loyal Customer,64,Personal Travel,Eco Plus,751,2,4,2,2,3,5,5,5,5,2,5,5,5,3,129,120.0,1
Female,disloyal Customer,24,Business travel,Eco,399,1,2,1,3,1,1,1,1,4,2,4,1,4,1,0,0.0,0
Female,Loyal Customer,49,Business travel,Business,2497,5,5,5,5,5,4,5,5,5,5,5,3,5,3,0,0.0,1
Female,Loyal Customer,59,Business travel,Business,3313,0,0,0,3,5,4,5,4,4,2,2,5,4,3,0,0.0,1
Female,disloyal Customer,26,Business travel,Eco,2615,3,3,3,3,3,5,5,1,1,2,2,5,4,5,0,7.0,0
Female,Loyal Customer,46,Business travel,Business,2031,3,3,3,3,3,5,5,4,4,4,4,3,4,3,0,0.0,1
Male,Loyal Customer,28,Business travel,Business,761,2,3,3,3,2,2,2,2,4,4,3,4,4,2,0,0.0,0
Female,Loyal Customer,50,Business travel,Business,2731,4,4,4,4,3,4,5,5,5,5,5,3,5,4,0,0.0,1
Female,disloyal Customer,37,Business travel,Eco Plus,462,4,4,4,2,3,4,3,3,5,5,1,4,2,3,0,0.0,0
Male,Loyal Customer,60,Business travel,Business,370,2,3,3,3,1,4,3,2,2,2,2,2,2,3,6,0.0,0
Male,Loyal Customer,36,Business travel,Eco,308,4,2,2,2,4,3,4,4,4,3,4,3,3,4,0,0.0,1
Female,disloyal Customer,41,Business travel,Eco,876,3,3,3,4,3,3,3,3,2,4,4,3,3,3,39,0.0,0
Male,Loyal Customer,59,Business travel,Business,2399,5,5,2,5,4,3,5,5,5,5,5,5,5,3,8,8.0,1
Female,disloyal Customer,37,Business travel,Eco,606,2,3,2,3,5,2,5,5,2,2,3,1,3,5,0,0.0,1
Male,Loyal Customer,47,Personal Travel,Eco,604,1,4,1,5,1,1,1,1,3,5,5,5,5,1,98,99.0,0
Male,disloyal Customer,38,Business travel,Business,997,2,2,2,3,4,2,4,4,3,2,4,4,5,4,10,0.0,1
Female,Loyal Customer,29,Business travel,Business,1647,1,1,1,1,4,4,4,4,3,5,4,3,4,4,0,1.0,1
Male,Loyal Customer,33,Personal Travel,Business,561,3,4,2,4,4,2,4,4,3,2,5,3,5,4,10,48.0,1
Female,Loyal Customer,19,Personal Travel,Eco,1927,3,4,3,5,2,3,2,2,3,3,4,4,5,2,8,0.0,0
Male,Loyal Customer,26,Business travel,Business,1235,1,4,4,4,1,1,1,1,3,2,3,1,4,1,105,111.0,0
Female,disloyal Customer,27,Business travel,Business,507,2,2,2,4,4,2,4,4,4,4,4,4,4,4,0,0.0,1
Female,Loyal Customer,64,Personal Travel,Eco,550,1,0,1,5,4,5,5,1,1,1,1,3,1,3,4,0.0,0
Female,Loyal Customer,46,Business travel,Business,967,3,1,3,3,4,5,4,2,2,2,2,4,2,3,0,0.0,0
Female,Loyal Customer,22,Personal Travel,Eco,596,3,1,3,3,2,3,2,2,2,4,1,4,2,2,0,0.0,0
Male,Loyal Customer,35,Personal Travel,Eco,391,2,4,2,4,1,2,1,1,4,3,2,5,3,1,0,0.0,0
Female,Loyal Customer,42,Personal Travel,Eco,991,3,4,3,1,3,2,2,3,2,5,5,2,4,2,160,146.0,0
Female,Loyal Customer,48,Business travel,Business,2047,3,3,3,3,2,4,4,4,4,4,4,3,4,3,2,0.0,1
Female,disloyal Customer,14,Business travel,Eco,714,3,4,4,2,1,4,1,1,2,4,5,1,3,1,0,0.0,0
Male,Loyal Customer,64,Personal Travel,Eco,1073,4,5,4,5,4,4,5,4,3,3,5,4,5,4,0,12.0,1
Female,Loyal Customer,48,Business travel,Business,1144,3,2,2,2,2,3,2,3,3,3,3,2,3,1,29,50.0,0
Female,Loyal Customer,56,Business travel,Business,733,2,5,5,5,3,4,3,2,2,2,2,1,2,1,0,62.0,0
Female,disloyal Customer,28,Business travel,Business,1285,4,4,4,5,5,4,3,5,4,4,3,3,4,5,5,0.0,1
Female,Loyal Customer,41,Business travel,Business,2137,4,4,4,4,3,4,5,4,4,4,4,5,4,4,0,0.0,1
Female,disloyal Customer,47,Business travel,Business,762,5,5,5,1,2,5,2,2,4,5,5,4,5,2,0,0.0,1
Female,Loyal Customer,31,Personal Travel,Business,376,2,4,2,2,5,2,5,5,5,5,5,3,4,5,27,18.0,1
Male,Loyal Customer,34,Personal Travel,Eco,449,3,4,3,4,1,3,1,1,2,2,4,2,3,1,3,1.0,0
Female,disloyal Customer,16,Business travel,Eco,1076,4,4,4,3,1,4,1,1,5,2,4,4,4,1,0,22.0,0
Male,Loyal Customer,41,Business travel,Eco,527,4,2,2,2,4,4,4,4,4,1,3,5,1,4,0,0.0,1
Female,Loyal Customer,22,Personal Travel,Eco,476,1,4,1,3,1,1,1,1,4,5,2,3,4,1,0,0.0,0
Male,Loyal Customer,33,Personal Travel,Eco,588,2,5,2,3,1,2,1,1,3,5,4,4,4,1,0,3.0,0
Female,disloyal Customer,23,Business travel,Eco,425,3,2,3,3,3,3,3,3,4,4,3,3,2,3,36,33.0,0
Male,Loyal Customer,37,Business travel,Business,1096,4,4,4,4,5,5,5,4,4,4,4,5,4,4,0,0.0,1
Female,Loyal Customer,50,Business travel,Business,500,2,2,2,2,5,5,5,4,4,4,4,3,4,5,0,0.0,1
Female,Loyal Customer,57,Business travel,Eco,206,3,1,1,1,3,3,3,2,3,4,4,3,4,3,57,138.0,0
Male,Loyal Customer,33,Business travel,Business,3669,3,3,3,3,5,5,5,5,5,1,3,1,1,5,0,0.0,1
Male,Loyal Customer,26,Business travel,Business,3137,1,3,4,4,4,4,1,4,4,2,4,2,3,4,0,0.0,1
Male,disloyal Customer,21,Business travel,Eco,1290,3,3,3,3,3,3,1,3,5,3,4,5,4,3,0,4.0,0
Male,disloyal Customer,25,Business travel,Eco,1605,1,1,1,4,2,1,1,2,4,2,3,3,4,2,9,0.0,0
Female,disloyal Customer,28,Business travel,Business,495,2,2,2,1,3,2,3,3,3,2,5,3,4,3,0,0.0,0
Female,Loyal Customer,42,Business travel,Business,641,4,4,4,4,2,4,4,5,5,5,5,3,5,3,0,2.0,1
Male,Loyal Customer,26,Personal Travel,Eco,283,2,5,2,2,2,2,2,2,4,2,5,4,5,2,0,0.0,0
Female,Loyal Customer,36,Business travel,Business,404,2,4,4,4,4,3,3,2,2,1,2,1,2,2,0,0.0,0
Female,disloyal Customer,32,Business travel,Eco,359,2,4,2,4,4,2,4,4,3,1,4,4,2,4,0,0.0,0
Male,Loyal Customer,52,Business travel,Business,2466,0,0,0,1,5,4,5,5,5,5,5,4,5,5,5,0.0,1
Female,Loyal Customer,49,Personal Travel,Eco,834,1,1,1,3,2,4,3,2,2,1,2,4,2,4,0,0.0,0
Male,Loyal Customer,44,Business travel,Eco Plus,1037,2,3,3,3,2,2,2,2,1,1,4,2,3,2,7,21.0,0
Female,Loyal Customer,69,Personal Travel,Eco,134,2,3,2,3,5,4,4,5,5,2,2,4,5,1,0,0.0,1
Female,Loyal Customer,59,Personal Travel,Eco,1171,4,4,4,1,2,4,5,2,2,4,2,3,2,4,0,0.0,0
Male,Loyal Customer,31,Business travel,Eco,991,0,0,0,3,4,0,4,4,1,3,3,4,2,4,0,0.0,0
Male,Loyal Customer,24,Personal Travel,Eco Plus,192,3,4,0,3,5,0,5,5,5,2,5,3,5,5,30,12.0,1
Male,Loyal Customer,51,Business travel,Business,1780,5,5,5,5,4,5,5,4,4,4,4,3,4,4,0,0.0,1
Male,disloyal Customer,17,Business travel,Eco,429,4,0,3,5,2,3,4,2,1,3,1,2,2,2,0,0.0,0
Male,Loyal Customer,60,Business travel,Business,2249,4,2,2,2,1,3,4,4,4,4,4,1,4,2,0,0.0,1
Female,Loyal Customer,19,Business travel,Business,2172,5,5,5,5,4,4,4,4,4,4,4,4,4,4,0,0.0,1
Female,Loyal Customer,30,Personal Travel,Eco Plus,370,3,4,3,4,4,3,4,4,1,2,1,1,5,4,13,92.0,0
Female,disloyal Customer,20,Business travel,Eco,187,4,4,4,3,1,4,1,1,2,5,3,4,4,1,0,1.0,0
Female,Loyal Customer,47,Business travel,Business,2839,3,4,4,4,3,3,3,3,3,2,3,4,3,1,37,52.0,0
Female,Loyal Customer,26,Business travel,Business,2640,4,5,5,5,4,4,4,4,1,3,4,1,4,4,0,0.0,1
Male,Loyal Customer,36,Business travel,Business,650,2,1,1,1,4,3,4,2,2,2,2,3,2,3,0,5.0,0
Female,Loyal Customer,27,Personal Travel,Eco,731,1,3,0,3,3,0,4,3,1,3,3,1,4,3,1,0.0,0
Male,Loyal Customer,48,Personal Travel,Eco,1119,3,5,3,3,3,3,3,3,5,4,4,5,5,3,0,2.0,1
Female,disloyal Customer,40,Business travel,Business,621,4,4,4,3,3,4,3,3,4,5,5,5,4,3,0,0.0,1
Female,Loyal Customer,57,Personal Travel,Eco Plus,1608,4,5,4,3,5,5,5,1,1,4,1,4,1,4,0,0.0,0
Male,Loyal Customer,34,Business travel,Business,1091,2,2,2,2,4,3,3,5,1,4,5,3,4,3,191,258.0,1
Female,Loyal Customer,30,Business travel,Business,2662,1,1,1,1,5,5,5,5,4,4,5,1,1,5,71,72.0,1
Female,Loyal Customer,59,Personal Travel,Eco Plus,594,2,4,2,4,1,4,3,4,4,2,4,4,4,4,0,0.0,1
Female,Loyal Customer,39,Business travel,Business,3883,4,4,4,4,2,4,5,3,3,3,3,5,3,4,0,0.0,1
Male,Loyal Customer,39,Business travel,Business,2308,4,4,3,4,3,4,4,1,1,2,1,3,1,5,0,0.0,0
Male,disloyal Customer,44,Business travel,Business,1276,1,1,1,2,3,1,3,3,3,4,5,3,4,3,0,0.0,0
Male,Loyal Customer,25,Business travel,Business,134,0,4,0,3,4,4,4,4,5,2,4,5,5,4,8,0.0,1
Female,Loyal Customer,47,Personal Travel,Eco,86,1,5,1,4,2,3,3,4,4,1,4,1,4,5,112,112.0,0
Male,Loyal Customer,33,Personal Travel,Eco,134,2,5,2,4,4,2,4,4,3,3,5,4,4,4,12,21.0,1
Male,disloyal Customer,25,Business travel,Business,446,1,4,1,1,1,1,1,1,4,3,4,4,4,1,0,0.0,0
Male,Loyal Customer,25,Personal Travel,Eco,214,1,5,1,2,3,1,3,3,4,5,4,1,3,3,0,0.0,0
Female,Loyal Customer,37,Business travel,Eco,508,4,1,1,1,4,4,4,4,2,2,5,4,5,4,0,0.0,1
Male,Loyal Customer,26,Personal Travel,Eco,1197,1,4,1,2,4,1,5,4,1,4,4,5,2,4,0,0.0,0
Male,Loyal Customer,67,Personal Travel,Eco Plus,1133,4,4,4,3,3,4,3,3,5,3,4,5,4,3,0,3.0,1
Male,Loyal Customer,35,Personal Travel,Eco,347,2,5,2,1,1,2,1,1,5,4,4,3,5,1,0,3.0,0
Female,Loyal Customer,30,Business travel,Eco,1829,3,3,3,3,3,3,3,3,1,2,4,3,4,3,16,11.0,0
Male,disloyal Customer,32,Business travel,Eco,786,2,3,3,3,2,3,4,2,3,3,4,1,3,2,0,0.0,0
Male,Loyal Customer,38,Business travel,Business,1798,3,3,3,3,2,3,2,4,4,4,4,2,4,2,0,0.0,0
Male,Loyal Customer,63,Business travel,Business,296,5,5,5,5,5,4,5,4,4,4,4,4,4,5,24,13.0,1
Male,Loyal Customer,62,Business travel,Eco,337,3,2,4,2,2,3,2,2,2,4,3,1,3,2,0,0.0,0
Male,disloyal Customer,36,Business travel,Eco,197,2,2,2,2,5,2,5,5,2,4,1,1,1,5,42,46.0,0
Female,Loyal Customer,9,Personal Travel,Eco,153,2,5,2,3,2,2,2,2,4,4,5,5,5,2,0,0.0,0
Female,Loyal Customer,59,Business travel,Business,2825,4,2,4,4,3,4,5,5,5,5,5,5,5,3,0,3.0,1
Female,Loyal Customer,44,Business travel,Business,2288,5,5,5,5,5,4,4,4,4,4,4,3,4,5,5,0.0,1
Female,Loyal Customer,28,Business travel,Business,2033,2,4,4,4,2,2,2,2,2,1,4,2,3,2,0,0.0,0
Male,Loyal Customer,48,Personal Travel,Eco Plus,1235,3,3,3,2,4,3,1,4,5,5,2,5,3,4,2,0.0,1
Female,Loyal Customer,15,Business travel,Eco Plus,1205,3,4,4,4,3,3,2,3,2,1,3,1,4,3,0,0.0,0
Male,Loyal Customer,40,Business travel,Business,2087,4,4,2,4,2,5,4,4,4,4,4,3,4,4,2,0.0,1
Male,Loyal Customer,28,Business travel,Business,2776,1,2,2,2,1,1,1,1,2,3,3,2,4,1,45,22.0,0
Male,Loyal Customer,18,Personal Travel,Eco,591,2,5,2,3,3,2,3,3,3,2,4,3,4,3,0,0.0,0
Female,Loyal Customer,19,Personal Travel,Eco,550,2,3,2,4,1,2,1,1,4,4,4,1,3,1,35,34.0,0
Male,disloyal Customer,22,Business travel,Eco,916,2,2,2,2,2,2,2,2,1,5,3,1,3,2,0,0.0,0
Female,Loyal Customer,58,Business travel,Business,2504,4,4,4,4,2,4,4,4,4,4,4,3,4,4,0,0.0,1
Male,Loyal Customer,49,Business travel,Business,2266,2,2,2,2,5,5,5,5,5,5,5,5,5,3,19,19.0,1
Male,disloyal Customer,46,Business travel,Business,867,5,5,5,3,3,5,3,3,3,5,4,3,5,3,0,9.0,1
Female,Loyal Customer,39,Personal Travel,Eco,565,0,4,1,3,3,1,1,3,4,2,5,4,5,3,0,0.0,0
Female,Loyal Customer,47,Personal Travel,Eco,562,2,4,2,3,4,5,5,5,5,2,5,5,5,4,7,18.0,1
Male,Loyal Customer,65,Personal Travel,Eco,223,1,5,0,3,3,0,3,3,5,4,5,4,5,3,5,4.0,0
Male,Loyal Customer,30,Business travel,Business,2207,1,1,1,1,1,1,1,1,1,2,3,4,4,1,76,56.0,0
Female,disloyal Customer,48,Business travel,Eco Plus,199,2,2,2,3,3,2,5,3,2,4,3,3,2,3,55,49.0,0
Female,Loyal Customer,59,Personal Travel,Eco,187,3,4,3,3,3,4,1,2,2,3,2,3,2,1,31,51.0,0
Male,Loyal Customer,9,Business travel,Business,804,3,3,2,3,4,4,4,4,4,4,5,4,5,4,1,0.0,1
Female,Loyal Customer,29,Business travel,Business,1504,2,2,2,2,3,4,3,3,4,3,5,3,5,3,0,0.0,1
Male,Loyal Customer,37,Business travel,Business,1399,3,3,3,3,5,5,5,5,5,5,5,5,5,5,0,0.0,1
Male,Loyal Customer,62,Business travel,Eco,429,2,1,1,1,2,2,2,2,2,2,3,1,4,2,88,74.0,0
Female,disloyal Customer,29,Business travel,Business,1035,0,0,0,3,2,0,2,2,5,3,4,5,4,2,25,0.0,0
Female,Loyal Customer,53,Personal Travel,Business,1299,0,5,0,4,5,5,4,3,3,0,3,4,3,5,0,14.0,1
Male,Loyal Customer,19,Personal Travel,Eco,599,1,2,1,3,2,1,2,2,3,4,4,4,3,2,0,0.0,0
Male,Loyal Customer,11,Personal Travel,Eco,119,2,5,2,3,4,2,4,4,1,3,4,2,1,4,0,0.0,0
Male,Loyal Customer,47,Business travel,Business,3672,4,2,2,2,5,4,3,4,4,4,4,3,4,2,0,0.0,1
Female,Loyal Customer,27,Business travel,Business,488,1,1,4,1,2,2,2,2,3,5,4,4,4,2,9,3.0,0
Female,Loyal Customer,26,Business travel,Business,110,5,5,5,5,5,5,3,5,5,5,2,1,2,5,3,6.0,1
Male,Loyal Customer,52,Business travel,Eco,946,3,4,4,4,3,3,3,5,3,4,3,3,2,3,95,158.0,0
Female,Loyal Customer,21,Personal Travel,Eco Plus,405,3,4,3,3,2,3,2,2,5,3,4,3,5,2,21,19.0,0
Female,Loyal Customer,54,Business travel,Eco,399,4,4,4,4,2,2,3,4,4,4,4,2,4,4,0,30.0,1
Female,Loyal Customer,18,Personal Travel,Eco,908,3,5,4,4,3,4,3,3,4,3,5,3,4,3,0,0.0,1
Female,Loyal Customer,36,Business travel,Business,3643,5,5,5,5,3,5,4,5,5,5,4,4,5,3,0,0.0,1
Male,Loyal Customer,46,Business travel,Business,1673,4,4,4,4,4,5,4,5,5,5,5,2,5,5,40,89.0,1
Female,Loyal Customer,36,Personal Travel,Eco,2378,3,4,3,1,3,4,3,4,2,3,4,3,3,3,149,123.0,0
Male,Loyal Customer,65,Personal Travel,Eco,733,1,5,1,1,5,1,5,5,4,5,2,4,1,5,0,0.0,1
Female,Loyal Customer,51,Business travel,Business,317,4,4,4,4,3,5,4,4,4,4,4,4,4,4,0,0.0,1
Female,Loyal Customer,42,Business travel,Business,3275,5,5,5,5,4,4,5,4,4,4,4,3,4,3,0,0.0,1
Male,Loyal Customer,33,Business travel,Eco Plus,1107,3,5,5,5,3,3,3,3,2,1,3,1,4,3,3,0.0,0
Female,disloyal Customer,36,Business travel,Eco,266,4,4,4,3,3,4,3,3,2,4,4,4,3,3,2,0.0,0
Female,disloyal Customer,23,Business travel,Eco,239,4,1,4,4,5,4,5,5,1,4,3,3,4,5,1,0.0,1
Female,disloyal Customer,50,Business travel,Eco,199,2,0,2,1,3,2,3,3,5,5,1,2,1,3,0,0.0,0
Female,Loyal Customer,27,Business travel,Eco Plus,533,4,3,4,3,4,4,4,4,5,4,3,3,4,4,0,0.0,1
Male,Loyal Customer,49,Business travel,Business,190,3,3,3,3,5,5,4,4,4,4,5,5,4,5,0,3.0,1
Male,disloyal Customer,36,Business travel,Business,2447,3,3,3,3,2,3,1,2,4,4,4,4,4,2,0,0.0,0
Female,Loyal Customer,44,Personal Travel,Eco,377,5,3,5,2,1,2,3,5,5,5,5,1,5,1,0,0.0,1
Male,disloyal Customer,14,Business travel,Eco,2409,3,2,2,3,3,3,3,3,4,1,2,1,4,3,57,44.0,0
Female,Loyal Customer,38,Business travel,Business,1449,4,4,4,4,2,5,5,5,5,5,5,3,5,4,30,9.0,1
Female,Loyal Customer,53,Business travel,Business,1670,5,5,5,5,3,5,4,4,4,4,4,4,4,5,0,0.0,1
Female,Loyal Customer,50,Business travel,Business,946,2,2,3,2,3,4,4,5,5,5,5,3,5,3,0,6.0,1
Female,Loyal Customer,34,Personal Travel,Eco,862,2,5,2,4,5,2,5,5,3,5,4,3,5,5,33,18.0,1
Male,Loyal Customer,53,Business travel,Eco,270,5,5,5,5,5,5,5,5,3,5,3,2,3,5,0,22.0,1
Female,Loyal Customer,58,Personal Travel,Eco Plus,602,3,4,3,4,1,5,5,5,5,3,5,3,5,1,0,0.0,1
Male,disloyal Customer,22,Business travel,Eco,666,2,0,2,1,5,2,5,5,3,3,5,2,1,5,0,26.0,1
Male,Loyal Customer,35,Business travel,Business,3855,3,3,3,3,4,4,4,4,4,4,4,5,4,4,14,23.0,1
Male,Loyal Customer,45,Business travel,Business,1757,4,2,2,2,5,3,4,4,4,4,4,4,4,4,31,21.0,1
Male,Loyal Customer,39,Personal Travel,Eco,629,3,5,3,3,3,3,4,3,4,3,4,4,5,3,15,17.0,1
Female,disloyal Customer,23,Business travel,Eco,351,0,0,0,1,5,0,5,5,4,3,2,4,4,5,0,0.0,1
Female,Loyal Customer,45,Business travel,Business,590,4,4,4,4,3,4,4,3,3,4,3,4,3,3,0,0.0,1
Female,Loyal Customer,35,Business travel,Business,1619,3,3,3,3,3,3,4,3,3,3,3,1,3,4,15,0.0,0
Male,Loyal Customer,27,Business travel,Business,3615,3,5,3,3,4,4,4,4,3,2,4,3,5,4,31,29.0,1
Male,Loyal Customer,53,Business travel,Eco Plus,1754,4,5,5,5,4,4,4,4,2,5,4,3,3,4,4,0.0,1
Male,Loyal Customer,13,Business travel,Eco,569,2,3,3,3,2,1,2,2,2,1,3,2,3,2,0,0.0,0
Male,Loyal Customer,69,Business travel,Eco Plus,462,2,2,3,2,3,2,3,3,3,1,4,4,4,3,0,0.0,0
Female,Loyal Customer,7,Personal Travel,Eco,1208,2,2,2,4,4,2,4,4,4,2,4,1,4,4,3,4.0,0
Male,Loyal Customer,13,Personal Travel,Eco,383,1,4,1,2,4,1,4,4,3,4,5,3,4,4,0,9.0,1
Male,disloyal Customer,42,Business travel,Business,2425,4,4,4,1,4,5,3,5,5,5,5,3,5,3,348,300.0,1
Male,Loyal Customer,45,Personal Travel,Eco,545,4,5,4,5,4,4,4,4,3,5,3,3,4,4,0,0.0,1
Female,disloyal Customer,24,Business travel,Business,812,0,0,0,2,2,0,4,2,5,5,3,4,1,2,0,0.0,0
Male,Loyal Customer,47,Business travel,Business,2583,0,5,0,2,3,5,5,4,4,5,5,5,4,4,0,0.0,1
Male,Loyal Customer,37,Business travel,Eco,258,2,1,1,1,2,2,2,2,1,5,2,5,4,2,0,0.0,0
Male,Loyal Customer,59,Business travel,Business,3689,3,3,3,3,4,4,5,5,5,5,5,4,5,3,7,14.0,1
Male,Loyal Customer,22,Business travel,Eco,677,4,2,2,2,4,4,3,4,3,3,3,2,2,4,28,31.0,0
Female,Loyal Customer,25,Business travel,Business,1749,2,3,3,3,2,2,2,2,4,5,3,1,3,2,0,0.0,0
Female,Loyal Customer,22,Business travel,Business,3361,2,4,4,4,2,2,2,2,4,1,4,4,3,2,51,59.0,0
Male,Loyal Customer,37,Personal Travel,Eco Plus,323,4,5,4,2,5,4,5,5,1,4,2,1,5,5,0,0.0,1
Male,Loyal Customer,33,Business travel,Business,480,4,1,5,1,4,4,4,4,4,5,2,3,3,4,0,0.0,1
Male,Loyal Customer,31,Business travel,Business,1956,2,2,2,2,3,3,3,3,3,5,3,3,1,3,0,0.0,0
Female,Loyal Customer,50,Business travel,Eco Plus,562,4,2,2,2,2,4,4,4,4,4,4,4,4,4,6,1.0,1
Male,disloyal Customer,23,Business travel,Eco,451,3,0,3,4,2,3,2,2,2,3,1,2,3,2,15,10.0,0
Male,Loyal Customer,37,Business travel,Business,3971,2,2,2,2,1,3,4,2,2,2,2,3,2,2,0,0.0,0
Male,Loyal Customer,74,Business travel,Business,1561,4,5,5,5,4,3,3,4,4,4,4,2,4,1,0,0.0,1
Female,Loyal Customer,27,Business travel,Business,2361,3,1,3,1,3,3,3,3,1,4,4,4,3,3,0,0.0,0
Female,Loyal Customer,27,Personal Travel,Eco,325,3,4,3,1,1,3,1,1,3,4,2,5,5,1,70,92.0,0
Female,disloyal Customer,29,Business travel,Eco,859,3,3,3,4,4,3,4,4,4,1,3,3,3,4,2,0.0,1
Male,Loyal Customer,34,Personal Travel,Eco,377,5,2,5,4,5,5,5,5,1,3,4,1,3,5,15,11.0,1
Male,Loyal Customer,67,Personal Travel,Eco,449,2,5,4,3,2,4,2,2,5,5,4,4,4,2,0,0.0,0
Male,disloyal Customer,45,Business travel,Eco,300,2,0,2,2,4,2,5,4,5,3,1,4,1,4,4,2.0,0
Female,Loyal Customer,30,Business travel,Business,1258,4,4,4,4,4,4,4,4,3,2,3,1,4,4,9,17.0,1
Male,Loyal Customer,20,Personal Travel,Eco,1447,3,2,4,3,3,4,3,3,4,1,4,1,3,3,33,12.0,0
Female,Loyal Customer,75,Business travel,Business,187,2,5,5,5,5,4,4,3,3,3,2,2,3,4,0,0.0,1
Male,Loyal Customer,55,Business travel,Business,2096,1,1,2,1,2,5,4,4,4,4,4,4,4,5,25,22.0,1
Female,disloyal Customer,44,Business travel,Business,760,2,2,2,3,1,2,1,1,5,2,4,5,4,1,4,24.0,0
Female,Loyal Customer,43,Business travel,Eco,272,4,3,3,3,2,1,4,4,4,4,4,3,4,2,0,0.0,0
Female,disloyal Customer,29,Business travel,Eco,711,2,2,2,4,4,2,4,4,4,5,3,3,3,4,19,10.0,1
Male,Loyal Customer,28,Business travel,Eco,651,1,3,3,3,1,1,1,1,3,3,3,4,4,1,0,0.0,0
Female,Loyal Customer,17,Personal Travel,Eco,895,2,5,2,1,2,2,5,2,3,5,4,4,5,2,5,7.0,0
Male,Loyal Customer,32,Business travel,Business,3467,0,5,1,3,3,3,3,3,2,5,3,3,4,3,0,0.0,0
Male,disloyal Customer,24,Business travel,Eco,416,3,0,3,1,4,3,4,4,2,4,3,5,2,4,89,0.0,1
Male,Loyal Customer,43,Business travel,Business,3723,2,2,2,2,4,4,5,2,2,2,2,5,2,5,5,10.0,1
Female,Loyal Customer,42,Personal Travel,Eco,468,1,4,1,3,2,4,3,3,3,1,1,1,3,1,0,0.0,0
Female,Loyal Customer,38,Business travel,Business,308,3,3,4,3,3,4,5,4,4,4,4,3,4,2,0,0.0,1
Male,disloyal Customer,25,Business travel,Eco,2475,2,2,2,4,2,2,2,4,1,4,4,2,4,2,0,0.0,0
Female,Loyal Customer,60,Business travel,Business,1733,1,0,0,3,5,1,2,4,4,0,4,2,4,3,3,0.0,0
Male,Loyal Customer,44,Business travel,Business,3647,5,5,2,5,1,3,4,5,5,5,5,5,5,2,0,0.0,1
Female,Loyal Customer,62,Business travel,Business,306,1,1,1,1,2,2,3,1,1,1,1,2,1,2,10,5.0,0
Male,disloyal Customer,38,Business travel,Business,351,3,4,4,3,5,4,2,5,1,4,5,5,4,5,0,0.0,1
Male,Loyal Customer,41,Business travel,Business,728,5,5,5,5,5,5,5,2,2,2,2,3,2,5,0,0.0,1
Female,disloyal Customer,22,Business travel,Eco,838,4,4,4,2,2,4,2,2,1,2,2,2,5,2,0,0.0,0
Male,Loyal Customer,38,Business travel,Business,1674,5,5,5,5,3,4,5,4,4,4,4,4,4,5,0,0.0,1
Female,Loyal Customer,30,Personal Travel,Eco,1065,0,5,1,4,1,1,1,1,3,2,5,5,4,1,61,52.0,0
Male,Loyal Customer,62,Personal Travel,Eco,665,3,2,3,3,5,3,5,5,3,5,4,2,4,5,0,2.0,1
Male,Loyal Customer,46,Personal Travel,Eco,867,4,3,4,4,4,4,4,4,1,5,4,3,4,4,0,0.0,1
Female,Loyal Customer,63,Personal Travel,Eco,216,4,2,0,4,3,3,4,4,4,0,1,4,4,1,0,0.0,0
Female,Loyal Customer,68,Personal Travel,Eco,2267,4,5,4,1,4,3,4,2,2,4,2,5,2,3,0,0.0,0
Female,Loyal Customer,70,Personal Travel,Eco,850,2,5,2,4,2,4,2,4,3,4,4,2,4,2,135,150.0,0
Male,Loyal Customer,48,Business travel,Business,3198,3,3,5,3,4,4,5,5,5,5,4,5,5,3,1,2.0,1
Male,Loyal Customer,47,Business travel,Business,2750,3,3,3,3,5,4,4,5,5,5,5,5,5,5,19,26.0,1
Male,disloyal Customer,24,Business travel,Eco,337,4,0,4,1,2,4,2,2,3,5,5,3,4,2,25,35.0,0
Male,disloyal Customer,36,Business travel,Eco,737,3,3,3,5,5,3,5,5,1,2,5,2,2,5,44,32.0,1
Male,Loyal Customer,25,Personal Travel,Eco,846,4,5,4,1,3,4,3,3,5,2,5,4,4,3,0,0.0,1
Female,Loyal Customer,38,Business travel,Business,1460,2,2,2,2,3,4,5,3,3,3,3,5,3,4,6,0.0,1
Male,Loyal Customer,43,Business travel,Business,3059,4,4,4,4,3,4,5,4,4,4,4,5,4,4,56,65.0,1
Female,Loyal Customer,52,Personal Travel,Eco,1874,3,4,3,4,3,3,4,1,1,3,1,4,1,5,0,0.0,0
Female,Loyal Customer,50,Business travel,Business,1947,5,5,5,5,5,5,5,4,4,4,4,3,4,5,0,3.0,1
Male,Loyal Customer,36,Business travel,Business,89,4,4,4,4,3,5,4,5,5,5,3,5,5,2,0,4.0,1
Female,Loyal Customer,37,Personal Travel,Eco,1217,2,1,2,3,5,2,5,5,3,2,4,2,3,5,3,1.0,1
Female,disloyal Customer,36,Business travel,Business,404,2,2,2,1,4,2,4,4,4,2,5,4,5,4,19,28.0,1
Female,Loyal Customer,50,Business travel,Eco,671,2,1,1,1,1,2,2,2,2,2,2,4,2,1,0,0.0,0
Female,Loyal Customer,11,Personal Travel,Eco Plus,214,2,3,2,5,2,2,2,2,1,5,1,5,2,2,0,0.0,0
Male,Loyal Customer,25,Business travel,Business,3601,3,3,3,3,4,4,4,4,4,5,5,3,4,4,0,0.0,1
Female,Loyal Customer,59,Business travel,Business,853,1,1,2,1,2,5,4,5,5,4,5,5,5,5,0,0.0,1
Male,Loyal Customer,36,Personal Travel,Eco Plus,204,2,5,2,1,4,2,4,4,2,2,4,5,4,4,0,0.0,1
Female,Loyal Customer,9,Personal Travel,Eco,295,1,5,4,3,1,4,1,1,4,5,5,5,2,1,16,0.0,0
Male,Loyal Customer,31,Business travel,Business,1147,2,2,2,2,5,5,5,5,5,2,5,4,4,5,12,67.0,1
Male,Loyal Customer,52,Personal Travel,Business,2586,3,1,3,2,3,2,2,4,3,3,3,2,4,2,163,123.0,0
Female,Loyal Customer,40,Personal Travel,Eco,1211,5,4,5,3,3,5,3,3,2,5,3,2,3,3,0,0.0,1
Female,Loyal Customer,9,Personal Travel,Eco,1416,2,5,2,4,2,2,1,2,2,1,4,2,3,2,0,0.0,0
Female,Loyal Customer,70,Personal Travel,Eco,531,3,5,3,2,2,4,4,5,5,3,5,4,5,4,14,3.0,1
Male,Loyal Customer,9,Personal Travel,Eco,646,3,5,3,2,1,3,1,1,5,3,2,1,3,1,0,0.0,0
Male,Loyal Customer,47,Business travel,Business,427,4,4,4,4,5,4,4,4,4,4,4,3,4,3,0,0.0,1
Female,Loyal Customer,49,Business travel,Business,2886,4,4,4,4,2,5,5,5,5,5,5,4,5,5,5,3.0,1
Female,Loyal Customer,38,Personal Travel,Eco,86,1,5,1,3,3,1,3,3,1,2,2,3,2,3,6,0.0,0
Male,Loyal Customer,21,Personal Travel,Eco,723,2,2,2,4,4,2,3,4,4,1,4,2,3,4,0,0.0,0
Female,Loyal Customer,46,Business travel,Business,1346,4,4,4,4,3,5,5,3,3,2,3,5,3,3,0,0.0,1
Male,disloyal Customer,27,Business travel,Business,1721,3,3,3,5,4,3,4,4,3,3,4,5,5,4,0,0.0,1
Male,Loyal Customer,52,Business travel,Business,761,3,3,2,3,4,5,5,4,4,4,4,4,4,4,0,0.0,1
Male,Loyal Customer,39,Business travel,Business,557,2,4,4,4,3,3,4,2,2,2,2,4,2,1,58,40.0,0
Male,Loyal Customer,33,Personal Travel,Eco,748,2,4,2,5,1,2,5,1,3,4,4,3,4,1,0,0.0,0
Male,disloyal Customer,26,Business travel,Business,861,2,2,2,1,3,2,3,3,3,5,4,3,4,3,0,0.0,0
Male,Loyal Customer,37,Business travel,Eco,846,3,4,4,4,3,3,3,3,2,3,4,2,3,3,0,0.0,0
Male,disloyal Customer,23,Business travel,Eco,507,2,3,2,1,4,2,4,4,5,5,4,5,2,4,0,0.0,1
Female,Loyal Customer,60,Business travel,Business,867,3,3,3,3,2,3,5,5,5,5,5,5,5,5,0,0.0,1
Female,disloyal Customer,23,Business travel,Eco,272,1,0,1,3,3,1,3,3,2,3,1,4,5,3,0,0.0,0
Female,Loyal Customer,48,Business travel,Business,1925,2,2,2,2,3,1,1,5,5,5,5,2,5,4,0,0.0,1
Female,Loyal Customer,39,Business travel,Business,2814,2,2,2,2,4,3,1,4,4,4,4,3,4,2,12,0.0,0
Female,disloyal Customer,27,Business travel,Eco,315,2,4,2,3,1,2,1,1,3,1,3,3,4,1,54,53.0,0
Female,Loyal Customer,39,Business travel,Eco,306,1,4,4,4,1,1,1,1,3,5,3,1,3,1,0,7.0,0
Male,Loyal Customer,50,Business travel,Eco,109,4,1,1,1,4,4,4,4,2,4,1,5,4,4,0,0.0,1
Female,Loyal Customer,22,Business travel,Eco,563,4,3,2,2,4,4,5,4,3,4,3,5,4,4,1,9.0,1
Male,Loyal Customer,34,Business travel,Business,1796,3,4,4,4,4,3,4,3,3,3,3,2,3,4,0,0.0,1
Male,Loyal Customer,43,Business travel,Business,2106,5,5,5,5,4,4,4,2,2,2,2,3,2,3,0,0.0,0
Male,Loyal Customer,27,Business travel,Business,3270,4,4,4,4,5,5,5,5,5,5,3,1,3,5,24,25.0,1
Female,disloyal Customer,31,Business travel,Eco,1185,1,1,1,3,5,1,5,5,2,2,3,4,5,5,0,0.0,1
Female,Loyal Customer,44,Business travel,Business,594,3,3,3,3,5,4,5,5,5,4,5,5,5,4,0,2.0,1
Male,Loyal Customer,65,Personal Travel,Eco,1009,3,4,4,1,5,4,5,5,1,4,1,3,2,5,4,7.0,1
Female,disloyal Customer,25,Business travel,Eco,602,4,1,4,3,4,4,5,4,3,4,4,2,3,4,18,18.0,1
Female,disloyal Customer,36,Business travel,Eco,423,2,5,2,3,4,2,4,4,1,4,4,2,5,4,0,0.0,1
Male,Loyal Customer,26,Business travel,Eco Plus,1011,4,2,2,2,4,4,3,4,1,2,3,3,3,4,0,1.0,0
Female,disloyal Customer,26,Business travel,Business,386,5,4,5,5,1,5,1,1,3,3,4,4,5,1,5,4.0,0
Male,Loyal Customer,38,Business travel,Business,3976,1,1,1,1,5,4,4,4,4,4,4,3,4,4,9,0.0,1
Male,Loyal Customer,8,Personal Travel,Eco,931,4,4,4,4,5,4,4,5,4,5,4,1,3,5,0,0.0,1
Male,disloyal Customer,22,Business travel,Eco,844,4,4,4,4,5,4,1,5,4,3,5,4,5,5,0,0.0,1
Male,disloyal Customer,52,Business travel,Business,547,3,3,3,4,4,3,4,4,4,5,5,4,5,4,0,0.0,1
Male,Loyal Customer,44,Business travel,Business,237,1,1,1,1,5,4,4,5,5,4,5,4,5,4,42,40.0,1
Male,Loyal Customer,36,Business travel,Eco,293,3,5,5,5,3,3,3,3,2,3,4,1,3,3,2,0.0,0
Male,Loyal Customer,8,Personal Travel,Eco,854,1,5,1,3,1,1,1,1,5,2,5,4,4,1,0,0.0,0
Female,disloyal Customer,21,Business travel,Eco,468,5,0,5,4,1,5,4,1,4,2,4,3,5,1,30,19.0,0
Female,Loyal Customer,36,Business travel,Business,3721,0,0,0,3,2,4,5,5,5,5,5,4,5,5,0,0.0,1
Female,Loyal Customer,59,Personal Travel,Eco,196,3,5,3,2,4,5,5,5,5,3,5,5,5,4,2,0.0,1
Male,Loyal Customer,40,Personal Travel,Eco,1587,4,4,4,3,2,4,2,2,3,5,4,3,4,2,55,68.0,0
Male,Loyal Customer,44,Business travel,Business,447,3,3,3,3,2,4,4,2,2,2,2,4,2,3,2,0.0,0
Male,Loyal Customer,68,Personal Travel,Eco,867,2,5,2,3,5,2,5,5,3,4,4,2,5,5,0,0.0,1
Male,disloyal Customer,27,Business travel,Eco,1235,4,4,4,2,5,4,5,5,1,3,3,3,3,5,13,6.0,1
Male,Loyal Customer,48,Business travel,Business,1981,5,5,5,5,3,5,4,5,5,5,5,5,5,5,0,0.0,1
Female,Loyal Customer,39,Business travel,Business,853,3,3,3,3,2,5,5,4,4,4,4,3,4,5,48,44.0,1
Male,Loyal Customer,27,Business travel,Business,1585,4,4,4,4,5,5,5,5,3,3,4,5,4,5,0,0.0,1
Male,Loyal Customer,35,Business travel,Eco,174,4,1,1,1,4,4,4,4,1,4,3,5,5,4,0,0.0,1
Male,disloyal Customer,20,Business travel,Eco,680,3,4,4,5,4,1,5,5,2,4,5,5,3,5,330,349.0,1
Male,Loyal Customer,39,Business travel,Business,3993,4,4,4,4,2,5,5,5,5,5,5,4,5,3,0,0.0,1
Female,Loyal Customer,25,Business travel,Eco,731,2,3,5,5,2,2,2,2,1,4,3,4,3,2,0,0.0,0
Male,Loyal Customer,68,Personal Travel,Eco,532,3,5,2,1,1,2,1,1,4,3,5,5,5,1,0,0.0,0
Male,Loyal Customer,23,Business travel,Business,1211,2,2,2,2,4,4,4,4,2,3,5,5,1,4,13,0.0,1
Male,Loyal Customer,48,Business travel,Business,2191,5,5,5,5,2,4,5,5,5,5,4,4,5,3,12,12.0,1
Male,Loyal Customer,31,Personal Travel,Eco,436,2,4,3,3,4,3,4,4,5,2,4,5,5,4,20,19.0,1
Male,Loyal Customer,26,Personal Travel,Business,872,1,1,1,2,4,1,4,4,3,2,1,2,2,4,22,38.0,0
Male,Loyal Customer,22,Business travel,Eco Plus,1069,1,5,2,5,1,1,2,1,2,4,2,4,2,1,0,4.0,0
Female,disloyal Customer,24,Business travel,Eco,532,2,0,2,4,3,2,4,3,4,2,5,4,4,3,0,0.0,0
Female,Loyal Customer,28,Personal Travel,Business,1216,3,1,3,3,5,3,5,5,1,1,4,3,4,5,3,0.0,1
Female,Loyal Customer,47,Business travel,Business,883,5,5,5,5,5,5,5,5,5,5,5,4,5,5,4,0.0,1
Female,Loyal Customer,37,Business travel,Business,1400,4,4,5,4,1,5,1,5,5,5,5,1,5,3,0,0.0,1
Female,Loyal Customer,52,Business travel,Eco Plus,125,4,2,2,2,4,5,3,4,4,4,4,5,4,2,0,3.0,1
Female,Loyal Customer,40,Business travel,Business,200,1,1,1,1,5,2,2,4,4,4,4,5,4,2,0,0.0,0
Male,disloyal Customer,22,Business travel,Eco,257,2,3,2,2,5,2,2,5,1,2,2,4,3,5,55,38.0,0
Female,Loyal Customer,60,Business travel,Business,3913,2,2,2,2,3,4,5,2,2,2,2,3,2,4,22,0.0,0
Male,Loyal Customer,47,Business travel,Business,2531,3,3,3,3,2,4,5,5,5,5,5,4,5,5,0,0.0,1
Female,Loyal Customer,59,Business travel,Business,1538,1,1,1,1,3,5,5,4,4,4,5,4,4,3,0,0.0,1
Female,disloyal Customer,37,Business travel,Business,1416,2,2,2,4,1,2,1,1,4,4,4,3,5,1,0,0.0,0
Female,Loyal Customer,47,Business travel,Business,719,5,5,5,5,3,4,5,4,4,4,4,4,4,5,0,3.0,1
Male,Loyal Customer,25,Business travel,Eco,704,3,1,3,1,3,3,3,3,1,5,3,1,4,3,0,0.0,0
Female,Loyal Customer,30,Personal Travel,Eco,689,4,5,4,1,1,4,1,1,1,3,4,5,4,1,0,0.0,0
Male,Loyal Customer,52,Personal Travel,Eco,1035,3,5,3,3,2,3,2,2,5,5,5,5,4,2,9,3.0,0
Female,Loyal Customer,66,Personal Travel,Eco Plus,1576,2,5,2,3,2,4,4,2,2,2,2,5,2,5,0,23.0,0
Male,disloyal Customer,39,Business travel,Business,1389,4,3,3,2,2,3,2,2,3,4,4,3,4,2,0,0.0,0
Male,Loyal Customer,52,Personal Travel,Eco,767,2,5,2,3,2,2,2,2,4,4,3,5,5,2,0,5.0,0
Male,Loyal Customer,28,Personal Travel,Business,862,2,3,2,3,4,2,4,4,4,5,3,1,2,4,51,39.0,1
Female,Loyal Customer,66,Personal Travel,Eco,680,3,4,3,4,3,5,5,3,3,3,3,4,3,5,1,19.0,1
Female,disloyal Customer,23,Business travel,Business,1378,0,0,0,4,5,0,2,5,4,4,5,3,5,5,4,0.0,1
Female,Loyal Customer,63,Business travel,Business,2849,3,3,3,3,2,4,4,4,4,4,4,3,4,4,39,55.0,1
Female,Loyal Customer,43,Business travel,Eco,262,4,3,3,3,5,4,1,4,4,4,4,5,4,5,0,0.0,1
Female,Loyal Customer,58,Business travel,Business,3403,2,2,2,2,5,4,4,4,4,5,4,4,4,4,26,7.0,1
Male,Loyal Customer,50,Business travel,Eco,1104,4,4,4,4,4,4,4,4,2,3,2,2,3,4,0,0.0,1
Female,Loyal Customer,21,Personal Travel,Eco,596,3,2,2,3,2,3,3,2,2,4,4,3,1,3,136,117.0,0
Female,Loyal Customer,53,Business travel,Business,238,0,0,0,4,3,5,4,1,1,1,1,1,1,1,0,0.0,0
Female,disloyal Customer,25,Business travel,Eco,562,3,4,3,3,5,3,2,5,2,3,2,2,1,5,2,0.0,0
Female,disloyal Customer,22,Business travel,Business,1269,0,5,0,3,1,0,1,1,5,5,4,4,4,1,0,0.0,0
Female,Loyal Customer,33,Business travel,Business,2079,1,1,4,1,3,3,5,3,3,4,3,5,3,5,0,0.0,1
Female,Loyal Customer,27,Personal Travel,Eco,486,2,2,1,4,1,1,5,1,4,4,4,3,4,1,0,0.0,0
Male,Loyal Customer,42,Business travel,Eco,817,4,2,2,2,4,4,4,4,3,4,3,1,5,4,0,1.0,1
Female,Loyal Customer,53,Business travel,Business,1861,5,5,5,5,2,3,5,5,5,5,5,4,5,1,0,0.0,1
Male,Loyal Customer,22,Personal Travel,Eco,317,4,4,4,3,4,4,4,4,5,3,5,4,3,4,0,0.0,1
Male,Loyal Customer,48,Business travel,Business,1460,3,3,3,3,2,4,4,5,5,5,5,5,5,5,0,6.0,1
Male,Loyal Customer,31,Business travel,Business,1900,2,3,3,3,2,2,2,2,4,4,4,3,4,2,0,0.0,0
Female,Loyal Customer,63,Personal Travel,Eco,315,2,2,2,2,5,1,2,4,4,2,4,3,4,1,85,89.0,0
Male,Loyal Customer,47,Personal Travel,Eco,366,1,2,1,3,5,1,5,5,1,2,4,3,4,5,0,0.0,1
Female,Loyal Customer,41,Business travel,Business,3215,5,5,5,5,4,4,5,5,5,5,5,3,5,4,0,0.0,1
Male,Loyal Customer,32,Business travel,Business,447,5,5,5,5,5,4,5,5,3,5,4,3,5,5,123,128.0,1
Female,Loyal Customer,32,Business travel,Business,562,2,2,2,2,4,4,4,4,5,4,5,4,5,4,0,0.0,1
Female,Loyal Customer,40,Business travel,Business,2586,2,2,2,2,4,4,4,3,5,5,4,4,5,4,313,320.0,1
Male,Loyal Customer,47,Business travel,Business,822,3,3,5,3,5,5,5,2,2,2,2,5,2,3,14,0.0,1
Female,Loyal Customer,43,Business travel,Business,3836,2,5,5,5,4,4,4,2,2,2,2,3,2,1,4,0.0,0
Female,Loyal Customer,56,Business travel,Business,1390,4,4,4,4,5,5,5,5,5,5,5,5,5,4,2,0.0,1
Female,Loyal Customer,66,Personal Travel,Eco,2681,1,4,1,3,1,2,2,3,1,3,5,2,4,2,0,0.0,0
Female,disloyal Customer,50,Business travel,Business,992,3,3,3,2,2,3,1,2,4,5,4,3,4,2,0,8.0,0
Female,Loyal Customer,40,Business travel,Eco,134,1,3,3,3,1,1,1,1,1,1,3,1,4,1,7,1.0,0
Male,Loyal Customer,52,Business travel,Business,1590,2,2,2,2,3,4,5,4,4,4,4,4,4,3,30,19.0,1
Male,disloyal Customer,23,Business travel,Eco,337,2,0,2,2,4,2,4,4,5,5,4,3,4,4,0,0.0,1
Female,Loyal Customer,57,Business travel,Business,354,2,2,2,2,5,5,5,5,5,5,5,5,5,3,0,0.0,1
Female,disloyal Customer,31,Business travel,Eco,946,2,2,2,3,2,2,2,2,4,3,4,2,4,2,0,0.0,0
Female,Loyal Customer,48,Business travel,Eco,1014,3,1,1,1,3,4,4,3,3,3,3,2,3,4,25,31.0,0
Female,Loyal Customer,24,Business travel,Business,399,1,1,1,1,5,5,5,5,2,1,3,2,1,5,0,0.0,1
Female,Loyal Customer,54,Personal Travel,Eco,1014,4,1,5,3,5,5,3,1,2,2,2,3,1,3,259,244.0,0
Female,Loyal Customer,29,Business travel,Business,834,5,5,5,5,5,5,5,5,3,3,5,5,4,5,0,0.0,1
Female,Loyal Customer,49,Business travel,Eco,246,5,1,1,1,1,4,4,5,5,5,5,2,5,4,0,0.0,1
Male,Loyal Customer,27,Business travel,Business,3875,3,3,3,3,5,5,5,5,1,4,4,5,2,5,0,0.0,1
Female,disloyal Customer,37,Business travel,Business,326,2,2,2,3,1,2,1,1,2,2,3,1,3,1,0,0.0,0
Female,Loyal Customer,34,Personal Travel,Eco,1076,2,5,2,1,3,2,3,3,5,5,4,4,5,3,42,47.0,1
Female,Loyal Customer,43,Business travel,Eco Plus,1014,3,1,4,1,3,3,3,3,3,3,3,3,3,3,24,23.0,0
Male,Loyal Customer,27,Business travel,Business,2139,2,2,2,2,3,3,3,3,3,2,4,4,4,3,0,0.0,0
Male,Loyal Customer,10,Personal Travel,Eco,427,1,2,1,2,5,1,5,5,4,1,3,1,2,5,78,46.0,0
Female,Loyal Customer,67,Personal Travel,Eco,607,2,4,2,2,3,4,4,2,2,2,2,3,2,3,2,0.0,0
Male,Loyal Customer,13,Personal Travel,Eco,318,2,1,2,3,2,2,1,2,1,3,4,3,4,2,0,0.0,0
Female,Loyal Customer,52,Business travel,Eco,989,4,3,3,3,1,5,1,4,4,4,4,4,4,4,0,15.0,1
Female,Loyal Customer,43,Business travel,Eco,1652,3,3,4,4,1,2,2,3,3,3,3,4,3,2,30,12.0,0
Male,Loyal Customer,49,Business travel,Business,3249,3,5,5,5,5,4,3,3,3,3,3,4,3,3,31,24.0,1
Male,Loyal Customer,32,Business travel,Business,2606,2,1,1,1,2,2,2,2,1,5,3,2,3,2,0,0.0,0
Male,disloyal Customer,35,Business travel,Business,280,1,1,1,4,2,1,2,2,1,5,4,4,4,2,4,22.0,0
Female,Loyal Customer,27,Personal Travel,Eco,2565,1,4,1,4,2,1,2,2,3,2,5,1,1,2,28,0.0,0
Female,Loyal Customer,15,Personal Travel,Eco,404,2,2,2,4,5,2,1,5,3,5,4,4,4,5,0,23.0,1
Male,Loyal Customer,24,Personal Travel,Eco,366,1,3,2,4,4,2,4,4,1,4,2,1,2,4,0,0.0,0
Female,Loyal Customer,47,Personal Travel,Business,201,4,5,4,5,2,4,1,1,1,4,1,2,1,5,0,0.0,0
Male,Loyal Customer,63,Business travel,Business,2952,1,1,1,1,5,3,1,5,5,5,5,2,5,4,0,3.0,1
Female,Loyal Customer,48,Business travel,Business,181,2,5,5,5,2,3,4,2,2,2,2,3,2,2,0,0.0,0
Male,Loyal Customer,10,Personal Travel,Business,157,4,4,4,5,1,4,1,1,4,2,5,3,5,1,3,96.0,0
Female,disloyal Customer,36,Business travel,Business,251,3,3,3,3,5,3,5,5,5,4,4,3,5,5,6,1.0,1
Male,Loyal Customer,29,Business travel,Eco,846,4,4,4,4,4,4,4,4,1,3,3,3,3,4,0,0.0,1
Male,Loyal Customer,21,Personal Travel,Eco,951,2,4,2,5,3,2,3,3,2,5,5,4,4,3,0,0.0,0
Male,Loyal Customer,67,Personal Travel,Eco,948,3,2,3,3,1,3,1,1,3,5,3,2,3,1,0,0.0,0
Male,Loyal Customer,35,Personal Travel,Eco,1298,5,5,5,3,2,5,2,2,4,3,3,5,4,2,0,0.0,0
Male,Loyal Customer,46,Personal Travel,Eco Plus,594,4,5,3,4,5,3,5,5,2,3,5,4,4,5,0,0.0,1
Female,Loyal Customer,44,Business travel,Business,1545,3,3,3,3,3,4,4,5,5,5,5,4,5,3,0,2.0,1
Male,Loyal Customer,42,Business travel,Eco Plus,591,4,1,1,1,4,4,4,4,3,4,4,1,4,4,1,0.0,1
Female,disloyal Customer,26,Business travel,Eco,347,3,0,2,4,3,2,3,3,4,3,3,4,3,3,0,0.0,0
Female,Loyal Customer,51,Business travel,Eco Plus,834,5,2,2,2,5,5,5,2,1,3,5,5,2,5,104,149.0,1
Female,Loyal Customer,16,Business travel,Business,612,2,3,3,3,2,2,2,2,1,3,3,4,4,2,33,33.0,0
Female,Loyal Customer,50,Business travel,Business,3360,1,1,1,1,4,5,5,4,4,4,4,5,4,5,45,36.0,1
Female,Loyal Customer,66,Personal Travel,Eco,235,3,1,3,4,2,3,3,2,2,3,2,1,2,3,26,56.0,0
Female,disloyal Customer,18,Business travel,Eco,588,2,4,3,4,4,3,4,4,3,1,4,2,4,4,16,10.0,1
Male,disloyal Customer,26,Business travel,Eco,692,3,3,3,3,5,3,5,5,4,5,3,1,4,5,9,13.0,1
Male,disloyal Customer,38,Business travel,Eco,986,1,1,1,1,3,1,3,3,3,2,1,4,3,3,0,0.0,0
Male,Loyal Customer,40,Personal Travel,Eco Plus,588,2,5,2,2,2,2,2,2,4,5,4,4,5,2,0,0.0,0
Male,Loyal Customer,32,Business travel,Business,1512,3,4,4,4,3,3,3,3,1,4,3,1,3,3,56,70.0,0
Female,Loyal Customer,37,Business travel,Business,564,1,1,1,1,1,4,4,1,1,1,1,4,1,3,5,0.0,0
Female,disloyal Customer,39,Business travel,Business,425,2,2,2,2,2,2,2,2,5,5,1,5,4,2,0,0.0,0
Female,Loyal Customer,33,Business travel,Business,1723,4,4,4,4,2,1,4,4,4,4,4,5,4,2,0,0.0,1
Male,Loyal Customer,45,Business travel,Business,3709,4,4,4,4,3,5,1,4,4,4,4,4,4,3,0,2.0,1
Female,Loyal Customer,46,Business travel,Eco,1617,2,2,5,5,3,2,2,2,2,2,2,4,2,1,11,13.0,0
Female,Loyal Customer,27,Business travel,Business,2295,1,1,2,1,4,4,4,4,5,2,5,4,4,4,18,15.0,1
Female,disloyal Customer,36,Business travel,Eco,359,3,1,3,4,3,3,3,3,3,1,4,3,4,3,42,35.0,0
Female,disloyal Customer,25,Business travel,Eco Plus,1750,2,3,2,3,2,2,2,2,1,3,2,3,4,2,6,3.0,0
Female,Loyal Customer,45,Business travel,Business,1801,1,1,1,1,5,4,5,4,4,4,4,5,4,4,0,0.0,1
Female,Loyal Customer,33,Personal Travel,Eco,67,2,5,2,4,4,2,4,4,5,4,5,4,4,4,0,0.0,1
Female,disloyal Customer,38,Business travel,Eco Plus,308,2,2,2,3,4,2,4,4,3,2,4,1,4,4,22,17.0,0
Male,Loyal Customer,49,Business travel,Eco,251,1,4,4,4,2,1,2,2,3,2,2,1,2,2,0,0.0,0
Male,Loyal Customer,48,Business travel,Business,1592,4,1,1,1,4,2,3,4,4,4,4,1,4,3,10,0.0,1
Female,Loyal Customer,21,Business travel,Business,1749,5,5,5,5,4,4,4,4,3,5,5,5,4,4,0,0.0,1
Male,Loyal Customer,7,Personal Travel,Eco,733,2,3,2,5,3,2,3,3,5,4,5,4,4,3,3,0.0,0
Female,Loyal Customer,41,Business travel,Business,2469,5,5,5,5,3,4,4,5,5,5,5,5,5,4,0,0.0,1
Male,Loyal Customer,45,Personal Travel,Business,315,1,4,1,4,3,4,4,2,2,1,4,4,2,3,50,47.0,0
Male,Loyal Customer,26,Business travel,Business,1977,3,5,5,5,3,3,3,3,4,2,4,1,3,3,66,63.0,0
Female,Loyal Customer,39,Business travel,Business,432,1,1,1,1,1,1,5,2,2,2,2,4,2,1,0,0.0,0
Male,Loyal Customer,32,Personal Travel,Eco,1481,4,5,4,3,5,4,5,5,4,4,3,3,5,5,0,0.0,1
Male,Loyal Customer,35,Personal Travel,Eco,488,2,0,3,2,5,3,4,5,5,4,5,5,4,5,21,35.0,1
Female,Loyal Customer,44,Personal Travel,Eco,1744,3,4,3,1,3,5,4,4,4,3,4,4,4,3,0,0.0,1
Female,Loyal Customer,56,Personal Travel,Eco,361,2,5,2,3,4,5,4,1,1,2,1,5,1,3,0,3.0,0
Female,Loyal Customer,58,Business travel,Eco,925,3,2,2,2,5,3,2,3,3,3,3,4,3,4,0,0.0,0
Male,Loyal Customer,58,Personal Travel,Eco,534,3,4,3,3,2,3,2,2,5,2,5,3,4,2,0,0.0,0
Female,Loyal Customer,36,Personal Travel,Eco,414,2,2,2,4,2,1,2,3,1,4,3,2,1,2,147,157.0,0
Female,Loyal Customer,49,Business travel,Business,2119,2,2,2,2,2,4,5,5,5,5,5,3,5,5,0,0.0,1
Male,Loyal Customer,53,Business travel,Business,868,4,4,4,4,4,4,5,3,3,3,3,5,3,5,0,0.0,1
Male,Loyal Customer,29,Business travel,Business,3610,3,2,2,2,3,2,3,3,1,3,2,4,2,3,1,6.0,0
Male,Loyal Customer,69,Personal Travel,Eco,853,5,1,5,2,3,5,3,3,4,1,2,4,2,3,0,0.0,0
Male,Loyal Customer,49,Business travel,Business,1605,2,2,2,2,5,4,4,5,5,5,5,5,5,4,0,0.0,1
Male,Loyal Customer,56,Business travel,Business,241,2,2,2,2,5,1,2,4,4,4,4,3,4,1,0,0.0,0
Male,Loyal Customer,9,Personal Travel,Eco,1389,5,4,5,2,4,5,4,4,2,3,4,3,2,4,0,0.0,1
Female,Loyal Customer,54,Business travel,Business,1544,1,1,1,1,3,4,5,5,5,4,5,3,5,3,6,1.0,1
Male,Loyal Customer,15,Personal Travel,Eco,1217,2,3,2,5,5,2,4,5,2,3,4,3,4,5,15,4.0,1
Male,Loyal Customer,56,Business travel,Business,1558,1,1,3,1,2,4,4,4,4,4,4,5,4,5,33,18.0,1
Male,Loyal Customer,16,Business travel,Eco,588,5,1,1,1,5,5,5,5,2,4,2,5,2,5,0,0.0,1
Male,Loyal Customer,38,Business travel,Business,3185,5,5,2,5,1,2,2,4,4,4,5,1,4,4,0,0.0,1
Female,disloyal Customer,8,Business travel,Eco,812,3,4,4,3,4,4,5,4,4,2,4,3,4,4,0,0.0,1
Female,Loyal Customer,46,Business travel,Business,3399,3,3,3,3,5,4,4,4,4,5,4,5,4,4,0,0.0,1
Male,Loyal Customer,57,Business travel,Business,1578,5,5,5,5,2,5,1,4,4,4,4,3,4,5,0,5.0,1
Male,Loyal Customer,14,Personal Travel,Eco Plus,1744,3,4,3,2,2,3,2,2,3,5,4,3,5,2,72,80.0,0
Female,disloyal Customer,50,Business travel,Eco,100,1,2,1,3,2,1,2,2,3,2,3,4,4,2,0,10.0,0
Female,disloyal Customer,23,Business travel,Eco,1242,3,3,3,2,4,3,1,4,4,5,1,4,3,4,0,0.0,0
Female,disloyal Customer,43,Business travel,Eco,552,3,4,3,5,4,3,4,4,2,1,3,2,2,4,35,25.0,0
Female,Loyal Customer,59,Business travel,Eco,1154,3,4,4,4,4,2,2,3,3,3,3,4,3,4,6,0.0,0
Female,disloyal Customer,24,Business travel,Eco,641,1,0,1,5,3,1,3,3,3,2,1,3,1,3,0,0.0,0
Female,disloyal Customer,26,Business travel,Eco,817,3,3,3,4,2,3,3,2,3,2,3,3,4,2,0,0.0,0
Female,Loyal Customer,21,Personal Travel,Eco,192,2,5,2,5,2,2,2,2,3,4,5,3,5,2,3,4.0,0
Female,Loyal Customer,7,Personal Travel,Business,236,3,5,0,4,3,0,2,3,5,3,5,3,5,3,0,0.0,0
Female,Loyal Customer,32,Business travel,Eco,2125,3,5,5,5,3,3,3,3,4,5,4,2,4,3,0,0.0,1
Male,Loyal Customer,48,Personal Travel,Eco,2442,1,5,1,2,4,1,4,4,5,5,5,4,4,4,73,48.0,1
Female,Loyal Customer,50,Business travel,Business,3649,3,3,3,3,3,5,4,5,5,5,5,3,5,5,0,1.0,1
Male,disloyal Customer,16,Business travel,Eco,862,2,3,3,4,4,3,2,4,3,4,5,5,5,4,0,1.0,1
Female,Loyal Customer,22,Business travel,Business,760,2,2,2,2,2,2,2,2,4,4,5,3,2,2,0,6.0,0
Female,Loyal Customer,38,Personal Travel,Eco,250,1,5,1,5,5,1,1,5,4,2,4,5,4,5,36,44.0,1
Female,Loyal Customer,46,Business travel,Business,267,5,5,5,5,5,2,4,5,5,5,5,3,5,4,0,4.0,1
Male,Loyal Customer,17,Personal Travel,Eco,1616,3,4,2,5,5,2,5,5,3,2,4,4,4,5,0,0.0,1
Female,Loyal Customer,30,Business travel,Eco Plus,834,3,5,1,5,3,3,3,3,2,1,3,3,3,3,0,0.0,0
Male,Loyal Customer,47,Business travel,Business,3200,0,0,0,3,5,1,3,4,4,4,4,4,4,2,0,0.0,1
Male,disloyal Customer,27,Business travel,Eco,918,5,5,5,3,5,1,1,5,3,3,4,1,1,1,0,0.0,0
Male,Loyal Customer,50,Business travel,Eco,414,3,1,2,2,3,3,3,3,1,1,3,3,2,3,0,0.0,0
Female,Loyal Customer,44,Business travel,Business,2709,2,2,2,2,3,5,5,5,5,5,5,4,5,5,0,0.0,1
Female,Loyal Customer,51,Business travel,Business,3547,4,4,4,4,3,5,5,4,4,4,4,5,4,5,0,0.0,1
Male,Loyal Customer,33,Personal Travel,Eco Plus,751,4,4,5,3,2,5,2,2,5,4,2,5,4,2,48,51.0,0
Female,Loyal Customer,52,Personal Travel,Eco,814,4,4,4,3,2,5,5,2,2,4,2,5,2,5,0,0.0,1
Male,Loyal Customer,64,Personal Travel,Eco,500,2,5,2,2,4,2,4,4,5,2,4,4,5,4,0,0.0,1
Female,disloyal Customer,58,Business travel,Eco,304,1,2,1,2,1,1,1,1,4,3,2,1,3,1,0,0.0,0
Female,Loyal Customer,57,Personal Travel,Eco,853,4,5,4,3,3,4,4,4,4,4,4,4,4,3,0,9.0,1
Female,Loyal Customer,24,Business travel,Business,2233,1,1,1,1,4,4,4,4,1,4,1,4,1,4,0,5.0,0
Male,Loyal Customer,21,Business travel,Business,1561,4,4,4,4,5,5,5,5,4,1,2,3,1,5,0,0.0,1
Male,Loyal Customer,33,Business travel,Eco,337,5,1,1,1,5,4,5,5,3,1,3,1,4,5,0,0.0,1
Female,Loyal Customer,55,Business travel,Business,1372,1,5,5,5,1,3,3,1,1,1,1,2,1,2,0,0.0,0
Female,Loyal Customer,38,Business travel,Business,3192,2,2,3,2,4,5,5,5,5,5,5,4,5,5,0,0.0,1
Female,Loyal Customer,43,Personal Travel,Eco,585,1,4,1,4,1,2,2,5,2,4,5,2,4,2,236,230.0,0
Male,Loyal Customer,68,Personal Travel,Eco,651,2,4,2,1,3,2,3,3,5,4,3,5,4,3,17,11.0,0
Male,Loyal Customer,48,Business travel,Business,2809,1,1,1,1,2,4,3,1,1,2,1,4,1,4,0,0.0,0
Male,Loyal Customer,33,Business travel,Business,3616,4,4,4,4,2,2,2,2,3,2,4,4,5,2,8,40.0,0
Female,Loyal Customer,55,Personal Travel,Eco,284,2,2,2,4,1,4,3,4,4,2,4,2,4,1,0,0.0,0
Male,Loyal Customer,20,Personal Travel,Eco,187,4,5,4,3,2,4,2,2,5,3,5,3,4,2,1,0.0,0
Female,Loyal Customer,54,Personal Travel,Eco,1616,1,5,2,5,2,4,4,3,3,2,3,4,3,5,0,8.0,0
Female,Loyal Customer,56,Business travel,Business,550,1,1,1,1,3,4,4,4,4,4,4,5,4,4,0,0.0,1
Female,Loyal Customer,10,Personal Travel,Eco,1199,1,5,1,2,3,1,3,3,3,4,4,1,3,3,0,0.0,0
Female,Loyal Customer,22,Personal Travel,Eco,2565,1,4,1,1,5,1,5,5,4,1,5,2,3,5,0,0.0,1
Male,Loyal Customer,37,Personal Travel,Eco,322,2,5,2,4,4,2,4,4,4,3,3,2,3,4,0,0.0,0
Female,Loyal Customer,50,Business travel,Business,2574,2,5,5,5,4,3,4,2,2,2,2,4,2,4,4,12.0,0
Female,Loyal Customer,16,Personal Travel,Eco,1045,4,5,4,3,5,4,5,5,4,2,5,5,4,5,0,0.0,1
Female,disloyal Customer,27,Business travel,Eco,414,3,4,3,4,5,3,3,5,3,4,3,3,4,5,1,6.0,1
Female,Loyal Customer,39,Business travel,Business,3514,2,2,2,2,5,4,4,4,4,4,5,3,4,4,0,10.0,1
Male,Loyal Customer,41,Business travel,Business,395,4,4,4,4,3,4,4,5,5,5,5,3,5,5,8,8.0,1
Male,Loyal Customer,38,Business travel,Business,728,3,2,2,2,1,3,2,3,3,2,3,4,3,1,28,30.0,0
Male,Loyal Customer,48,Business travel,Business,733,1,1,1,1,4,5,5,5,5,5,5,3,5,3,13,7.0,1
Male,Loyal Customer,20,Personal Travel,Eco,867,5,4,5,1,3,5,3,3,4,5,5,3,5,3,31,23.0,1
Female,Loyal Customer,52,Business travel,Eco Plus,852,5,4,4,4,5,5,5,5,5,5,5,1,5,2,0,0.0,1
Male,Loyal Customer,55,Personal Travel,Eco,1028,2,5,2,3,3,2,5,3,3,2,4,4,4,3,19,8.0,0
Male,Loyal Customer,69,Personal Travel,Eco,253,1,4,1,2,5,1,5,5,4,4,5,5,5,5,0,0.0,1
Female,disloyal Customer,28,Business travel,Business,1460,1,1,1,4,5,1,5,5,4,5,5,5,5,5,0,0.0,1
Female,Loyal Customer,47,Business travel,Business,1773,3,3,3,3,3,5,5,4,4,4,4,3,4,4,0,4.0,1
Female,Loyal Customer,59,Business travel,Eco,937,3,1,1,1,1,3,4,3,3,3,3,4,3,3,17,30.0,0
Female,disloyal Customer,20,Business travel,Eco,416,2,3,2,4,5,2,5,5,3,3,4,1,4,5,0,0.0,1
Female,Loyal Customer,43,Personal Travel,Eco,399,3,4,3,2,3,4,4,4,4,3,4,3,4,3,0,6.0,1
Female,disloyal Customer,39,Business travel,Business,89,2,2,2,1,4,2,4,4,5,3,4,4,4,4,0,44.0,1
Male,Loyal Customer,61,Personal Travel,Eco,1033,3,5,4,3,3,4,3,3,4,5,5,4,5,3,1,0.0,1
Female,Loyal Customer,21,Business travel,Eco Plus,1005,1,4,4,4,1,1,2,1,4,1,4,4,3,1,1,11.0,0
Male,Loyal Customer,28,Business travel,Business,3066,5,5,5,5,2,2,2,2,5,3,4,4,3,2,29,0.0,0
Male,Loyal Customer,35,Business travel,Eco,305,3,4,4,4,3,3,3,3,1,3,3,2,4,3,5,0.0,0
Male,Loyal Customer,50,Business travel,Business,594,1,5,3,5,5,4,4,1,1,1,1,4,1,4,0,2.0,0
Male,Loyal Customer,27,Business travel,Business,197,4,4,4,4,4,4,4,4,4,4,4,4,5,4,1,0.0,1
Female,Loyal Customer,11,Personal Travel,Eco Plus,503,1,3,1,3,2,1,2,2,4,4,2,2,3,2,0,0.0,0
Male,Loyal Customer,47,Business travel,Business,3271,1,1,1,1,4,4,5,5,5,5,5,3,5,5,34,46.0,1
Male,Loyal Customer,30,Business travel,Business,3156,2,4,4,4,1,1,2,1,2,2,3,2,3,1,0,0.0,0
Male,Loyal Customer,48,Business travel,Business,1205,4,3,4,4,5,5,4,5,5,5,5,4,5,3,0,0.0,1
Female,Loyal Customer,56,Business travel,Business,646,1,1,4,1,3,4,5,4,4,4,4,3,4,4,0,0.0,1
Male,Loyal Customer,51,Personal Travel,Eco,368,1,4,1,3,4,1,1,4,3,2,4,4,3,4,0,0.0,0
Female,Loyal Customer,10,Personal Travel,Eco,224,4,4,4,4,2,4,2,2,3,4,4,3,4,2,95,94.0,0
Male,disloyal Customer,28,Business travel,Business,562,1,1,1,5,3,1,4,3,3,4,5,5,4,3,8,0.0,0
Male,Loyal Customer,9,Personal Travel,Eco,469,2,4,5,1,4,5,4,4,5,5,4,4,4,4,115,116.0,1
Male,Loyal Customer,51,Business travel,Business,1346,1,1,1,1,5,5,4,5,5,5,5,4,5,3,11,0.0,1
Male,Loyal Customer,67,Business travel,Business,2659,1,1,1,1,1,3,3,1,1,1,1,1,1,1,0,0.0,0
Male,Loyal Customer,67,Personal Travel,Eco,481,2,5,4,5,3,4,3,3,3,3,1,1,4,3,0,0.0,0
Female,Loyal Customer,36,Business travel,Eco Plus,305,4,4,4,4,4,4,4,4,4,1,2,3,3,4,26,21.0,1
Female,disloyal Customer,57,Business travel,Eco,945,4,4,4,4,3,4,1,3,2,4,4,1,4,3,37,12.0,0
Male,Loyal Customer,50,Business travel,Business,983,1,1,1,1,2,5,5,2,2,2,2,5,2,4,0,0.0,0
Female,Loyal Customer,55,Personal Travel,Eco,395,3,3,3,3,5,4,4,2,2,3,2,4,2,3,126,127.0,0
Male,disloyal Customer,36,Business travel,Eco,1119,3,3,3,3,5,3,5,5,1,4,3,4,2,5,0,0.0,1
Male,disloyal Customer,25,Business travel,Eco,551,3,1,3,2,3,3,3,3,3,3,2,2,2,3,4,13.0,0
Female,disloyal Customer,26,Business travel,Eco,789,1,0,0,5,2,0,2,2,5,5,1,5,2,2,0,0.0,0
Female,Loyal Customer,39,Business travel,Business,967,5,5,5,5,5,4,4,5,5,5,5,3,5,5,0,0.0,1
Male,Loyal Customer,43,Business travel,Business,588,3,3,3,3,2,4,5,3,3,3,3,5,3,3,2,0.0,1
Male,Loyal Customer,43,Personal Travel,Eco,868,3,2,3,3,2,3,2,2,1,5,4,2,4,2,0,9.0,0
Female,Loyal Customer,69,Personal Travel,Eco,992,2,5,2,2,2,4,5,5,5,2,5,5,5,3,31,14.0,1
Male,disloyal Customer,27,Business travel,Eco,1106,4,4,4,1,2,4,2,2,4,2,3,2,2,2,0,0.0,0
Male,Loyal Customer,34,Personal Travel,Eco,842,3,2,3,2,4,3,4,4,4,1,3,1,2,4,0,0.0,0
Female,Loyal Customer,40,Business travel,Business,1671,4,4,4,4,4,4,5,4,4,4,4,4,4,5,0,0.0,1
Female,disloyal Customer,8,Business travel,Business,541,2,2,2,3,4,2,4,4,3,4,4,1,4,4,0,9.0,1
Male,Loyal Customer,37,Business travel,Business,331,3,2,2,2,1,2,3,3,3,3,3,2,3,3,0,0.0,0
Female,Loyal Customer,46,Business travel,Business,550,4,4,4,4,3,5,5,3,3,4,3,4,3,5,0,0.0,1
Male,Loyal Customer,31,Personal Travel,Eco,1042,1,4,1,3,3,1,4,3,3,3,5,3,4,3,2,2.0,0
Male,Loyal Customer,35,Business travel,Eco,370,1,3,3,3,1,1,1,1,3,5,3,3,4,1,7,2.0,0
Female,Loyal Customer,51,Business travel,Business,591,2,2,2,2,2,4,5,5,5,5,5,5,5,3,42,28.0,1
Male,Loyal Customer,50,Business travel,Business,3114,4,4,4,4,5,5,4,5,5,5,4,3,5,3,0,6.0,1
Male,Loyal Customer,59,Business travel,Business,1758,2,2,2,2,3,4,5,4,4,4,4,3,4,5,10,12.0,1
Female,disloyal Customer,23,Business travel,Business,507,0,2,0,5,2,0,2,2,3,5,4,3,5,2,4,0.0,0
Male,Loyal Customer,55,Business travel,Business,2542,5,3,5,5,2,5,5,4,4,4,4,5,4,5,0,8.0,1
Female,Loyal Customer,39,Personal Travel,Eco,2345,3,4,3,4,4,3,4,4,1,4,4,3,4,4,5,11.0,1
Male,Loyal Customer,47,Personal Travel,Eco,164,2,4,2,2,4,2,4,4,4,2,5,4,4,4,0,0.0,1
Female,Loyal Customer,52,Business travel,Business,1774,3,3,3,3,2,2,5,4,4,4,4,3,4,4,0,0.0,1
Male,Loyal Customer,27,Business travel,Business,1046,5,5,4,5,5,5,5,5,1,2,3,1,2,5,0,5.0,1
Male,Loyal Customer,15,Business travel,Eco,828,3,3,3,3,3,4,3,2,4,4,3,3,3,3,342,364.0,0
Male,Loyal Customer,32,Personal Travel,Eco Plus,358,2,5,2,1,5,2,5,5,5,5,5,3,4,5,0,0.0,1
Male,Loyal Customer,42,Personal Travel,Eco,287,3,3,3,4,2,3,2,2,2,2,5,2,2,2,26,23.0,0
Female,Loyal Customer,60,Business travel,Eco,356,4,5,5,5,3,2,3,4,4,4,4,4,4,2,0,0.0,1
Male,Loyal Customer,38,Business travel,Eco,337,2,5,2,5,2,2,2,2,2,5,3,1,4,2,87,89.0,0
Male,disloyal Customer,19,Business travel,Eco,990,2,2,2,3,3,2,3,3,3,1,4,1,4,3,0,0.0,0
Female,Loyal Customer,51,Business travel,Business,1371,4,4,4,4,3,5,4,4,4,4,4,5,4,5,0,0.0,1
Male,Loyal Customer,39,Business travel,Business,1956,4,4,3,4,3,4,4,3,3,3,3,5,3,5,5,0.0,1
Male,Loyal Customer,17,Personal Travel,Eco,294,2,5,2,4,1,2,1,1,3,4,4,4,4,1,10,9.0,0
Male,Loyal Customer,57,Business travel,Business,2865,2,2,1,2,5,5,4,5,5,5,5,3,5,5,25,16.0,1
Male,Loyal Customer,14,Personal Travel,Eco,118,3,1,0,1,2,0,2,2,2,2,2,2,1,2,52,43.0,0
Male,Loyal Customer,66,Personal Travel,Business,371,3,3,3,3,1,4,4,1,1,3,5,3,1,2,0,0.0,0
Female,Loyal Customer,52,Personal Travel,Eco,711,3,4,3,1,2,5,4,5,5,3,5,2,5,1,0,0.0,1
Male,Loyal Customer,12,Personal Travel,Eco,442,1,4,1,3,2,1,2,2,1,4,2,2,4,2,0,0.0,0
Male,Loyal Customer,41,Business travel,Eco,1299,3,4,4,4,2,3,2,2,1,3,2,2,2,2,0,0.0,0
Female,Loyal Customer,34,Business travel,Business,1400,3,2,5,5,5,2,1,3,3,3,3,3,3,1,57,60.0,0
Female,disloyal Customer,23,Business travel,Eco,1147,4,4,4,4,5,4,5,5,5,5,4,3,5,5,0,0.0,1
Male,Loyal Customer,52,Personal Travel,Eco,175,2,4,0,2,4,0,4,4,3,3,4,4,4,4,4,11.0,0
Male,disloyal Customer,29,Business travel,Business,1014,3,3,3,4,3,3,2,3,3,5,4,3,5,3,5,0.0,1
Female,Loyal Customer,49,Business travel,Business,2265,0,4,0,5,5,4,4,3,3,3,3,3,3,4,0,0.0,1
Female,Loyal Customer,48,Business travel,Business,3129,3,3,3,3,2,5,4,5,5,5,5,5,5,5,0,0.0,1
Male,Loyal Customer,70,Personal Travel,Eco,441,1,2,1,3,5,1,1,5,2,1,2,2,2,5,0,0.0,0
Female,Loyal Customer,23,Business travel,Business,1576,5,5,5,5,5,5,5,5,3,2,5,3,4,5,21,42.0,1
Female,Loyal Customer,48,Business travel,Business,502,2,2,4,2,3,4,5,5,5,5,5,5,5,5,0,0.0,1
Male,Loyal Customer,46,Business travel,Business,738,4,4,4,4,4,4,5,5,5,5,5,3,5,4,21,0.0,1
Female,Loyal Customer,59,Business travel,Business,1512,1,1,1,1,4,5,4,4,4,4,4,4,4,5,0,0.0,1
Female,Loyal Customer,50,Business travel,Business,2798,4,4,5,4,2,4,5,4,4,5,4,4,4,3,0,0.0,1
Male,Loyal Customer,11,Personal Travel,Eco,251,1,4,0,3,3,0,3,3,3,4,5,3,5,3,24,17.0,0
Male,Loyal Customer,7,Personal Travel,Eco,162,3,5,3,3,4,3,4,4,3,2,4,4,5,4,0,0.0,1
Male,disloyal Customer,30,Business travel,Eco,919,4,5,5,4,4,5,4,4,2,1,4,4,3,4,0,0.0,1
Male,Loyal Customer,40,Business travel,Eco Plus,934,1,2,2,2,1,1,1,1,3,5,4,2,3,1,0,0.0,0
Male,Loyal Customer,40,Business travel,Business,1521,3,3,3,3,4,3,3,4,4,4,4,5,4,4,3,8.0,1
Male,Loyal Customer,52,Business travel,Business,3571,4,4,4,4,2,4,5,4,4,4,4,5,4,5,1,0.0,1
Male,disloyal Customer,30,Business travel,Business,1310,2,3,3,2,1,3,1,1,3,3,5,3,5,1,65,49.0,0
Male,Loyal Customer,47,Business travel,Eco,956,5,3,4,3,5,5,5,5,4,4,4,2,3,5,0,0.0,1
Female,Loyal Customer,34,Personal Travel,Eco,2089,3,5,3,1,3,3,2,3,3,4,4,4,5,3,0,0.0,0
Male,Loyal Customer,31,Business travel,Business,1947,4,4,3,4,5,5,5,5,4,2,4,3,4,5,0,17.0,1
Male,Loyal Customer,73,Business travel,Business,3869,4,5,5,5,2,3,3,4,4,4,4,3,4,2,100,81.0,1
Male,Loyal Customer,39,Personal Travel,Eco,258,2,3,2,1,4,2,4,4,2,5,2,2,4,4,0,0.0,0
Female,Loyal Customer,48,Business travel,Eco,950,1,3,3,3,1,4,4,1,1,1,1,1,1,1,78,65.0,0
Female,Loyal Customer,42,Personal Travel,Eco,602,4,2,3,4,2,3,3,2,2,3,1,2,2,1,0,5.0,0
Female,disloyal Customer,43,Business travel,Eco,116,2,2,2,3,5,2,5,5,1,5,4,1,4,5,5,8.0,1
Male,Loyal Customer,27,Business travel,Business,108,5,5,5,5,4,4,3,4,4,3,1,2,1,4,0,28.0,1
Female,Loyal Customer,41,Personal Travel,Eco,692,2,1,2,3,2,2,2,2,4,5,2,2,3,2,0,0.0,0
Male,Loyal Customer,27,Business travel,Eco Plus,162,5,4,4,4,5,5,5,5,2,3,4,2,3,5,0,0.0,1
Female,disloyal Customer,29,Business travel,Business,859,3,2,2,3,5,2,5,5,3,4,4,3,4,5,0,0.0,1
Male,disloyal Customer,21,Business travel,Eco,912,4,4,4,3,1,4,5,1,5,5,5,5,5,1,0,0.0,1
Female,Loyal Customer,38,Business travel,Eco,403,3,5,5,5,3,3,3,3,1,4,4,1,4,3,0,0.0,0
Female,Loyal Customer,11,Personal Travel,Eco,2378,2,5,2,5,1,2,4,1,5,4,5,5,3,1,0,0.0,0
Female,Loyal Customer,52,Business travel,Business,1590,2,2,3,2,4,4,4,5,5,5,5,5,5,4,4,0.0,1
Male,Loyal Customer,11,Personal Travel,Eco,2586,1,4,1,3,1,1,1,1,3,2,4,4,3,1,40,39.0,0
Female,Loyal Customer,54,Business travel,Business,1460,1,1,1,1,3,5,5,4,4,4,4,3,4,5,0,0.0,1
Female,disloyal Customer,37,Business travel,Business,164,4,4,4,4,1,4,1,1,4,5,5,3,4,1,0,0.0,0
Female,disloyal Customer,22,Business travel,Eco,738,4,4,4,2,3,4,2,3,4,2,5,5,5,3,0,0.0,1
Male,disloyal Customer,29,Business travel,Eco,516,3,1,3,4,1,3,1,1,1,5,3,3,4,1,0,0.0,0
Female,disloyal Customer,40,Business travel,Business,179,2,2,2,4,1,2,1,1,1,3,3,1,2,1,11,2.0,0
Male,Loyal Customer,37,Personal Travel,Eco,327,2,0,2,4,5,2,5,5,3,5,5,5,4,5,10,0.0,1
Female,Loyal Customer,40,Business travel,Business,3631,3,3,3,3,3,5,5,5,5,5,5,4,5,5,0,0.0,1
Male,disloyal Customer,66,Business travel,Eco,376,3,3,3,2,1,3,1,1,4,4,4,2,1,1,0,0.0,0
Male,Loyal Customer,36,Personal Travel,Eco,2475,3,2,3,3,3,3,3,1,1,4,3,3,4,3,122,184.0,0
Male,Loyal Customer,39,Personal Travel,Eco,414,5,4,5,5,5,5,4,5,1,4,5,4,3,5,0,0.0,1
Male,Loyal Customer,41,Business travel,Business,1205,3,4,4,4,2,4,4,3,3,4,3,1,3,3,0,0.0,0
Female,Loyal Customer,53,Business travel,Business,1846,2,2,2,2,5,4,4,5,5,5,5,5,5,4,3,0.0,1
Male,disloyal Customer,25,Business travel,Business,888,4,4,4,4,1,4,1,1,3,5,5,5,5,1,5,9.0,0
Female,Loyal Customer,27,Business travel,Business,2680,3,3,3,3,4,4,4,4,3,5,4,4,5,4,42,33.0,1
Male,Loyal Customer,46,Business travel,Business,376,4,4,4,4,3,4,1,3,3,3,3,5,3,5,0,0.0,1
Female,Loyal Customer,56,Business travel,Business,325,3,3,3,3,3,4,4,5,5,5,5,4,5,5,28,27.0,1
Male,Loyal Customer,48,Personal Travel,Business,548,3,3,2,4,3,3,3,1,1,2,4,1,1,3,0,1.0,0
Female,Loyal Customer,33,Personal Travel,Eco,984,2,5,2,4,5,2,5,5,4,3,5,3,4,5,0,0.0,1
Female,Loyal Customer,42,Business travel,Eco,409,3,4,4,4,4,2,2,3,3,3,3,1,3,1,0,0.0,0
Male,Loyal Customer,69,Personal Travel,Eco,526,0,4,0,4,1,0,1,1,3,4,5,5,5,1,14,0.0,0
Male,Loyal Customer,28,Business travel,Business,895,4,2,4,4,3,3,3,3,5,2,4,5,4,3,0,0.0,1
Female,Loyal Customer,50,Business travel,Business,3474,4,4,4,4,2,5,5,3,3,4,5,4,3,4,0,0.0,1
Female,Loyal Customer,8,Personal Travel,Eco,612,1,5,1,3,3,1,3,3,4,5,4,3,4,3,113,101.0,0
Male,Loyal Customer,48,Business travel,Business,975,2,2,2,2,1,4,3,2,2,2,2,2,2,3,0,0.0,0
Male,Loyal Customer,27,Business travel,Business,2916,3,3,3,3,5,5,5,5,5,4,4,3,4,5,0,0.0,1
Female,Loyal Customer,49,Business travel,Eco,862,2,2,2,2,1,3,4,2,2,2,2,2,2,3,0,21.0,0
Female,Loyal Customer,33,Personal Travel,Eco Plus,192,5,4,5,4,4,5,3,4,5,3,4,4,4,4,0,0.0,1
Male,disloyal Customer,23,Business travel,Eco,133,2,2,2,3,4,2,4,4,4,5,4,3,4,4,0,0.0,1
Male,Loyal Customer,25,Business travel,Business,770,1,1,1,1,4,4,4,4,5,4,4,3,5,4,26,27.0,1
Male,Loyal Customer,49,Business travel,Business,463,4,4,4,4,5,5,4,2,2,2,2,4,2,4,0,0.0,1
Female,Loyal Customer,13,Personal Travel,Eco,416,3,2,1,4,4,1,4,4,2,5,3,1,4,4,0,0.0,0
Male,Loyal Customer,33,Personal Travel,Eco,240,2,5,2,5,3,2,3,3,4,2,5,5,4,3,2,3.0,0
Male,Loyal Customer,18,Business travel,Business,589,4,4,4,4,5,5,5,5,3,3,2,4,4,5,0,0.0,1
Male,Loyal Customer,39,Business travel,Business,299,5,5,3,5,3,2,3,5,5,5,5,3,5,2,0,21.0,1
Female,Loyal Customer,57,Business travel,Business,236,1,1,1,1,5,4,5,5,5,5,5,3,5,4,0,0.0,1
Female,disloyal Customer,23,Business travel,Eco,677,1,1,1,3,2,1,2,2,4,3,5,3,5,2,0,12.0,0
Female,Loyal Customer,21,Business travel,Business,1062,3,3,3,3,4,5,4,4,3,2,4,4,4,4,17,32.0,1
Female,Loyal Customer,32,Business travel,Eco,438,2,4,4,4,2,2,2,2,1,1,2,1,2,2,1,11.0,0
Female,disloyal Customer,25,Business travel,Business,201,5,0,5,4,2,5,2,2,4,2,5,3,4,2,0,0.0,0
Male,Loyal Customer,7,Personal Travel,Eco,1036,1,5,2,3,1,2,1,1,5,2,5,5,4,1,0,0.0,0
Female,Loyal Customer,71,Business travel,Business,125,3,4,3,4,4,4,3,3,3,3,3,2,3,1,0,0.0,0
Female,Loyal Customer,9,Personal Travel,Business,602,2,4,2,1,2,2,2,2,5,3,4,4,5,2,7,2.0,0
Male,disloyal Customer,25,Business travel,Business,569,3,4,3,3,2,3,2,2,5,3,4,3,5,2,1,0.0,0
Male,Loyal Customer,46,Business travel,Business,297,3,3,3,3,5,4,4,3,3,3,3,4,3,4,20,32.0,1
Male,Loyal Customer,18,Personal Travel,Eco,73,3,1,3,3,4,3,4,4,4,2,3,4,3,4,0,0.0,1
Male,Loyal Customer,28,Personal Travel,Eco,288,3,4,3,2,4,3,4,4,1,4,2,3,5,4,0,0.0,1
Female,Loyal Customer,60,Business travel,Business,1334,5,5,5,5,5,4,5,5,5,5,5,4,5,3,0,0.0,1
Male,disloyal Customer,43,Business travel,Eco,334,2,0,2,1,2,2,2,2,2,1,5,5,1,2,0,0.0,0
Male,Loyal Customer,24,Personal Travel,Eco,1744,4,1,4,4,2,4,2,2,3,5,4,4,3,2,0,0.0,0
Female,Loyal Customer,19,Personal Travel,Eco,1174,3,5,3,4,2,3,2,2,4,2,5,3,4,2,0,0.0,0
Male,Loyal Customer,44,Business travel,Business,3150,3,1,1,1,1,3,1,3,3,3,3,1,3,1,12,41.0,0
Female,Loyal Customer,36,Business travel,Business,2474,1,1,1,1,3,5,4,5,5,5,4,5,5,5,0,0.0,1
Male,Loyal Customer,31,Personal Travel,Eco,341,1,5,1,3,2,1,2,2,4,3,4,5,4,2,64,59.0,0
Female,Loyal Customer,46,Business travel,Business,2860,3,3,3,3,3,4,5,5,5,5,5,4,5,5,2,0.0,1
Male,Loyal Customer,47,Business travel,Eco,536,3,4,4,4,3,3,3,3,2,3,3,1,4,3,8,0.0,0
Male,Loyal Customer,9,Personal Travel,Eco Plus,386,3,5,3,2,5,3,4,5,4,2,5,5,5,5,6,11.0,1
Female,disloyal Customer,22,Business travel,Eco,1272,2,2,2,3,4,2,2,4,3,4,5,4,5,4,0,0.0,1
Male,Loyal Customer,36,Personal Travel,Eco Plus,2614,1,3,1,4,2,1,2,2,2,4,2,1,3,2,0,0.0,0
Female,Loyal Customer,48,Business travel,Business,1608,1,1,1,1,2,4,4,4,4,4,4,5,4,4,0,19.0,1
Male,Loyal Customer,38,Business travel,Business,3655,2,2,2,2,2,2,3,5,5,5,5,2,5,1,0,0.0,1
Female,Loyal Customer,35,Business travel,Business,2857,4,4,4,4,3,5,5,4,4,4,4,3,4,3,19,34.0,1
Female,Loyal Customer,44,Business travel,Business,3549,4,4,4,4,3,5,5,4,4,4,4,3,4,4,0,0.0,1
Female,Loyal Customer,49,Business travel,Business,3232,1,1,1,1,2,5,5,5,5,5,5,5,5,3,0,0.0,1
Female,Loyal Customer,35,Business travel,Business,3147,5,5,5,5,3,4,4,5,5,5,5,3,5,4,0,0.0,1
Female,Loyal Customer,45,Personal Travel,Eco Plus,867,2,3,2,4,2,4,4,1,1,2,1,2,1,4,1,6.0,0
Female,Loyal Customer,51,Business travel,Business,3105,2,4,4,4,2,2,2,1,4,3,4,2,1,2,274,264.0,0
Male,disloyal Customer,25,Business travel,Eco,2586,1,1,1,2,4,1,4,4,1,1,2,2,3,4,10,8.0,0
Female,Loyal Customer,45,Business travel,Business,1897,1,1,1,1,4,4,5,3,3,4,3,3,3,5,0,0.0,1
Female,disloyal Customer,26,Business travel,Business,926,4,0,3,3,2,3,2,2,4,3,4,5,5,2,8,3.0,0
Male,Loyal Customer,44,Business travel,Business,2933,5,5,3,5,1,1,5,5,5,5,5,2,5,2,0,0.0,1
Male,Loyal Customer,50,Business travel,Business,1996,3,5,5,5,1,3,3,3,3,3,3,3,3,2,8,4.0,0
Male,Loyal Customer,68,Personal Travel,Eco,1379,5,4,5,5,2,5,2,2,5,3,4,5,4,2,1,0.0,1
Female,disloyal Customer,34,Business travel,Business,696,2,2,2,1,1,2,1,1,3,2,4,3,4,1,3,1.0,0
Male,Loyal Customer,46,Business travel,Business,1978,2,2,2,2,5,5,5,5,5,5,5,5,5,5,0,0.0,1
Male,Loyal Customer,31,Business travel,Business,2939,2,2,2,2,2,3,2,2,4,5,4,4,4,2,14,11.0,0
Female,Loyal Customer,33,Business travel,Business,2475,1,1,1,1,3,1,3,4,4,4,4,2,4,4,0,0.0,0
Female,Loyal Customer,28,Business travel,Business,409,4,4,5,4,4,4,4,1,2,3,4,4,3,4,227,208.0,0
Female,Loyal Customer,58,Business travel,Business,2616,2,2,4,2,3,5,4,5,5,5,5,3,5,4,0,0.0,1
Female,Loyal Customer,63,Business travel,Business,1545,1,1,1,1,5,4,5,3,3,2,3,3,3,3,46,37.0,1
Male,disloyal Customer,35,Business travel,Business,1076,1,1,1,3,3,1,3,3,4,4,4,2,3,3,3,11.0,0
Female,Loyal Customer,45,Personal Travel,Eco Plus,2475,3,2,3,4,4,4,3,4,4,3,4,4,4,4,0,0.0,1
Female,Loyal Customer,64,Personal Travel,Eco,558,1,2,1,4,3,4,4,4,4,1,4,4,4,3,0,0.0,1
Male,Loyal Customer,48,Business travel,Business,163,0,4,0,3,1,3,5,5,5,5,5,1,5,3,0,0.0,1
Female,Loyal Customer,46,Business travel,Business,2848,5,5,5,5,2,1,1,5,5,5,5,5,5,4,0,0.0,1
Female,Loyal Customer,37,Business travel,Business,2778,2,5,5,5,4,2,3,2,2,2,2,3,2,1,22,12.0,0
Male,Loyal Customer,52,Business travel,Business,2139,1,1,5,1,2,5,4,4,4,4,4,3,4,4,0,7.0,1
Female,Loyal Customer,55,Personal Travel,Eco,337,5,5,3,3,4,4,4,3,3,3,3,5,3,4,9,0.0,1
Female,Loyal Customer,59,Business travel,Eco,852,3,3,3,3,1,3,3,3,3,3,3,2,3,2,0,0.0,0
Female,Loyal Customer,33,Personal Travel,Business,599,2,0,2,3,3,3,3,3,3,2,3,5,3,2,0,7.0,0
Female,disloyal Customer,27,Business travel,Eco,1115,2,2,2,3,3,2,3,3,3,2,3,3,3,3,6,0.0,0
Female,Loyal Customer,52,Business travel,Business,3094,2,1,5,1,5,4,4,2,2,3,2,2,2,1,0,0.0,0
Female,Loyal Customer,41,Business travel,Business,2541,3,3,3,3,3,5,5,5,5,5,5,3,5,4,0,26.0,1
Female,disloyal Customer,26,Business travel,Business,987,2,0,2,4,3,2,1,3,4,2,4,3,4,3,4,18.0,0
Male,Loyal Customer,46,Business travel,Business,2698,2,2,2,2,3,4,5,4,4,4,4,3,4,3,0,0.0,1
Female,Loyal Customer,40,Business travel,Business,2707,5,5,5,5,3,5,4,4,4,4,4,4,4,4,0,0.0,1
Female,Loyal Customer,61,Business travel,Eco Plus,153,5,2,2,2,1,5,4,5,5,5,5,5,5,1,0,0.0,1
Male,Loyal Customer,21,Personal Travel,Business,992,1,5,1,4,1,1,1,1,4,2,5,3,5,1,8,0.0,0
Male,Loyal Customer,58,Business travel,Business,2767,1,2,2,2,2,4,4,1,1,1,1,3,1,1,36,60.0,0
Female,Loyal Customer,47,Business travel,Business,1724,3,3,3,3,4,3,3,3,3,3,3,1,3,4,4,0.0,0
Female,Loyal Customer,30,Business travel,Business,2777,1,1,1,1,4,5,5,3,3,5,2,5,5,5,0,0.0,1
Female,Loyal Customer,43,Business travel,Business,1773,2,4,2,2,3,3,4,4,4,4,4,4,4,4,4,1.0,1
Male,Loyal Customer,60,Business travel,Eco,496,5,3,2,3,5,5,5,5,2,2,5,2,2,5,0,0.0,1
Male,Loyal Customer,41,Business travel,Eco,262,3,4,4,4,3,3,3,3,1,3,2,2,4,3,0,0.0,0
Male,disloyal Customer,33,Business travel,Eco,326,3,3,3,4,2,3,2,2,2,1,3,2,3,2,36,30.0,0
Female,Loyal Customer,32,Personal Travel,Eco,2454,2,5,2,3,2,2,2,2,3,2,5,3,4,2,0,13.0,0
Female,disloyal Customer,29,Business travel,Eco,1182,2,2,2,4,2,1,4,2,2,3,3,4,2,4,171,183.0,0
Male,disloyal Customer,27,Business travel,Eco,414,3,3,3,3,5,3,5,5,1,1,3,3,3,5,68,78.0,1
Male,Loyal Customer,44,Business travel,Business,2795,3,3,3,3,2,4,4,4,4,4,4,4,4,5,0,0.0,1
Male,disloyal Customer,45,Business travel,Business,869,2,2,2,1,1,2,1,1,3,2,5,5,4,1,7,20.0,0
Male,Loyal Customer,47,Business travel,Business,2288,2,2,2,2,5,5,5,5,5,4,5,5,5,5,4,0.0,1
Male,Loyal Customer,39,Personal Travel,Eco,575,2,4,2,2,1,2,1,1,3,5,4,4,5,1,16,27.0,0
Female,disloyal Customer,54,Business travel,Business,1547,1,2,2,1,5,1,3,5,5,3,5,4,4,5,0,0.0,1
Female,Loyal Customer,56,Personal Travel,Eco,304,3,3,3,4,2,3,4,2,2,3,2,2,2,2,3,0.0,0
Female,Loyal Customer,33,Business travel,Business,2257,3,3,3,3,4,4,4,5,5,5,5,4,5,3,0,0.0,1
Female,disloyal Customer,36,Business travel,Eco Plus,325,3,4,4,3,4,4,5,4,2,1,3,2,4,4,8,0.0,1
Male,disloyal Customer,29,Business travel,Business,957,2,2,2,1,1,2,2,1,3,4,4,4,4,1,0,20.0,0
Male,Loyal Customer,35,Business travel,Eco,1096,4,5,5,5,4,4,4,4,4,2,3,1,4,4,0,0.0,1
Male,Loyal Customer,26,Personal Travel,Eco,337,4,3,1,2,1,1,1,1,3,3,3,5,4,1,0,0.0,0
Male,Loyal Customer,27,Personal Travel,Eco,563,5,4,5,4,2,5,4,2,4,2,4,5,4,2,0,0.0,1
Male,Loyal Customer,47,Business travel,Business,1737,3,3,3,3,2,4,5,2,2,2,2,4,2,4,2,0.0,0
Male,Loyal Customer,38,Personal Travel,Eco,152,3,5,3,3,5,3,5,5,3,5,4,4,4,5,0,2.0,1
Male,Loyal Customer,39,Business travel,Business,3061,1,1,1,1,4,5,5,4,4,4,4,3,4,3,33,24.0,1
Male,disloyal Customer,26,Business travel,Business,1218,4,4,4,1,1,4,1,1,5,3,3,4,5,1,3,10.0,0
Male,Loyal Customer,37,Business travel,Eco Plus,475,3,2,2,2,3,3,3,3,4,4,4,2,4,3,0,0.0,0
Male,Loyal Customer,47,Business travel,Business,405,5,5,5,5,2,4,4,4,4,4,4,4,4,4,6,7.0,1
Male,Loyal Customer,16,Personal Travel,Eco,306,2,4,2,1,5,2,5,5,3,2,5,5,4,5,76,73.0,1
Male,Loyal Customer,27,Business travel,Business,685,4,4,4,4,5,5,5,5,5,2,4,4,4,5,0,0.0,1
Female,Loyal Customer,34,Business travel,Business,1012,4,4,4,4,3,4,5,4,4,4,4,5,4,3,7,0.0,1
Male,Loyal Customer,46,Business travel,Eco,1874,5,4,4,4,5,5,5,5,5,2,4,1,4,5,0,0.0,1
Female,Loyal Customer,7,Personal Travel,Eco,672,4,2,4,4,1,4,1,1,3,2,4,1,4,1,0,0.0,0
Female,Loyal Customer,58,Business travel,Business,546,5,5,5,5,2,1,1,3,2,4,5,1,5,1,294,288.0,0
Female,Loyal Customer,66,Personal Travel,Eco,345,1,4,1,3,4,5,4,2,2,1,2,3,2,3,18,19.0,0
Male,Loyal Customer,38,Business travel,Business,100,5,5,5,5,2,2,4,4,4,4,4,4,4,4,0,0.0,1
Female,disloyal Customer,24,Business travel,Eco,351,3,0,3,3,5,3,5,5,5,2,4,4,5,5,10,0.0,1
Female,Loyal Customer,35,Business travel,Business,762,2,2,2,2,4,4,4,4,4,4,4,4,4,3,16,0.0,1
Female,Loyal Customer,61,Personal Travel,Eco,1744,4,2,4,3,1,4,4,5,5,4,5,2,5,1,96,91.0,1
Female,Loyal Customer,44,Business travel,Business,785,1,1,1,1,5,4,4,5,5,5,5,5,5,5,0,14.0,1
Male,Loyal Customer,43,Business travel,Business,1506,3,2,3,3,5,5,5,4,2,5,4,5,5,5,173,175.0,1
Female,disloyal Customer,36,Business travel,Eco Plus,402,3,3,3,3,1,3,1,1,4,1,2,4,3,1,15,10.0,0
Female,Loyal Customer,55,Business travel,Business,366,3,1,1,1,1,3,3,3,3,3,3,1,3,4,0,0.0,0
Male,Loyal Customer,63,Business travel,Eco,182,5,5,5,5,5,5,5,5,4,2,3,3,4,5,7,2.0,1
Female,disloyal Customer,21,Business travel,Eco,404,5,4,5,2,4,5,4,4,4,5,4,3,5,4,32,33.0,1
Female,Loyal Customer,40,Business travel,Business,1009,5,5,5,5,5,4,5,3,3,3,3,4,3,4,3,4.0,1
Female,Loyal Customer,12,Personal Travel,Eco,1055,2,5,2,3,4,2,1,4,3,3,5,3,4,4,0,3.0,0
Female,Loyal Customer,52,Business travel,Business,2425,3,3,3,3,5,5,5,5,3,4,4,5,3,5,0,0.0,1
Male,Loyal Customer,65,Personal Travel,Business,226,1,4,1,1,5,5,4,4,4,1,4,5,4,3,37,20.0,1
Male,disloyal Customer,23,Business travel,Eco,158,2,4,2,3,2,2,2,2,2,4,4,4,4,2,93,102.0,0
Female,Loyal Customer,57,Business travel,Business,86,1,1,1,1,1,1,2,5,5,5,3,3,5,5,0,0.0,1
Female,Loyal Customer,39,Business travel,Eco,838,2,2,2,2,2,2,2,2,5,2,3,4,5,2,0,0.0,0
Female,Loyal Customer,59,Business travel,Business,802,2,2,2,2,2,5,5,5,5,5,5,5,5,3,5,0.0,1
Female,disloyal Customer,22,Business travel,Eco,196,2,0,3,5,2,3,2,2,5,5,4,5,4,2,0,0.0,0
Female,Loyal Customer,51,Personal Travel,Eco,270,3,3,3,5,1,2,2,1,1,3,1,4,1,5,0,0.0,0
Female,Loyal Customer,47,Business travel,Business,2661,3,4,4,4,2,4,3,3,3,3,3,2,3,3,0,0.0,0
Female,Loyal Customer,43,Business travel,Business,3989,0,0,0,4,5,5,4,4,4,5,5,5,4,5,0,0.0,1
Male,disloyal Customer,44,Business travel,Business,338,3,3,3,1,5,3,5,5,5,2,4,4,4,5,1,0.0,1
Male,Loyal Customer,55,Business travel,Eco Plus,349,3,4,5,4,3,3,3,3,3,2,3,3,3,3,0,0.0,0
Male,Loyal Customer,60,Personal Travel,Eco,1546,3,1,3,3,2,3,2,2,2,5,2,1,4,2,2,16.0,0
Male,Loyal Customer,43,Business travel,Business,3716,0,4,0,3,5,3,1,4,4,3,3,2,4,1,0,0.0,0
Male,Loyal Customer,19,Business travel,Business,3634,5,5,2,5,4,4,4,4,5,3,5,3,5,4,3,9.0,1
Female,Loyal Customer,25,Personal Travel,Eco,1751,2,5,2,2,4,2,4,4,1,1,3,4,3,4,0,0.0,0
Male,disloyal Customer,50,Business travel,Business,134,2,2,2,3,4,2,4,4,5,5,4,5,4,4,15,43.0,1
Female,Loyal Customer,51,Business travel,Business,1325,3,4,4,4,5,4,3,3,3,3,3,3,3,1,0,0.0,0
Male,disloyal Customer,40,Business travel,Eco,1282,4,4,4,3,4,1,2,4,1,3,4,2,3,2,1,56.0,0
Female,Loyal Customer,53,Business travel,Business,2258,0,0,0,3,3,5,4,1,1,1,1,4,1,3,0,0.0,0
Female,Loyal Customer,31,Business travel,Business,3790,5,5,4,5,5,5,5,5,4,5,3,4,2,5,0,8.0,1
Female,Loyal Customer,27,Business travel,Business,1400,4,4,4,4,5,5,5,5,5,5,5,5,5,5,0,5.0,1
Male,Loyal Customer,53,Business travel,Eco,211,4,4,4,4,4,4,4,4,5,3,1,1,4,4,5,0.0,1
Male,Loyal Customer,41,Business travel,Business,2530,4,4,5,4,1,2,2,4,4,4,4,3,4,4,100,97.0,1
Female,Loyal Customer,51,Business travel,Eco,689,2,1,1,1,4,4,3,2,2,2,2,1,2,4,0,0.0,0
Female,Loyal Customer,50,Personal Travel,Eco,356,2,4,2,4,5,4,5,4,4,2,4,3,4,3,0,0.0,1
Female,Loyal Customer,59,Business travel,Eco,697,5,1,1,1,2,4,2,5,5,5,5,1,5,2,0,0.0,1
Female,Loyal Customer,32,Business travel,Business,2484,3,3,3,3,5,5,5,5,5,5,4,5,4,5,10,10.0,1
Female,Loyal Customer,17,Business travel,Business,1562,1,1,1,1,1,2,1,1,2,3,4,4,4,1,0,0.0,0
Female,Loyal Customer,52,Personal Travel,Eco,423,3,0,3,2,5,5,4,4,4,3,4,4,4,4,1,0.0,1
Female,Loyal Customer,44,Business travel,Eco,446,2,1,1,1,1,4,1,2,2,2,2,4,2,3,43,23.0,0
Female,Loyal Customer,46,Business travel,Eco Plus,1024,3,1,1,1,2,2,3,2,2,3,2,3,2,3,0,0.0,0
Female,Loyal Customer,45,Business travel,Business,2296,4,4,4,4,2,5,4,3,3,4,3,5,3,5,74,74.0,1
Female,disloyal Customer,38,Business travel,Eco,200,2,4,2,4,5,2,5,5,1,4,4,1,3,5,39,25.0,1
Male,Loyal Customer,28,Business travel,Business,1337,3,3,3,3,4,4,4,4,5,4,4,5,5,4,0,0.0,1
Male,Loyal Customer,17,Personal Travel,Eco,1773,4,3,4,4,3,4,2,3,3,3,3,1,3,3,0,0.0,0
Male,Loyal Customer,26,Business travel,Business,723,5,5,5,5,5,5,5,5,3,4,4,5,5,5,0,1.0,1
Female,Loyal Customer,58,Personal Travel,Eco,147,2,3,2,4,3,3,3,5,5,2,5,4,5,2,0,1.0,1
Male,Loyal Customer,28,Business travel,Business,1663,1,1,1,1,4,4,4,4,5,3,1,3,3,4,0,24.0,1
Male,disloyal Customer,28,Business travel,Business,859,3,3,3,4,2,3,2,2,5,5,5,5,5,2,0,0.0,1
Female,disloyal Customer,34,Business travel,Eco,253,1,0,1,2,2,1,4,2,4,3,4,2,2,2,0,0.0,0
Female,Loyal Customer,43,Business travel,Eco,2253,2,5,5,5,1,2,3,2,2,2,2,1,2,2,4,4.0,0
Female,Loyal Customer,35,Personal Travel,Eco,224,2,4,2,3,1,2,1,1,4,3,5,3,5,1,0,0.0,0
Female,Loyal Customer,45,Business travel,Eco,1542,4,2,2,2,1,3,5,4,4,4,4,5,4,3,0,3.0,1
Female,disloyal Customer,34,Business travel,Business,456,1,1,1,4,2,1,2,2,3,2,4,4,5,2,0,0.0,0
Female,Loyal Customer,31,Personal Travel,Eco,756,2,3,2,3,2,2,2,2,3,1,3,4,2,2,27,27.0,0
Male,Loyal Customer,47,Business travel,Business,67,5,5,5,5,3,1,1,4,4,4,5,1,4,2,0,0.0,0
Female,Loyal Customer,10,Personal Travel,Eco,645,1,5,1,3,4,1,4,4,1,1,4,2,2,4,0,0.0,0
Male,Loyal Customer,55,Business travel,Eco,411,5,3,3,3,5,5,5,5,4,2,2,1,5,5,0,0.0,1
Female,Loyal Customer,58,Business travel,Business,1149,2,2,2,2,3,4,5,4,4,4,4,5,4,5,6,29.0,1
Male,Loyal Customer,53,Business travel,Business,1243,5,5,5,5,3,4,5,4,4,4,4,3,4,4,0,0.0,1
Female,Loyal Customer,30,Personal Travel,Eco,1056,3,4,3,2,5,3,5,5,2,4,2,2,4,5,0,9.0,1
Male,Loyal Customer,68,Personal Travel,Eco,158,2,2,0,3,1,0,1,1,1,3,4,4,4,1,87,94.0,0
Male,Loyal Customer,25,Business travel,Business,3277,2,2,2,2,5,5,5,5,4,2,4,3,5,5,124,113.0,1
Male,Loyal Customer,41,Business travel,Business,2835,4,4,4,4,4,5,4,5,5,5,5,4,5,4,0,2.0,1
Male,Loyal Customer,33,Business travel,Business,236,1,3,3,3,1,1,1,1,4,1,4,1,4,1,2,0.0,0
Male,Loyal Customer,54,Personal Travel,Eco,227,3,4,0,3,0,1,1,5,5,4,5,1,3,1,236,237.0,0
Female,Loyal Customer,30,Business travel,Eco Plus,2917,0,0,0,3,1,0,1,1,5,1,1,4,5,1,0,0.0,0
Male,Loyal Customer,10,Personal Travel,Eco,695,4,5,4,2,4,4,4,4,5,3,4,3,5,4,6,0.0,1
Male,Loyal Customer,62,Business travel,Business,308,2,2,2,2,3,5,4,5,5,5,5,5,5,3,11,3.0,1
Male,Loyal Customer,15,Personal Travel,Eco,841,2,3,2,3,3,2,3,3,4,3,3,1,2,3,0,0.0,0
Male,Loyal Customer,29,Personal Travel,Eco,964,2,4,2,1,1,2,1,1,4,4,5,4,5,1,18,8.0,0
Female,Loyal Customer,27,Business travel,Eco Plus,425,0,0,0,4,3,0,3,3,3,5,1,4,2,3,0,0.0,0
Female,Loyal Customer,27,Business travel,Business,3514,1,1,1,1,4,4,4,4,5,4,5,4,4,4,7,4.0,1
Female,Loyal Customer,26,Personal Travel,Eco,479,3,1,3,3,3,3,3,3,4,4,3,4,4,3,0,0.0,0
Male,Loyal Customer,57,Business travel,Business,1898,5,5,5,5,2,4,5,4,4,4,4,3,4,5,0,0.0,1
Male,Loyal Customer,57,Business travel,Business,2160,1,1,5,1,3,4,5,3,3,3,3,4,3,3,0,0.0,1
Female,Loyal Customer,41,Business travel,Business,733,2,2,2,2,5,5,5,2,2,2,2,4,2,5,0,3.0,1
Male,Loyal Customer,58,Business travel,Eco,134,4,3,3,3,4,4,4,4,4,3,4,1,5,4,0,3.0,1
Female,Loyal Customer,40,Business travel,Business,1235,4,5,4,4,5,4,4,2,2,2,2,4,2,5,0,0.0,1
Female,disloyal Customer,26,Business travel,Eco Plus,874,3,3,3,3,2,3,2,2,4,4,2,4,3,2,0,0.0,0
Female,disloyal Customer,20,Business travel,Eco,321,2,2,2,3,2,2,2,2,4,1,3,3,2,2,0,0.0,0
Male,Loyal Customer,37,Business travel,Business,2306,1,2,2,2,5,3,3,1,1,1,1,3,1,4,40,35.0,0
Female,disloyal Customer,39,Business travel,Business,474,4,4,4,2,5,4,5,5,5,2,5,5,5,5,0,4.0,1
Male,Loyal Customer,42,Business travel,Business,1598,3,3,3,3,5,4,4,4,4,4,4,4,4,4,0,1.0,1
Female,Loyal Customer,60,Business travel,Business,2521,3,3,3,3,5,3,5,5,5,5,5,5,5,5,0,0.0,1
Female,Loyal Customer,49,Personal Travel,Eco,1048,4,4,4,3,5,4,5,1,1,4,1,5,1,3,0,0.0,0
Female,Loyal Customer,12,Personal Travel,Eco Plus,651,2,4,2,1,4,2,4,4,3,3,3,5,4,4,113,94.0,1
Female,Loyal Customer,51,Business travel,Business,561,4,4,2,4,3,5,4,4,4,4,4,4,4,3,25,7.0,1
Male,disloyal Customer,27,Business travel,Business,1041,4,4,4,2,5,4,4,5,4,4,4,5,4,5,0,0.0,1
Male,Loyal Customer,66,Personal Travel,Eco,77,3,4,0,2,2,0,2,2,3,4,4,3,5,2,0,0.0,0
Male,Loyal Customer,25,Business travel,Eco Plus,787,1,1,1,1,1,2,2,1,4,1,3,4,3,1,0,0.0,0
Female,Loyal Customer,30,Personal Travel,Eco,507,3,4,2,3,1,2,1,1,1,1,1,1,4,1,0,1.0,0
Female,Loyal Customer,60,Business travel,Business,2446,3,3,5,3,3,5,5,4,4,4,4,3,4,3,0,0.0,1
Male,disloyal Customer,16,Business travel,Eco,2092,3,3,3,3,4,3,4,4,2,1,4,4,4,4,45,53.0,1
Male,Loyal Customer,53,Business travel,Business,3460,1,1,1,1,4,4,4,4,4,4,4,5,4,3,0,0.0,1
Female,disloyal Customer,56,Business travel,Eco,213,3,4,2,1,4,2,4,4,3,3,1,3,3,4,0,0.0,0
Female,disloyal Customer,28,Business travel,Eco,971,3,3,3,3,2,3,2,2,1,1,3,3,3,2,0,0.0,0
Male,Loyal Customer,42,Business travel,Business,2752,5,5,5,5,2,5,5,4,4,4,4,5,4,4,11,1.0,1
Male,Loyal Customer,25,Personal Travel,Eco,1452,3,5,3,2,3,3,3,3,5,5,4,5,4,3,13,8.0,1
Female,disloyal Customer,24,Business travel,Eco,347,1,1,0,3,5,0,5,5,2,2,3,2,4,5,34,34.0,0
Male,Loyal Customer,32,Business travel,Business,3921,0,0,0,4,5,5,5,5,1,3,5,5,4,5,3,0.0,1
Male,Loyal Customer,26,Business travel,Business,882,3,3,3,3,3,3,3,3,1,2,4,1,3,3,6,5.0,0
Male,Loyal Customer,32,Personal Travel,Eco,640,2,4,2,5,1,2,1,1,3,2,5,5,4,1,1,0.0,0
Female,Loyal Customer,35,Business travel,Business,3810,2,2,2,2,3,4,5,5,5,5,5,4,5,5,0,0.0,1
Female,Loyal Customer,47,Business travel,Business,3782,5,5,5,5,5,5,4,5,5,5,5,5,5,5,0,0.0,1
Male,Loyal Customer,29,Personal Travel,Eco,283,1,1,1,3,2,1,2,2,3,3,4,2,3,2,2,11.0,0
Male,disloyal Customer,26,Business travel,Business,349,3,3,3,4,2,3,2,2,3,2,3,2,3,2,0,0.0,0
Male,disloyal Customer,34,Business travel,Business,302,3,3,3,3,4,3,3,4,5,4,4,3,5,4,0,0.0,1
Male,Loyal Customer,49,Business travel,Business,1892,5,5,5,5,4,3,3,4,4,4,4,1,4,5,0,0.0,1
Female,Loyal Customer,25,Business travel,Business,2585,5,5,5,5,4,4,4,4,4,3,5,4,5,4,6,0.0,1
Male,Loyal Customer,42,Business travel,Business,554,3,3,3,3,4,5,4,4,4,4,4,5,4,3,25,16.0,1
Female,Loyal Customer,48,Personal Travel,Eco,296,4,4,4,5,4,4,5,5,5,4,5,3,5,3,45,69.0,1
Female,disloyal Customer,23,Business travel,Eco,1371,5,5,5,3,3,5,3,3,5,5,5,3,5,3,0,0.0,1
Male,Loyal Customer,60,Personal Travel,Eco,2527,1,4,1,3,2,1,2,2,5,2,3,5,5,2,0,0.0,0
Female,Loyal Customer,57,Business travel,Business,2583,5,1,5,5,3,5,5,5,5,5,5,4,5,5,0,0.0,1
Female,Loyal Customer,41,Personal Travel,Eco,308,4,4,4,1,1,4,1,1,4,2,5,4,5,1,1,0.0,0
Male,Loyal Customer,57,Business travel,Business,2495,1,5,5,5,2,4,3,1,1,1,1,4,1,2,128,128.0,0
Male,Loyal Customer,69,Business travel,Eco,290,2,5,5,5,2,2,2,2,2,5,3,2,3,2,0,0.0,0
Male,Loyal Customer,37,Personal Travel,Eco,402,4,5,4,3,3,4,3,3,5,4,5,4,4,3,0,1.0,1
Male,disloyal Customer,37,Business travel,Eco,329,3,5,3,3,5,3,2,5,2,3,2,5,4,5,5,0.0,1
Female,Loyal Customer,38,Business travel,Business,1711,3,3,3,3,4,5,2,5,5,5,5,4,5,1,7,0.0,1
Male,Loyal Customer,23,Personal Travel,Eco,309,2,4,2,5,1,2,1,1,5,4,5,4,5,1,0,0.0,0
Male,Loyal Customer,33,Personal Travel,Eco,672,0,5,0,2,1,0,1,1,5,5,5,5,5,1,0,0.0,0
Female,disloyal Customer,26,Personal Travel,Eco,1547,2,4,2,2,2,2,2,2,3,5,5,3,5,3,15,0.0,0
Male,Loyal Customer,60,Personal Travel,Eco,672,5,4,4,4,4,4,4,4,1,3,3,4,2,4,0,0.0,1
Male,disloyal Customer,21,Business travel,Eco,168,4,1,4,3,5,4,5,5,4,3,3,3,2,5,35,36.0,1
Female,Loyal Customer,25,Personal Travel,Eco,590,3,4,3,3,4,3,1,4,4,5,4,4,4,4,0,0.0,1
Female,Loyal Customer,42,Business travel,Eco,589,1,3,3,3,5,3,4,1,1,1,1,2,1,1,0,18.0,0
Female,disloyal Customer,25,Business travel,Eco,1015,3,3,3,4,3,3,3,3,5,2,4,2,5,3,0,0.0,0
Male,disloyal Customer,27,Business travel,Business,1127,5,5,5,2,4,5,3,4,3,2,5,4,4,4,61,51.0,1
Male,Loyal Customer,23,Personal Travel,Eco,794,3,4,3,2,3,3,3,3,3,5,4,4,5,3,24,29.0,1
Female,Loyal Customer,50,Business travel,Business,577,4,4,4,4,3,4,4,3,3,3,3,4,3,3,0,0.0,1
Female,Loyal Customer,28,Personal Travel,Eco,319,1,5,2,1,4,2,4,4,1,1,5,5,4,4,0,0.0,0
Female,disloyal Customer,24,Business travel,Eco,1195,3,3,3,4,1,3,1,1,3,4,4,1,3,1,10,0.0,0
Male,Loyal Customer,50,Business travel,Business,733,5,5,5,5,5,5,4,4,4,4,4,5,4,3,4,0.0,1
Female,Loyal Customer,30,Personal Travel,Eco,1242,4,5,4,2,2,4,2,2,4,4,3,5,5,2,5,0.0,0
Male,Loyal Customer,53,Business travel,Business,2763,4,4,4,4,2,5,2,5,5,4,5,3,5,3,0,0.0,1
Female,Loyal Customer,56,Personal Travel,Eco,207,1,4,0,2,5,1,3,4,4,0,4,2,4,3,0,10.0,0
Male,Loyal Customer,38,Business travel,Eco,1607,2,1,1,1,2,2,2,2,3,5,2,1,3,2,0,0.0,0
Female,Loyal Customer,66,Business travel,Business,2323,2,3,3,3,3,4,4,2,2,2,2,4,2,1,0,0.0,0
Female,Loyal Customer,57,Business travel,Business,86,0,5,0,4,4,4,4,1,1,1,1,3,1,3,20,28.0,0
Male,Loyal Customer,38,Business travel,Business,170,3,3,3,3,5,4,3,3,3,3,3,4,3,3,0,0.0,1
Male,Loyal Customer,45,Business travel,Business,163,4,3,4,4,2,5,4,4,4,4,4,2,4,5,7,5.0,1
Female,Loyal Customer,43,Personal Travel,Eco,1047,2,4,1,3,5,5,4,1,1,1,1,5,1,4,29,23.0,0
Male,disloyal Customer,30,Business travel,Eco,889,4,4,4,1,3,4,3,3,2,1,3,3,4,3,24,0.0,0
Female,Loyal Customer,61,Business travel,Business,1923,4,4,4,4,5,3,3,5,5,5,3,1,5,4,0,0.0,1
Female,Loyal Customer,66,Business travel,Business,3740,1,1,1,1,4,5,3,5,5,5,5,5,5,5,0,0.0,1
Male,Loyal Customer,45,Business travel,Eco,216,3,4,4,4,3,3,3,3,5,5,3,3,1,3,1,0.0,0
Female,Loyal Customer,7,Personal Travel,Eco,302,5,2,1,3,5,1,5,5,2,4,3,3,4,5,0,0.0,1
Female,Loyal Customer,74,Business travel,Eco,557,5,5,5,5,1,1,4,5,5,5,5,3,5,1,0,0.0,1
Male,Loyal Customer,46,Business travel,Business,1993,4,4,3,4,2,1,4,5,5,5,5,5,5,5,0,0.0,1
Male,Loyal Customer,38,Business travel,Eco,156,5,2,2,2,5,5,5,5,5,4,4,5,5,5,0,0.0,1
Male,Loyal Customer,51,Personal Travel,Eco,283,5,5,5,2,3,5,4,3,3,4,4,5,4,3,0,0.0,1
Male,Loyal Customer,52,Business travel,Business,1379,1,1,2,1,5,5,5,4,4,4,4,5,4,5,6,0.0,1
Male,Loyal Customer,67,Personal Travel,Eco,912,4,2,4,4,4,2,2,1,1,3,4,2,4,2,152,175.0,0
Female,Loyal Customer,53,Personal Travel,Eco,547,4,4,4,3,4,4,4,2,2,4,2,4,2,4,0,0.0,0
Male,disloyal Customer,22,Business travel,Eco,240,1,1,1,4,4,1,5,4,4,4,3,4,4,4,0,23.0,1
Female,Loyal Customer,41,Business travel,Business,2259,4,4,4,4,3,5,5,5,5,5,5,4,5,3,112,102.0,1
Female,disloyal Customer,16,Business travel,Eco,1481,2,2,2,5,2,4,4,5,4,5,5,4,3,4,0,0.0,1
Female,Loyal Customer,53,Business travel,Business,2475,1,4,4,4,3,2,2,1,1,1,1,2,1,3,57,34.0,0
Female,Loyal Customer,40,Business travel,Business,3080,4,4,4,4,4,5,5,3,3,3,3,5,3,5,0,0.0,1
Female,Loyal Customer,59,Personal Travel,Eco,383,3,3,3,3,5,3,3,1,1,3,1,3,1,1,0,0.0,0
Male,Loyal Customer,38,Business travel,Business,2796,2,2,2,2,5,3,4,2,2,2,2,3,2,4,0,7.0,0
Female,disloyal Customer,42,Business travel,Eco,209,3,0,3,5,1,3,1,1,2,5,2,1,4,1,2,0.0,0
Male,Loyal Customer,11,Personal Travel,Eco,1670,1,0,1,5,4,1,3,4,3,5,5,3,4,4,0,0.0,1
Male,Loyal Customer,67,Personal Travel,Eco,592,1,3,1,5,1,1,1,1,4,5,2,4,3,1,18,4.0,0
Female,Loyal Customer,37,Personal Travel,Eco,404,2,5,2,4,4,2,4,4,4,2,5,4,5,4,25,14.0,1
Male,Loyal Customer,37,Business travel,Business,3719,4,4,4,4,4,4,4,5,5,5,5,5,5,5,0,0.0,1
Female,Loyal Customer,18,Personal Travel,Eco,1124,2,5,3,5,5,3,3,5,5,4,5,3,5,5,20,12.0,1
Female,Loyal Customer,42,Business travel,Business,462,3,3,4,3,4,1,1,4,4,4,4,3,4,4,26,19.0,1
Male,disloyal Customer,43,Business travel,Eco,645,2,0,2,4,4,2,1,4,4,4,4,4,4,4,21,13.0,0
Male,Loyal Customer,61,Business travel,Business,1024,4,2,4,4,3,5,3,4,4,4,4,1,4,4,4,0.0,1
Female,Loyal Customer,22,Business travel,Eco,1773,3,1,1,1,3,3,2,3,4,3,2,3,3,3,13,16.0,0
Male,Loyal Customer,9,Personal Travel,Eco,495,3,4,3,2,4,3,4,4,3,4,5,3,4,4,0,0.0,1
Female,Loyal Customer,40,Business travel,Business,1635,2,2,2,2,4,4,4,4,4,4,4,3,4,4,15,0.0,1
Male,Loyal Customer,64,Business travel,Eco,1089,1,3,3,3,1,1,1,1,4,4,4,4,4,1,0,0.0,0
Male,Loyal Customer,57,Business travel,Eco,119,4,4,4,4,4,4,4,4,4,2,4,4,1,4,0,0.0,1
Male,Loyal Customer,37,Business travel,Eco,192,5,4,5,4,5,5,5,5,5,4,5,5,5,5,0,3.0,1
Male,Loyal Customer,53,Personal Travel,Eco,1189,2,5,2,3,5,2,5,5,5,2,4,5,4,5,3,6.0,1
Male,Loyal Customer,25,Business travel,Business,1579,3,3,3,3,5,5,5,5,5,5,4,5,5,5,240,280.0,1
Male,disloyal Customer,39,Business travel,Business,468,3,3,3,3,2,3,5,2,3,5,5,3,4,2,43,48.0,0
Female,disloyal Customer,22,Business travel,Eco,184,2,2,2,4,4,2,2,4,2,2,4,3,3,4,0,0.0,0
Male,Loyal Customer,34,Business travel,Business,602,4,2,2,2,5,3,4,4,4,4,4,4,4,2,0,0.0,1
Female,Loyal Customer,36,Business travel,Business,3871,1,1,1,1,2,3,4,5,5,5,5,5,5,4,0,0.0,1
Female,Loyal Customer,30,Business travel,Business,3959,3,3,3,3,5,5,5,5,3,3,4,5,4,5,0,0.0,1
Male,Loyal Customer,46,Business travel,Business,2983,1,4,4,4,4,3,4,1,1,1,1,4,1,4,0,0.0,0
Female,Loyal Customer,22,Personal Travel,Business,895,3,4,3,5,5,3,5,5,3,3,1,3,5,5,0,0.0,1
Female,Loyal Customer,43,Business travel,Business,3683,3,3,3,3,5,5,5,5,4,5,4,5,5,5,202,207.0,1
Female,Loyal Customer,24,Personal Travel,Eco,460,1,4,1,1,5,1,5,5,2,3,4,1,2,5,0,0.0,1
Female,Loyal Customer,13,Personal Travel,Eco,533,3,5,3,2,4,3,2,4,4,2,5,5,5,4,5,5.0,1
Male,Loyal Customer,25,Business travel,Business,594,3,2,2,2,3,3,3,3,1,2,3,4,4,3,19,10.0,0
Male,Loyal Customer,56,Business travel,Eco Plus,197,1,2,2,2,1,1,1,1,3,4,4,3,3,1,0,0.0,0
Female,Loyal Customer,57,Business travel,Business,957,2,2,2,2,2,5,4,4,4,4,4,3,4,4,7,17.0,1
Female,Loyal Customer,21,Business travel,Business,588,3,3,3,3,2,2,2,2,1,3,4,1,2,2,0,0.0,0
Male,Loyal Customer,26,Personal Travel,Eco,1660,4,1,4,4,5,4,5,5,2,1,4,2,3,5,0,0.0,1
Female,Loyal Customer,16,Personal Travel,Eco,516,1,1,1,3,1,1,3,1,3,3,3,2,4,1,0,0.0,0
Male,Loyal Customer,77,Business travel,Business,1621,4,1,1,1,5,3,3,4,4,4,4,3,4,2,0,0.0,1
Male,Loyal Customer,14,Business travel,Business,3946,3,3,3,3,4,4,4,4,3,3,4,4,5,4,0,0.0,1
Female,Loyal Customer,55,Personal Travel,Eco,307,2,4,2,5,5,4,4,2,2,2,2,5,2,4,11,11.0,0
Male,Loyal Customer,53,Business travel,Business,2961,1,1,2,1,2,4,5,2,2,2,2,3,2,3,0,4.0,0
Female,Loyal Customer,53,Business travel,Business,738,1,1,5,1,3,4,4,5,5,5,5,5,5,4,0,0.0,1
Male,Loyal Customer,31,Business travel,Business,403,3,3,3,3,5,5,5,5,5,5,5,4,4,5,19,30.0,1
Male,Loyal Customer,43,Business travel,Business,2539,1,1,3,1,5,5,4,4,4,4,4,4,4,5,0,0.0,1
Female,Loyal Customer,43,Personal Travel,Eco Plus,462,4,4,4,4,2,4,5,2,2,4,4,1,2,1,0,0.0,0
Male,Loyal Customer,56,Business travel,Eco,199,3,5,5,5,3,3,3,3,2,3,3,3,2,3,0,0.0,0
Male,disloyal Customer,25,Business travel,Eco,171,3,1,3,2,4,3,4,4,3,4,1,3,2,4,0,0.0,0
Female,Loyal Customer,41,Business travel,Business,147,5,5,5,5,3,2,4,4,4,5,3,4,4,2,0,0.0,1
Male,disloyal Customer,38,Business travel,Business,989,2,2,2,2,1,2,1,1,3,3,5,3,4,1,0,0.0,0
Female,Loyal Customer,48,Business travel,Business,2919,5,5,5,5,4,3,3,5,5,5,5,2,5,2,0,0.0,1
Female,disloyal Customer,46,Business travel,Eco,853,3,3,3,4,1,3,1,1,1,4,4,3,4,1,35,24.0,0
Female,Loyal Customer,38,Business travel,Business,1637,2,2,2,2,5,3,3,2,2,2,2,4,2,4,0,0.0,0
Male,Loyal Customer,62,Personal Travel,Eco,438,2,1,2,4,5,2,3,5,1,4,4,1,4,5,0,0.0,1
Female,Loyal Customer,9,Personal Travel,Eco Plus,2475,3,2,4,4,4,4,2,4,3,3,3,2,4,2,0,0.0,0
Male,disloyal Customer,38,Business travel,Eco,188,4,4,5,3,3,5,3,3,3,4,3,1,3,3,0,0.0,0
Female,Loyal Customer,53,Business travel,Eco,566,2,2,2,2,4,4,3,2,2,2,2,1,2,2,0,0.0,0
Male,disloyal Customer,21,Business travel,Business,1916,1,3,1,4,2,1,1,2,3,3,4,4,3,2,0,9.0,0
Female,Loyal Customer,32,Personal Travel,Eco,533,4,4,4,4,1,4,1,1,3,3,4,5,4,1,10,11.0,0
Female,Loyal Customer,45,Personal Travel,Eco,547,2,4,2,2,2,3,2,4,4,2,4,1,4,2,0,0.0,0
Male,Loyal Customer,34,Business travel,Business,488,2,2,2,2,3,4,5,5,5,5,5,4,5,5,130,114.0,1
Female,Loyal Customer,28,Business travel,Business,1687,5,5,5,5,4,5,4,4,4,3,4,4,5,4,0,0.0,1
Male,Loyal Customer,57,Business travel,Business,2818,1,1,5,1,5,5,4,4,4,5,4,4,4,5,6,0.0,1
Female,Loyal Customer,36,Personal Travel,Eco,1183,5,4,5,3,3,5,3,3,5,5,4,4,4,3,0,0.0,1
Male,Loyal Customer,64,Personal Travel,Eco,1055,1,4,1,4,3,1,3,3,5,3,4,5,4,3,0,0.0,0
Female,Loyal Customer,23,Business travel,Business,1613,2,4,4,4,2,2,2,2,1,4,4,2,4,2,1,0.0,0
Female,Loyal Customer,38,Business travel,Eco Plus,145,4,5,5,5,4,4,4,4,1,1,4,4,4,4,35,32.0,1
Female,Loyal Customer,56,Business travel,Business,2770,5,1,5,5,5,5,5,4,4,4,4,3,4,3,0,0.0,1
Female,Loyal Customer,53,Personal Travel,Eco,1005,2,5,3,3,4,4,4,5,5,3,5,5,5,4,0,0.0,1
Female,Loyal Customer,15,Personal Travel,Eco,1728,4,4,4,3,5,4,5,5,3,2,5,4,4,5,2,6.0,1
Male,disloyal Customer,26,Business travel,Eco,842,2,2,2,2,5,2,5,5,3,2,3,3,3,5,0,0.0,1
Male,disloyal Customer,42,Business travel,Business,233,3,3,3,3,2,3,2,2,3,1,3,3,3,2,2,0.0,0
Female,Loyal Customer,60,Business travel,Business,2566,1,1,1,1,3,2,3,1,1,2,1,3,1,3,4,0.0,0
Male,Loyal Customer,48,Personal Travel,Eco,602,3,4,3,4,3,3,3,3,3,1,4,4,3,3,42,37.0,0
Male,disloyal Customer,30,Business travel,Business,1136,0,1,1,1,5,1,5,5,3,4,4,5,4,5,0,0.0,1
Male,Loyal Customer,57,Business travel,Business,2136,3,3,3,3,2,3,5,3,3,4,4,2,3,1,0,0.0,0
Male,Loyal Customer,57,Personal Travel,Eco,159,3,5,3,3,1,3,1,1,3,4,4,5,4,1,83,82.0,0
Male,disloyal Customer,25,Business travel,Eco,589,3,3,3,2,2,3,2,2,3,2,2,5,2,2,2,13.0,0
Female,Loyal Customer,69,Personal Travel,Eco,307,5,5,5,2,5,4,5,4,4,5,4,5,4,3,13,16.0,1
Male,Loyal Customer,53,Personal Travel,Eco,109,3,0,3,3,1,3,1,1,4,5,4,5,4,1,0,0.0,0
Female,Loyal Customer,43,Business travel,Business,1671,3,3,3,3,2,4,4,5,5,5,5,3,5,5,9,0.0,1
Female,Loyal Customer,13,Business travel,Business,853,2,5,2,5,2,2,2,2,3,1,3,3,4,2,4,2.0,0
Female,Loyal Customer,47,Personal Travel,Eco,1744,1,2,1,4,2,4,3,3,3,1,3,1,3,4,8,6.0,0
Female,disloyal Customer,28,Business travel,Eco,1134,5,5,5,4,5,5,5,5,1,2,2,2,1,5,16,3.0,1
Male,Loyal Customer,19,Personal Travel,Eco,328,2,0,2,1,3,2,1,3,3,5,5,5,5,3,0,0.0,0
Male,Loyal Customer,57,Business travel,Business,2619,1,1,1,1,4,5,4,4,4,4,4,3,4,4,0,0.0,1
Female,disloyal Customer,39,Business travel,Business,482,2,2,2,4,1,2,1,1,4,2,5,3,4,1,11,7.0,0
Female,Loyal Customer,30,Business travel,Business,1914,4,4,4,4,4,4,4,4,5,4,4,5,5,4,0,21.0,1
Female,Loyal Customer,27,Personal Travel,Eco Plus,1947,4,5,4,1,1,4,1,1,5,4,5,4,4,1,0,0.0,0
Female,Loyal Customer,39,Business travel,Business,3955,0,3,0,1,2,4,3,5,5,5,5,4,5,2,0,0.0,1
Male,disloyal Customer,38,Business travel,Business,270,3,3,3,2,5,3,5,5,5,4,5,5,4,5,5,3.0,1
Male,disloyal Customer,49,Business travel,Eco Plus,302,5,5,5,1,3,5,3,3,1,4,1,2,4,3,0,0.0,0
Female,Loyal Customer,48,Personal Travel,Eco,861,3,5,3,4,2,5,4,2,2,3,2,5,2,5,0,0.0,0
Female,Loyal Customer,26,Personal Travel,Eco,247,3,2,3,4,5,3,5,5,1,4,3,1,3,5,2,0.0,1
Male,Loyal Customer,45,Personal Travel,Eco Plus,458,4,4,4,2,3,4,3,3,3,5,5,4,5,3,0,13.0,1
Female,Loyal Customer,51,Business travel,Eco,109,5,4,4,4,1,1,3,5,5,5,5,3,5,5,0,0.0,1
Female,Loyal Customer,30,Business travel,Business,3556,1,1,3,1,5,5,4,5,4,2,4,5,4,5,0,8.0,1
Female,Loyal Customer,28,Personal Travel,Eco,680,4,5,4,1,4,4,2,4,3,2,4,5,4,4,3,1.0,1
Female,Loyal Customer,70,Business travel,Business,3405,5,5,5,5,4,5,3,4,4,4,4,5,4,1,0,0.0,1
Male,Loyal Customer,56,Business travel,Business,2489,1,2,2,2,3,3,4,1,1,1,1,4,1,3,0,0.0,0
Male,disloyal Customer,44,Business travel,Business,337,3,3,3,2,2,3,2,2,1,2,3,1,3,2,0,0.0,0
Female,Loyal Customer,56,Personal Travel,Eco,545,3,4,3,1,1,1,1,4,4,3,4,3,4,3,4,0.0,0
Female,Loyal Customer,39,Business travel,Business,1438,4,1,4,4,3,5,4,5,5,5,5,4,5,5,19,24.0,1
Male,Loyal Customer,39,Personal Travel,Eco,667,1,5,1,3,4,1,1,4,4,3,5,5,5,4,0,0.0,0
Male,Loyal Customer,51,Personal Travel,Eco,160,1,5,1,2,4,1,4,4,3,4,5,4,5,4,0,0.0,1
Male,Loyal Customer,40,Business travel,Eco,617,4,3,3,3,4,4,4,4,4,2,2,1,5,4,0,0.0,1
Male,Loyal Customer,40,Business travel,Business,4000,4,4,4,4,5,3,5,5,5,4,5,3,5,5,0,0.0,1
Male,Loyal Customer,40,Business travel,Business,1546,1,1,2,1,3,5,5,5,5,5,5,4,5,4,1,0.0,1
Male,Loyal Customer,53,Business travel,Business,2521,1,1,4,1,2,3,4,4,4,4,4,5,4,4,0,9.0,1
Female,Loyal Customer,56,Personal Travel,Eco,486,3,2,3,3,3,3,3,5,5,3,5,2,5,2,11,0.0,1
Female,Loyal Customer,56,Business travel,Business,3294,5,5,5,5,2,1,5,4,4,4,4,2,4,5,0,0.0,1
Female,disloyal Customer,32,Business travel,Business,772,4,4,4,3,5,4,5,5,5,5,5,3,5,5,0,0.0,1
Male,Loyal Customer,25,Business travel,Eco,308,2,2,2,2,2,2,4,2,3,4,4,3,3,2,0,0.0,0
Male,Loyal Customer,12,Personal Travel,Eco,591,1,2,1,4,3,1,3,3,4,4,2,1,3,3,47,39.0,0
Male,Loyal Customer,56,Business travel,Business,140,4,1,1,1,2,3,3,2,2,2,4,3,2,4,15,21.0,0
Female,Loyal Customer,70,Personal Travel,Business,222,2,0,2,3,4,4,1,4,4,2,4,3,4,2,0,0.0,0
Female,Loyal Customer,51,Business travel,Business,3601,4,4,4,4,2,2,4,5,5,5,4,4,5,3,0,3.0,1
Female,Loyal Customer,57,Personal Travel,Eco,628,4,5,4,5,4,5,5,5,5,4,5,5,5,4,0,0.0,1
Male,disloyal Customer,22,Business travel,Business,808,4,0,4,2,2,4,2,2,5,2,5,5,5,2,0,0.0,0
Male,Loyal Customer,66,Personal Travel,Eco,1533,2,4,2,3,1,2,4,1,5,5,5,3,4,1,2,0.0,0
Male,Loyal Customer,64,Personal Travel,Eco,327,5,0,3,3,5,3,4,5,5,4,5,4,4,5,0,0.0,1
Female,disloyal Customer,29,Business travel,Business,1166,2,2,2,2,3,2,3,3,5,4,5,4,5,3,0,0.0,1
Female,Loyal Customer,24,Personal Travel,Eco,417,2,1,2,2,5,2,5,5,1,4,2,1,2,5,1,0.0,0
Female,Loyal Customer,59,Business travel,Business,957,4,4,4,4,5,5,5,5,5,5,5,3,5,5,81,67.0,1
Male,Loyal Customer,44,Personal Travel,Eco,2174,3,4,3,3,3,3,3,3,2,1,4,3,3,3,0,0.0,0
Male,Loyal Customer,66,Business travel,Eco,1121,2,2,2,2,2,2,2,2,1,5,4,4,3,2,41,38.0,0
Female,Loyal Customer,37,Personal Travel,Eco,90,3,3,3,3,1,3,1,1,3,4,3,4,3,1,28,29.0,0
Female,Loyal Customer,27,Business travel,Business,2355,4,4,4,4,4,5,4,4,3,2,4,2,1,4,0,0.0,1
Female,Loyal Customer,9,Personal Travel,Eco,239,5,4,5,2,1,5,1,1,3,5,2,2,3,1,1,2.0,0
Male,disloyal Customer,42,Business travel,Eco,376,3,0,3,5,5,3,5,5,4,4,4,3,2,5,0,0.0,1
Female,Loyal Customer,55,Business travel,Business,2064,3,3,3,3,5,4,4,3,3,3,3,4,3,3,32,18.0,1
Male,Loyal Customer,52,Business travel,Business,1183,2,2,2,2,2,4,5,2,2,2,2,3,2,5,0,0.0,0
Female,Loyal Customer,51,Business travel,Business,472,1,1,1,1,4,4,5,5,5,5,5,3,5,3,0,3.0,1
Female,Loyal Customer,59,Personal Travel,Eco,522,1,3,1,3,3,4,3,4,4,1,4,4,4,2,0,0.0,0
Female,Loyal Customer,52,Personal Travel,Eco,1120,1,5,1,2,5,5,4,5,5,1,5,4,5,3,8,5.0,1
Female,Loyal Customer,57,Business travel,Eco,793,2,1,1,1,4,3,3,2,2,2,2,3,2,3,51,32.0,0
Male,disloyal Customer,36,Business travel,Business,223,3,3,3,3,4,3,4,4,5,4,5,4,5,4,0,0.0,1
Male,Loyal Customer,24,Personal Travel,Eco,697,4,5,4,3,4,4,5,4,5,5,5,3,4,4,42,33.0,1
Male,Loyal Customer,46,Business travel,Eco,425,4,4,4,4,4,4,4,4,4,2,4,1,5,4,0,0.0,1
Female,Loyal Customer,59,Business travel,Eco,937,3,5,5,5,1,3,4,4,4,3,4,1,4,1,44,30.0,0
Male,Loyal Customer,52,Business travel,Business,3785,4,4,4,4,2,4,4,4,4,4,4,4,4,5,0,0.0,1
Male,Loyal Customer,38,Business travel,Business,2880,1,1,1,1,1,1,2,5,5,5,5,4,5,2,0,6.0,1
Male,Loyal Customer,43,Business travel,Business,148,5,5,4,5,2,4,5,4,4,4,5,3,4,4,0,13.0,1
Female,Loyal Customer,52,Business travel,Eco,602,2,1,1,1,4,2,2,2,2,2,2,1,2,1,86,108.0,0
Male,Loyal Customer,41,Business travel,Eco,128,4,3,3,3,3,4,3,3,3,4,1,2,3,3,0,3.0,0
Female,Loyal Customer,68,Personal Travel,Eco,833,2,5,2,2,3,5,4,2,2,2,2,3,2,3,0,0.0,0
Female,Loyal Customer,69,Personal Travel,Eco,937,3,4,3,3,5,5,4,2,2,3,5,4,2,5,15,3.0,1
Female,Loyal Customer,49,Personal Travel,Business,496,4,4,4,2,3,4,4,2,2,4,2,5,2,5,0,0.0,1
Male,Loyal Customer,54,Personal Travel,Eco,748,3,4,3,4,1,3,1,1,4,5,5,3,5,1,0,0.0,0
Male,Loyal Customer,8,Business travel,Eco,841,3,1,1,1,3,3,1,3,1,2,3,2,4,3,24,19.0,0
Female,Loyal Customer,55,Business travel,Business,1416,5,5,5,5,5,4,5,5,5,5,5,5,5,5,0,0.0,1
Male,Loyal Customer,57,Business travel,Business,3392,1,1,1,1,5,5,5,4,4,4,5,3,4,5,19,34.0,1
Female,Loyal Customer,64,Personal Travel,Eco,1173,3,5,3,1,5,5,5,3,3,3,3,5,3,5,79,80.0,1
Female,Loyal Customer,29,Business travel,Business,740,3,3,3,3,4,4,4,5,3,5,5,4,3,4,219,223.0,1
Female,Loyal Customer,53,Business travel,Business,2143,1,4,4,4,2,3,3,1,1,2,1,4,1,1,51,44.0,0
Female,Loyal Customer,48,Business travel,Business,3093,0,0,0,1,5,5,4,5,5,5,3,5,5,4,93,102.0,1
Male,Loyal Customer,51,Personal Travel,Eco,1598,0,5,0,2,3,0,1,3,3,2,3,3,4,3,1,1.0,0
Male,disloyal Customer,26,Business travel,Eco,192,3,2,3,4,5,3,5,5,1,4,3,2,3,5,64,58.0,1
Male,Loyal Customer,62,Personal Travel,Eco,631,3,5,3,1,2,3,4,2,3,2,2,4,2,2,0,0.0,0
Female,disloyal Customer,26,Business travel,Business,631,3,0,4,3,1,4,1,1,4,2,5,4,5,1,0,0.0,0
Female,Loyal Customer,24,Business travel,Business,2651,5,5,5,5,4,4,4,4,4,2,3,1,2,4,1,4.0,1
Female,Loyal Customer,45,Business travel,Business,1600,3,2,2,2,4,4,4,3,3,3,3,2,3,4,0,0.0,1
Female,Loyal Customer,33,Business travel,Eco,192,2,1,1,1,2,2,2,2,4,2,3,4,4,2,41,38.0,0
Male,disloyal Customer,22,Business travel,Eco,528,2,3,2,3,4,2,4,4,2,4,4,4,3,4,0,0.0,1
Male,disloyal Customer,20,Personal Travel,Eco,1075,3,5,3,3,1,3,1,1,3,4,4,4,5,1,0,0.0,0
Female,Loyal Customer,10,Personal Travel,Eco,957,3,5,3,3,3,3,3,3,5,5,4,5,4,3,0,0.0,1
Male,Loyal Customer,28,Personal Travel,Business,2182,3,5,3,5,3,3,3,3,5,2,3,1,1,3,0,0.0,0
Female,Loyal Customer,55,Business travel,Business,1562,1,1,1,1,2,5,4,5,5,5,5,4,5,4,0,0.0,1
Male,disloyal Customer,33,Business travel,Eco,577,3,2,3,4,2,3,1,2,1,4,3,4,3,2,0,0.0,0
Male,Loyal Customer,42,Business travel,Eco,646,2,1,1,1,3,2,3,3,3,3,3,1,3,3,0,0.0,0
Female,Loyal Customer,22,Business travel,Business,2552,5,5,5,5,1,2,1,1,5,5,5,3,4,1,22,2.0,0
Male,Loyal Customer,29,Personal Travel,Eco,1034,2,2,2,2,4,2,4,4,1,3,1,2,1,4,17,3.0,0
Female,Loyal Customer,55,Business travel,Business,429,2,2,2,2,3,5,5,5,5,5,5,3,5,5,0,0.0,1
Female,disloyal Customer,26,Business travel,Business,432,0,0,0,4,3,0,3,3,4,5,4,4,4,3,0,0.0,0
Female,Loyal Customer,69,Personal Travel,Eco,1105,3,1,3,2,1,3,3,2,2,3,2,1,2,1,11,15.0,0
Female,Loyal Customer,53,Personal Travel,Eco,1121,2,4,2,3,3,5,4,5,5,2,5,3,5,4,1,0.0,1
Female,Loyal Customer,13,Personal Travel,Business,223,2,5,0,5,3,0,3,3,4,3,4,5,5,3,0,0.0,0
Male,disloyal Customer,18,Business travel,Business,1188,4,5,4,3,1,4,1,1,5,5,2,1,2,1,5,9.0,0
Male,Loyal Customer,37,Personal Travel,Eco Plus,374,3,4,3,3,5,3,5,5,5,3,4,3,4,5,6,6.0,1
Female,disloyal Customer,64,Business travel,Business,280,5,5,5,5,4,5,3,4,3,5,5,4,4,4,0,0.0,1
Female,Loyal Customer,10,Personal Travel,Eco,337,2,3,5,2,4,5,4,4,5,1,3,4,4,4,0,0.0,1
Male,Loyal Customer,16,Personal Travel,Eco,770,3,5,3,4,4,3,4,4,3,3,4,5,5,4,48,44.0,1
Female,disloyal Customer,25,Business travel,Eco,632,4,2,4,2,3,4,1,3,3,1,3,3,2,3,0,0.0,0
Female,Loyal Customer,19,Personal Travel,Eco Plus,455,2,4,2,1,3,2,3,3,3,3,4,3,4,3,10,38.0,0
Male,Loyal Customer,25,Business travel,Business,1258,5,5,5,5,5,5,5,5,3,2,4,3,5,5,0,0.0,1
Female,Loyal Customer,11,Personal Travel,Eco,2106,3,3,3,1,5,3,5,5,4,3,3,3,3,5,0,0.0,1
Female,Loyal Customer,35,Personal Travel,Eco,550,3,0,3,3,3,3,1,3,4,2,5,3,5,3,26,95.0,0
Male,Loyal Customer,39,Business travel,Eco,1042,1,2,2,2,1,2,1,1,2,5,2,1,2,1,0,0.0,0
Female,Loyal Customer,25,Business travel,Business,3647,3,3,2,3,3,3,3,3,3,4,3,2,3,3,0,3.0,0
Male,Loyal Customer,50,Business travel,Eco,84,5,3,3,3,5,5,5,5,1,3,5,5,1,5,5,5.0,1
Male,Loyal Customer,33,Personal Travel,Eco,283,4,5,2,3,1,2,1,1,5,4,4,5,4,1,0,0.0,0
Female,Loyal Customer,53,Business travel,Eco Plus,332,2,3,3,3,1,4,3,1,1,2,1,2,1,1,85,92.0,0
Female,Loyal Customer,51,Business travel,Eco Plus,990,5,4,4,4,2,5,4,5,5,5,5,4,5,5,0,0.0,1
Male,Loyal Customer,53,Personal Travel,Eco,857,3,4,3,4,3,3,2,3,3,1,2,1,2,3,22,15.0,0
Male,Loyal Customer,52,Personal Travel,Eco,643,4,2,4,2,4,4,4,4,3,4,3,3,3,4,0,0.0,1
Male,Loyal Customer,59,Business travel,Eco,846,2,4,4,4,2,2,2,2,1,4,3,3,3,2,11,10.0,0
Female,Loyal Customer,40,Business travel,Business,2475,5,5,5,5,4,5,4,5,5,5,5,3,5,5,41,63.0,1
Female,Loyal Customer,60,Business travel,Business,1460,3,4,2,4,4,4,3,3,3,3,3,2,3,4,0,17.0,1
Female,disloyal Customer,20,Business travel,Eco,190,1,0,2,3,4,2,2,4,4,4,3,3,3,4,0,8.0,0
Male,disloyal Customer,27,Business travel,Business,545,4,4,4,3,2,4,1,2,5,3,5,4,4,2,0,0.0,0
Female,Loyal Customer,47,Business travel,Eco Plus,612,4,2,2,2,2,4,4,4,4,4,4,2,4,2,43,36.0,1
Male,Loyal Customer,41,Business travel,Business,907,5,5,5,5,2,4,4,4,4,4,4,4,4,3,0,0.0,1
Male,Loyal Customer,27,Personal Travel,Eco,255,4,4,4,4,4,4,4,4,5,4,1,1,1,4,39,43.0,1
Female,Loyal Customer,28,Business travel,Business,3559,3,4,4,4,3,3,3,3,1,3,3,3,4,3,29,18.0,0
Male,disloyal Customer,25,Business travel,Business,577,1,4,1,2,5,1,5,5,4,2,4,4,4,5,0,0.0,1
Male,Loyal Customer,63,Business travel,Eco,293,4,5,2,5,4,4,4,4,4,3,4,1,3,4,0,0.0,1
Female,disloyal Customer,45,Business travel,Eco,131,4,3,4,5,1,4,1,1,3,2,4,1,5,1,0,0.0,0
Female,Loyal Customer,32,Business travel,Business,2509,3,3,3,3,5,5,5,5,3,2,1,4,1,5,0,0.0,1
Female,Loyal Customer,9,Personal Travel,Eco,983,2,4,2,2,1,2,1,1,4,4,5,5,4,1,0,65.0,0
Female,disloyal Customer,43,Business travel,Eco Plus,89,3,3,3,2,4,3,5,4,3,2,5,5,5,4,0,0.0,1
Male,Loyal Customer,33,Business travel,Business,2437,1,4,2,4,1,1,1,1,3,4,3,3,4,1,30,24.0,0
Male,Loyal Customer,27,Business travel,Eco Plus,227,3,5,3,5,3,4,3,3,4,1,2,1,1,3,0,0.0,0
Female,Loyal Customer,45,Business travel,Business,1999,2,2,2,2,2,5,4,3,3,3,3,3,3,5,0,0.0,1
Female,Loyal Customer,41,Business travel,Business,1590,5,5,5,5,4,3,5,3,3,4,3,3,3,5,16,4.0,1
Female,Loyal Customer,29,Business travel,Eco Plus,737,4,2,2,2,4,4,4,4,3,2,1,4,2,4,0,0.0,1
Male,Loyal Customer,42,Business travel,Business,2761,1,5,5,5,5,3,4,1,1,1,1,4,1,3,0,0.0,0
Male,Loyal Customer,58,Personal Travel,Eco,1400,3,5,3,3,4,3,4,4,3,4,5,5,4,4,0,0.0,1
Male,disloyal Customer,19,Business travel,Eco,163,3,0,3,5,5,3,3,5,3,5,4,4,5,5,0,0.0,1
Female,Loyal Customer,40,Business travel,Business,3187,3,3,3,3,3,4,5,4,4,4,4,3,4,4,0,0.0,1
Female,Loyal Customer,17,Personal Travel,Eco,409,1,4,1,5,1,1,1,1,3,3,5,4,4,1,0,0.0,0
Male,Loyal Customer,15,Personal Travel,Eco,862,3,3,3,4,4,3,4,4,3,3,3,4,3,4,10,1.0,1
Female,Loyal Customer,46,Personal Travel,Business,247,2,5,2,3,3,4,5,1,1,2,1,4,1,4,0,0.0,0
Female,disloyal Customer,25,Business travel,Eco,1069,3,4,4,3,3,3,3,3,2,3,3,4,4,3,0,0.0,0
Female,disloyal Customer,22,Business travel,Eco,1110,3,3,3,4,4,3,4,4,2,4,3,3,3,4,0,0.0,1
Male,Loyal Customer,48,Personal Travel,Eco,773,4,4,5,2,3,5,3,3,4,5,5,5,4,3,0,4.0,1
Male,Loyal Customer,58,Business travel,Business,316,1,1,1,1,5,5,4,5,5,5,5,5,5,3,0,0.0,1
Female,Loyal Customer,46,Personal Travel,Eco,641,2,5,2,4,3,2,4,2,2,2,2,5,2,2,8,9.0,0
Female,Loyal Customer,41,Personal Travel,Eco,157,3,1,0,4,4,0,4,4,3,2,3,2,4,4,0,0.0,0
Female,Loyal Customer,12,Personal Travel,Eco,1844,1,5,1,1,2,1,2,2,4,4,5,3,4,2,41,44.0,0
Male,Loyal Customer,42,Business travel,Business,3548,1,1,1,1,3,4,4,5,5,4,5,4,5,5,23,20.0,1
Female,Loyal Customer,45,Business travel,Business,3158,4,4,4,4,5,3,2,2,2,2,2,5,2,4,0,0.0,0
Female,Loyal Customer,50,Business travel,Business,3654,2,4,4,4,1,3,3,2,2,2,2,1,2,3,0,0.0,0
Male,Loyal Customer,13,Personal Travel,Business,399,2,5,2,4,5,2,5,5,1,5,4,2,2,5,0,2.0,1
Male,Loyal Customer,41,Business travel,Eco,866,2,1,1,1,1,2,1,1,2,5,3,1,4,1,0,9.0,0
Female,disloyal Customer,25,Business travel,Eco,116,2,1,2,3,2,4,4,1,3,4,3,4,2,4,140,133.0,0
Male,Loyal Customer,21,Personal Travel,Eco,373,2,3,1,1,3,1,3,3,4,4,5,2,3,3,0,0.0,0
Female,Loyal Customer,7,Personal Travel,Eco Plus,2586,2,5,2,3,3,2,3,3,4,5,4,5,4,3,6,11.0,1
Female,Loyal Customer,19,Personal Travel,Eco,372,2,5,2,1,3,2,3,3,3,2,5,3,5,3,3,17.0,0
Female,Loyal Customer,58,Personal Travel,Eco,1464,2,5,2,4,4,5,4,2,2,2,5,4,2,3,1,0.0,0
Male,Loyal Customer,8,Personal Travel,Eco,2075,3,5,3,4,2,3,5,2,4,4,5,3,4,2,21,28.0,0
Male,Loyal Customer,26,Personal Travel,Eco,882,4,1,4,4,1,4,2,1,4,5,3,3,4,1,0,0.0,0
Female,Loyal Customer,33,Business travel,Business,430,3,2,2,2,1,3,3,3,3,4,3,4,3,3,3,2.0,0
Male,Loyal Customer,34,Business travel,Business,544,2,2,2,2,5,5,4,5,5,5,5,5,5,4,0,0.0,1
Male,Loyal Customer,27,Personal Travel,Eco Plus,838,4,3,4,3,5,4,5,5,2,1,4,4,3,5,0,0.0,1
Female,Loyal Customer,79,Business travel,Eco,736,4,4,3,4,5,2,3,4,4,4,4,1,4,1,0,0.0,1
Female,Loyal Customer,26,Personal Travel,Eco,819,1,5,1,3,3,1,3,3,3,4,3,3,4,3,28,26.0,0
Female,disloyal Customer,46,Business travel,Business,2370,5,5,5,3,5,5,4,5,4,5,5,3,4,5,0,0.0,1
Male,Loyal Customer,42,Business travel,Eco Plus,1133,5,1,1,1,4,5,4,4,4,5,2,2,2,4,80,100.0,1
Female,Loyal Customer,28,Business travel,Business,862,1,4,4,4,1,1,1,1,1,2,4,1,4,1,3,28.0,0
Male,Loyal Customer,45,Business travel,Business,1847,4,4,4,4,4,4,5,4,4,4,4,3,4,3,0,5.0,1
Male,Loyal Customer,42,Personal Travel,Eco,305,1,4,1,1,5,1,5,5,4,3,5,5,5,5,0,0.0,1
Male,disloyal Customer,27,Business travel,Business,1491,2,2,2,1,4,2,4,4,5,4,5,5,4,4,0,0.0,1
Male,Loyal Customer,35,Business travel,Business,2613,4,2,3,2,1,4,4,1,1,1,4,1,1,1,78,62.0,0
Female,Loyal Customer,57,Business travel,Business,2454,2,2,2,2,5,4,4,4,4,4,4,3,4,4,9,0.0,1
Female,Loyal Customer,63,Personal Travel,Eco,2860,2,5,2,1,2,4,4,5,4,5,5,4,3,4,0,16.0,1
Female,disloyal Customer,40,Personal Travel,Eco,2486,1,4,1,4,1,3,4,1,3,3,3,4,2,4,0,5.0,0
Male,disloyal Customer,23,Business travel,Business,224,0,0,0,3,1,0,1,1,2,5,2,3,4,1,10,13.0,0
Male,Loyal Customer,25,Personal Travel,Eco,793,3,4,2,4,5,2,5,5,4,2,5,3,4,5,7,23.0,1
Female,disloyal Customer,11,Personal Travel,Eco,853,2,4,2,4,5,2,5,5,5,4,4,1,4,5,0,0.0,1
Male,Loyal Customer,39,Personal Travel,Eco,369,2,5,2,5,1,2,1,1,4,5,2,5,2,1,0,0.0,0
Female,Loyal Customer,27,Business travel,Business,2712,3,3,3,3,4,4,4,4,4,2,2,5,5,4,0,0.0,1
Female,Loyal Customer,71,Business travel,Business,3404,3,3,2,3,5,4,4,4,4,4,4,5,4,4,0,0.0,1
Male,Loyal Customer,55,Business travel,Business,2601,3,1,3,1,1,3,3,3,3,3,3,1,3,2,0,0.0,0
Female,disloyal Customer,38,Business travel,Eco Plus,229,4,3,3,2,5,3,5,5,2,3,4,4,4,5,0,5.0,1
Female,Loyal Customer,39,Business travel,Business,2068,3,5,3,3,5,5,4,4,4,4,4,5,4,4,0,0.0,1
Male,disloyal Customer,31,Business travel,Eco,1056,1,1,1,3,2,1,2,2,3,5,3,3,3,2,0,0.0,0
Male,Loyal Customer,59,Business travel,Business,3091,1,1,1,1,5,5,4,5,5,5,5,4,5,3,0,0.0,1
Male,disloyal Customer,57,Business travel,Eco,852,1,1,1,3,3,1,3,3,2,1,2,4,2,3,2,30.0,0
Female,disloyal Customer,23,Business travel,Eco,563,5,0,5,2,2,5,2,2,3,1,1,4,3,2,0,0.0,0
Male,Loyal Customer,52,Personal Travel,Eco,577,3,3,3,4,1,3,1,1,2,2,4,2,4,1,10,23.0,0
Female,Loyal Customer,50,Business travel,Business,1096,5,5,5,5,3,4,5,4,4,4,4,4,4,4,0,49.0,1
Female,Loyal Customer,15,Business travel,Eco,544,4,3,3,3,4,4,4,4,3,2,4,3,4,4,15,40.0,1
Male,disloyal Customer,54,Business travel,Eco,878,4,4,4,4,4,4,4,4,3,1,3,4,5,4,0,0.0,1
Female,Loyal Customer,32,Personal Travel,Eco,480,1,3,1,3,2,1,4,2,4,5,3,1,3,2,0,0.0,0
Male,Loyal Customer,15,Personal Travel,Eco Plus,627,1,4,0,3,3,0,3,3,4,3,3,4,4,3,42,35.0,0
Male,disloyal Customer,22,Business travel,Business,1157,2,4,2,3,4,2,4,4,4,5,3,3,4,4,13,4.0,1
Male,Loyal Customer,31,Business travel,Business,2413,5,5,5,5,3,4,3,3,5,2,4,5,5,3,0,0.0,1
Female,disloyal Customer,32,Business travel,Eco,351,3,5,3,1,1,3,1,1,2,1,2,5,2,1,0,0.0,0
Female,Loyal Customer,59,Business travel,Business,3558,2,2,2,2,5,5,4,5,5,5,5,5,5,3,0,0.0,1
Male,Loyal Customer,30,Business travel,Business,2486,5,5,5,5,4,4,4,3,5,5,5,4,5,4,0,9.0,1
Male,disloyal Customer,23,Business travel,Eco,462,1,0,2,3,2,5,5,3,4,4,5,5,4,5,131,138.0,1
Female,Loyal Customer,40,Business travel,Eco,525,4,3,2,3,4,4,4,4,5,3,2,4,4,4,0,0.0,1
Female,disloyal Customer,25,Business travel,Eco,569,4,2,5,4,3,5,3,3,2,4,4,4,3,3,1,0.0,1
Male,Loyal Customer,56,Personal Travel,Eco,563,4,4,4,1,3,4,3,3,5,4,4,4,4,3,0,0.0,1
Male,Loyal Customer,35,Personal Travel,Eco,101,4,5,0,3,5,0,5,5,4,3,3,4,2,5,0,0.0,1
Female,Loyal Customer,65,Personal Travel,Eco,141,3,2,3,4,5,3,4,3,3,3,3,2,3,3,0,0.0,0
Female,Loyal Customer,37,Business travel,Business,3972,4,4,4,4,2,4,4,4,4,4,4,3,4,5,0,0.0,1
Female,disloyal Customer,15,Business travel,Eco,247,2,0,2,3,4,2,4,4,5,5,5,5,5,4,0,0.0,1
Female,disloyal Customer,35,Business travel,Business,1846,3,3,3,4,3,3,3,3,5,2,4,3,4,3,21,2.0,1
Male,Loyal Customer,27,Business travel,Eco Plus,657,0,0,0,1,5,0,5,5,3,1,2,4,2,5,0,0.0,0
Male,Loyal Customer,21,Personal Travel,Eco Plus,523,4,4,4,4,4,4,4,4,3,3,5,3,5,4,0,0.0,1
Female,Loyal Customer,16,Personal Travel,Eco,946,2,3,2,1,2,2,2,2,5,2,3,1,1,2,0,0.0,0
Male,Loyal Customer,54,Personal Travel,Eco,532,1,4,1,2,3,1,3,3,5,4,4,5,5,3,0,0.0,0
Male,Loyal Customer,40,Business travel,Business,2165,4,4,4,4,5,5,5,3,3,3,3,5,3,3,0,0.0,1
Female,Loyal Customer,63,Personal Travel,Eco,1517,1,5,0,1,5,4,4,3,3,0,3,3,3,5,20,17.0,0
Female,Loyal Customer,15,Personal Travel,Eco,2588,3,5,3,1,3,5,4,5,4,4,5,4,3,4,0,31.0,1
Female,Loyal Customer,33,Business travel,Business,1488,2,1,4,1,3,1,2,2,2,2,2,2,2,3,0,6.0,0
Female,Loyal Customer,36,Personal Travel,Eco Plus,719,2,5,3,3,4,3,4,4,4,1,3,4,1,4,6,11.0,0
Female,Loyal Customer,26,Personal Travel,Eco,106,3,4,0,4,4,0,4,4,4,5,4,4,5,4,47,36.0,1
Male,disloyal Customer,26,Business travel,Business,621,5,5,5,3,3,5,3,3,5,5,4,5,5,3,68,54.0,1
Female,Loyal Customer,45,Business travel,Business,483,2,2,2,2,4,4,2,4,4,4,4,1,4,5,92,84.0,1
Female,disloyal Customer,24,Business travel,Eco Plus,644,5,1,5,2,2,1,2,2,3,5,3,3,1,2,3,6.0,0
Male,Loyal Customer,13,Personal Travel,Eco,1009,3,3,3,2,5,3,5,5,2,3,3,3,2,5,9,12.0,1
Female,Loyal Customer,31,Business travel,Business,1669,1,1,1,1,4,5,4,4,3,2,5,3,4,4,2,14.0,1
Male,disloyal Customer,22,Business travel,Business,1009,4,0,4,3,2,4,2,2,4,3,5,4,4,2,50,34.0,0
Female,Loyal Customer,43,Business travel,Business,2006,3,3,3,3,3,5,4,5,5,5,5,4,5,4,2,1.0,1
Female,disloyal Customer,49,Business travel,Eco,984,1,1,1,1,1,1,1,1,2,2,1,3,5,1,0,0.0,0
Male,Loyal Customer,36,Business travel,Eco Plus,1249,4,5,5,5,4,4,4,4,1,3,5,5,2,4,16,0.0,1
Male,Loyal Customer,50,Business travel,Business,1576,5,5,5,5,4,3,3,3,3,3,3,4,3,3,0,0.0,1
Male,Loyal Customer,20,Business travel,Business,2255,4,4,4,4,4,3,4,4,4,3,5,5,4,4,0,0.0,1
Female,Loyal Customer,71,Business travel,Eco,760,4,4,4,4,2,4,3,4,4,4,4,4,4,1,16,4.0,1
Female,Loyal Customer,41,Business travel,Business,402,2,4,4,4,3,3,3,2,2,2,2,3,2,2,0,31.0,0
Male,Loyal Customer,28,Business travel,Business,3625,5,5,5,5,5,5,5,5,3,5,4,4,5,5,0,0.0,1
Female,Loyal Customer,45,Personal Travel,Eco,822,3,4,3,5,4,5,5,2,2,3,2,4,2,4,9,0.0,0
Male,disloyal Customer,16,Business travel,Eco,628,3,3,3,3,1,3,3,1,4,1,4,1,3,1,21,14.0,0
Female,Loyal Customer,14,Personal Travel,Eco,296,2,5,2,1,4,2,4,4,5,4,4,4,5,4,35,27.0,1
Female,Loyal Customer,26,Business travel,Business,3071,3,3,3,3,5,5,5,5,3,2,5,3,4,5,0,0.0,1
Male,Loyal Customer,57,Business travel,Business,89,0,4,0,4,3,4,5,4,4,4,4,5,4,4,0,0.0,1
Female,Loyal Customer,29,Business travel,Business,562,2,2,2,2,4,4,4,4,5,5,4,3,5,4,79,66.0,1
Male,disloyal Customer,26,Business travel,Eco,1328,1,1,1,3,4,1,4,4,3,5,3,1,3,4,14,4.0,0
Female,Loyal Customer,67,Business travel,Business,1009,1,1,1,1,4,5,4,5,5,5,5,3,5,5,0,0.0,1
Female,Loyal Customer,45,Business travel,Business,1816,0,0,0,1,5,4,4,4,4,4,4,4,4,3,1,0.0,1
Female,Loyal Customer,34,Personal Travel,Eco,1608,3,4,3,4,1,3,5,1,3,2,4,3,5,1,0,0.0,0
Female,disloyal Customer,55,Business travel,Business,1133,4,4,4,4,3,4,3,3,5,4,5,5,4,3,0,0.0,1
Male,Loyal Customer,44,Personal Travel,Eco,199,4,5,4,4,4,4,4,4,3,3,5,3,5,4,0,0.0,1
Male,Loyal Customer,28,Personal Travel,Eco,1009,3,4,3,2,2,3,2,2,3,1,2,5,1,2,0,0.0,0
Male,Loyal Customer,54,Business travel,Eco,799,3,5,2,5,3,3,3,3,2,1,4,4,4,3,18,0.0,0
Female,disloyal Customer,39,Business travel,Business,305,3,3,3,4,4,3,4,4,3,1,2,2,1,4,54,49.0,0
Male,Loyal Customer,30,Business travel,Business,480,1,1,1,1,3,4,3,3,4,3,4,3,4,3,19,17.0,0
Male,Loyal Customer,60,Personal Travel,Eco,1449,2,4,2,2,2,2,2,2,4,5,2,5,3,2,1,3.0,0
Male,Loyal Customer,43,Business travel,Business,2736,5,5,5,5,4,4,4,4,4,4,5,3,4,4,33,34.0,1
Male,Loyal Customer,50,Business travel,Eco,844,4,2,5,5,4,4,4,4,5,1,1,1,4,4,0,0.0,1
Male,Loyal Customer,43,Business travel,Business,1911,1,1,1,1,2,4,4,5,5,5,5,5,5,5,0,0.0,1
Male,Loyal Customer,55,Business travel,Business,235,1,1,1,1,3,5,4,5,5,5,5,4,5,4,0,0.0,1
Male,Loyal Customer,62,Personal Travel,Eco,888,5,5,5,1,5,5,5,5,2,5,1,3,4,5,38,54.0,1
Male,Loyal Customer,11,Personal Travel,Eco,192,4,5,4,4,3,4,2,3,5,5,4,3,5,3,10,0.0,1
Male,Loyal Customer,39,Business travel,Business,1346,3,3,3,3,5,5,4,1,1,2,1,5,1,5,0,0.0,0
Male,disloyal Customer,26,Business travel,Business,359,5,5,5,3,5,5,5,5,4,4,4,3,4,5,11,4.0,1
Female,Loyal Customer,43,Business travel,Business,468,2,4,4,4,3,3,2,2,2,2,2,1,2,4,0,10.0,0
Female,Loyal Customer,52,Business travel,Business,2831,3,3,3,3,4,4,5,4,4,4,4,3,4,2,0,0.0,1
Male,Loyal Customer,15,Personal Travel,Eco,368,2,5,2,4,3,2,3,3,2,1,2,3,4,3,0,0.0,0
Male,Loyal Customer,51,Business travel,Business,3647,2,2,2,2,4,3,3,2,2,2,2,3,2,1,8,11.0,0
Male,disloyal Customer,62,Business travel,Eco,813,2,2,2,3,5,2,5,5,3,1,3,4,2,5,0,0.0,1
Female,Loyal Customer,23,Business travel,Business,3758,2,3,3,3,2,2,2,2,4,3,4,3,3,2,0,3.0,0
Female,Loyal Customer,49,Personal Travel,Eco,1723,3,5,3,3,5,5,5,1,1,3,1,5,1,4,0,0.0,0
Female,Loyal Customer,52,Business travel,Business,651,2,2,2,2,5,5,5,5,5,5,5,3,5,4,0,0.0,1
Female,Loyal Customer,7,Personal Travel,Eco,744,2,5,2,2,5,2,5,5,5,3,4,4,5,5,0,0.0,1
Male,disloyal Customer,37,Business travel,Eco,618,3,3,4,4,3,4,3,3,3,3,3,4,3,3,43,50.0,0
Male,Loyal Customer,29,Business travel,Business,689,1,3,3,3,1,1,1,1,2,2,3,1,3,1,0,4.0,0
Female,Loyal Customer,66,Personal Travel,Eco,1725,1,5,1,3,3,5,4,3,3,1,4,4,3,4,77,83.0,0
Female,disloyal Customer,38,Business travel,Business,602,2,2,2,1,1,2,1,1,3,3,4,4,4,1,0,0.0,0
Female,disloyal Customer,24,Business travel,Eco,475,5,0,5,1,5,5,5,5,2,3,1,3,3,5,0,0.0,1
Female,Loyal Customer,35,Business travel,Eco,1999,2,2,2,2,2,2,2,2,3,5,4,2,4,2,0,0.0,0
Female,Loyal Customer,30,Personal Travel,Eco,373,1,4,1,4,2,1,2,2,4,4,3,1,3,2,0,0.0,0
Female,Loyal Customer,46,Business travel,Business,3229,2,2,2,2,5,5,5,3,3,4,4,5,4,5,199,194.0,1
Male,Loyal Customer,68,Business travel,Business,2992,5,5,5,5,5,4,4,5,5,5,5,5,5,5,3,0.0,1
Female,Loyal Customer,40,Business travel,Business,594,2,2,4,2,3,5,4,5,5,5,5,5,5,4,20,16.0,1
Female,Loyal Customer,52,Business travel,Eco,529,3,3,4,3,4,3,4,3,3,3,3,4,3,1,0,0.0,0
Male,Loyal Customer,31,Personal Travel,Eco Plus,925,1,4,1,5,2,1,2,2,3,3,5,4,4,2,44,17.0,0
Female,Loyal Customer,57,Personal Travel,Eco,1416,3,1,3,3,4,2,2,3,3,3,3,2,3,2,0,0.0,0
Female,Loyal Customer,55,Business travel,Business,3147,5,5,5,5,2,4,5,5,5,5,5,3,5,3,0,0.0,1
Female,Loyal Customer,50,Personal Travel,Eco,1092,3,3,2,4,3,5,2,3,3,2,1,1,3,4,0,0.0,0
Male,Loyal Customer,35,Personal Travel,Eco,621,1,4,1,4,3,1,4,3,4,5,4,4,5,3,0,0.0,0
Female,Loyal Customer,45,Personal Travel,Eco,522,4,4,4,3,3,4,5,5,5,4,5,3,5,4,23,39.0,1
Male,disloyal Customer,14,Business travel,Eco,563,3,0,4,3,2,4,2,2,4,2,5,5,1,2,0,2.0,0
Female,disloyal Customer,46,Business travel,Eco,1365,2,2,2,3,1,2,1,1,3,1,2,4,3,1,0,0.0,0
Male,Loyal Customer,46,Business travel,Business,1975,2,2,2,2,2,5,5,3,3,3,3,5,3,3,0,0.0,1
Female,Loyal Customer,11,Personal Travel,Eco,296,2,3,2,4,2,2,2,2,4,2,4,4,4,2,0,0.0,0
Male,Loyal Customer,61,Business travel,Eco,209,5,2,2,2,5,5,5,5,5,3,4,5,4,5,0,0.0,1
Male,Loyal Customer,48,Business travel,Business,1905,1,1,1,1,3,5,5,4,4,4,4,4,4,4,65,55.0,1
Female,disloyal Customer,24,Business travel,Eco,1158,1,1,1,3,1,1,1,1,2,4,4,4,4,1,92,76.0,0
Male,disloyal Customer,37,Business travel,Business,1488,2,2,2,4,4,2,4,4,3,5,5,4,4,4,1,0.0,1
Male,Loyal Customer,41,Business travel,Business,3847,5,5,5,5,4,5,4,2,2,2,2,5,2,4,0,0.0,1
Female,Loyal Customer,41,Business travel,Eco,459,3,3,3,3,3,3,3,3,4,5,3,2,2,3,0,0.0,0
Female,Loyal Customer,12,Personal Travel,Eco,190,2,5,2,2,1,2,1,1,5,3,4,3,4,1,0,0.0,0
Female,disloyal Customer,47,Business travel,Eco,106,1,2,1,1,4,1,4,4,1,5,2,3,2,4,0,0.0,0
Female,disloyal Customer,25,Business travel,Eco,277,2,2,2,4,2,2,1,2,2,4,3,1,3,2,0,29.0,0
Female,disloyal Customer,47,Business travel,Business,772,3,3,3,1,2,3,2,2,5,4,5,4,4,2,0,0.0,0
Male,Loyal Customer,32,Personal Travel,Eco,650,4,5,4,4,3,4,3,3,5,3,3,2,3,3,18,9.0,0
Female,Loyal Customer,50,Business travel,Business,237,2,2,3,2,4,4,4,5,5,5,5,3,5,4,5,0.0,1
Male,Loyal Customer,61,Personal Travel,Eco,528,1,5,1,5,2,1,2,2,5,5,4,2,2,2,0,11.0,0
Female,Loyal Customer,47,Business travel,Business,3715,5,5,5,5,4,4,4,5,5,5,5,4,5,3,3,3.0,1
Male,disloyal Customer,75,Business travel,Eco,972,2,2,2,1,4,2,4,4,5,3,4,5,1,4,0,0.0,1
Male,Loyal Customer,46,Personal Travel,Eco,1399,3,1,3,4,3,3,4,3,1,1,3,3,3,3,0,0.0,0
Male,Loyal Customer,69,Personal Travel,Eco,273,4,2,4,3,2,4,2,2,3,3,3,1,2,2,0,0.0,0
Female,Loyal Customer,45,Business travel,Business,469,2,1,1,1,1,4,3,2,2,2,2,3,2,1,0,0.0,0
Female,Loyal Customer,37,Business travel,Eco,1005,3,2,2,2,3,3,3,3,1,1,3,4,2,3,0,0.0,0
Female,Loyal Customer,20,Business travel,Eco Plus,522,2,3,3,3,2,2,3,2,1,3,3,4,3,2,61,70.0,0
Male,Loyal Customer,34,Business travel,Business,2682,3,3,3,3,2,3,5,5,5,5,5,1,5,3,68,63.0,1
Female,Loyal Customer,45,Personal Travel,Eco,1050,2,5,2,5,2,4,4,2,2,2,2,5,2,4,0,0.0,0
Male,Loyal Customer,15,Personal Travel,Eco,401,3,3,3,3,5,3,5,5,1,1,3,3,3,5,72,67.0,1
Female,Loyal Customer,55,Business travel,Business,2155,4,4,4,4,2,5,5,5,5,5,5,4,5,4,0,1.0,1
Female,Loyal Customer,41,Business travel,Business,3780,4,4,4,4,4,5,5,4,4,4,4,5,4,3,2,0.0,1
Female,Loyal Customer,55,Personal Travel,Eco,280,3,5,3,2,3,5,4,1,1,3,1,4,1,4,0,6.0,0
Male,Loyal Customer,26,Personal Travel,Eco,205,1,3,1,4,5,1,5,5,2,1,4,2,4,5,0,0.0,1
Female,Loyal Customer,59,Business travel,Business,255,5,5,5,5,4,4,5,5,5,5,5,5,5,3,75,72.0,1
Female,Loyal Customer,65,Personal Travel,Eco,304,1,2,1,4,2,4,4,5,5,1,5,2,5,4,18,15.0,1
Male,Loyal Customer,68,Personal Travel,Eco Plus,735,3,4,3,4,1,3,1,1,4,3,5,5,4,1,0,4.0,0
Male,disloyal Customer,27,Business travel,Eco,326,3,3,3,2,5,3,5,5,1,1,1,4,5,5,5,0.0,1
Male,Loyal Customer,54,Business travel,Business,2300,4,4,2,4,4,5,4,2,2,2,2,5,2,4,10,0.0,1
Male,Loyal Customer,49,Business travel,Business,190,3,3,3,3,3,4,4,5,5,5,4,4,5,5,0,0.0,1
Male,Loyal Customer,35,Personal Travel,Eco,828,4,5,4,1,5,4,5,5,3,4,5,3,4,5,3,0.0,1
Male,Loyal Customer,42,Business travel,Eco,849,3,3,3,3,2,3,2,2,4,4,2,3,2,2,38,31.0,0
Female,disloyal Customer,17,Business travel,Eco Plus,191,1,1,1,4,4,1,2,4,4,1,4,2,3,4,39,34.0,0
Female,disloyal Customer,21,Business travel,Business,1142,0,0,0,5,1,0,1,1,5,5,5,4,5,1,57,46.0,0
Female,Loyal Customer,38,Business travel,Eco,323,2,2,2,2,2,2,2,3,2,3,3,2,2,2,136,133.0,0
Female,Loyal Customer,44,Business travel,Eco,451,5,5,5,5,4,1,4,4,4,5,4,3,4,3,0,0.0,1
Female,disloyal Customer,41,Business travel,Eco,1771,3,3,3,3,2,3,2,2,4,4,2,3,4,2,20,23.0,0
Female,Loyal Customer,33,Personal Travel,Eco Plus,813,0,2,0,3,3,0,4,3,2,1,4,4,4,3,0,0.0,0
Male,disloyal Customer,23,Business travel,Business,564,5,0,5,4,4,5,4,4,5,2,5,4,5,4,3,0.0,1
Female,Loyal Customer,52,Personal Travel,Eco,2378,1,4,1,1,4,3,5,4,4,1,4,4,4,4,0,0.0,1
Male,disloyal Customer,24,Business travel,Eco,946,1,1,1,1,2,1,2,2,4,3,5,5,4,2,0,6.0,0
Male,Loyal Customer,54,Personal Travel,Eco,140,2,5,2,2,1,2,1,1,4,3,2,2,5,1,0,1.0,0
Female,Loyal Customer,24,Personal Travel,Eco,761,1,4,0,2,2,0,5,2,4,2,4,5,5,2,0,0.0,0
Male,Loyal Customer,53,Business travel,Business,888,5,5,5,5,2,5,4,5,5,5,5,5,5,3,9,0.0,1
Male,Loyal Customer,51,Business travel,Business,212,2,2,2,2,2,4,4,5,5,4,4,3,5,5,0,0.0,1
Male,Loyal Customer,69,Personal Travel,Eco,700,2,4,2,3,1,2,5,1,3,5,5,4,5,1,0,0.0,0
Male,disloyal Customer,24,Business travel,Eco,407,4,0,4,2,5,4,5,5,4,5,5,3,4,5,16,4.0,1
Female,Loyal Customer,59,Business travel,Business,377,3,3,3,3,2,5,5,2,2,2,2,3,2,4,56,33.0,0
Male,Loyal Customer,41,Business travel,Business,2522,1,1,1,1,4,3,3,1,1,1,1,4,1,1,0,0.0,0
Female,Loyal Customer,32,Business travel,Business,2695,5,5,2,5,4,4,4,4,5,5,5,4,4,4,6,13.0,1
Male,Loyal Customer,47,Personal Travel,Eco,495,5,5,5,2,4,5,4,4,3,5,4,4,4,4,4,1.0,1
Male,Loyal Customer,52,Business travel,Business,2930,4,4,4,4,2,5,4,3,3,4,3,5,3,5,116,100.0,1
Male,Loyal Customer,28,Personal Travel,Eco,296,4,4,4,4,3,4,3,3,2,2,3,2,3,3,0,0.0,0
Male,disloyal Customer,38,Business travel,Business,473,4,4,4,1,1,4,1,1,5,3,4,5,5,1,43,37.0,0
Female,Loyal Customer,23,Business travel,Business,2793,3,2,2,2,3,3,3,3,4,1,3,1,4,3,0,0.0,0
Male,Loyal Customer,17,Personal Travel,Eco,337,4,4,4,5,1,4,1,1,4,2,5,5,5,1,0,0.0,0
Female,Loyal Customer,54,Personal Travel,Eco,957,1,4,1,2,5,5,5,3,3,1,3,4,3,5,24,30.0,1
Female,Loyal Customer,60,Business travel,Business,337,2,2,2,2,4,5,2,4,4,4,4,4,4,1,0,0.0,1
Male,disloyal Customer,38,Business travel,Eco,992,4,4,4,2,4,4,4,4,4,2,2,1,2,4,14,4.0,1
Female,Loyal Customer,46,Business travel,Business,967,1,1,1,1,5,4,4,4,4,4,4,5,4,5,0,0.0,1
Female,Loyal Customer,42,Business travel,Business,1820,3,3,3,3,5,5,5,4,4,4,5,5,5,5,173,166.0,1
Female,Loyal Customer,50,Business travel,Business,2220,5,5,5,5,4,5,5,4,4,4,4,4,4,5,39,23.0,1
Female,Loyal Customer,22,Business travel,Eco Plus,641,5,5,4,5,5,5,4,5,1,2,2,1,5,5,3,0.0,1
Female,Loyal Customer,15,Personal Travel,Business,647,3,3,3,3,5,3,5,5,4,3,3,4,4,5,3,5.0,1
Male,Loyal Customer,12,Personal Travel,Eco,473,5,5,5,3,4,5,4,4,5,3,4,3,4,4,4,9.0,1
Female,Loyal Customer,34,Business travel,Business,315,4,4,4,4,5,4,4,4,4,4,4,4,4,4,0,8.0,1
Female,Loyal Customer,39,Business travel,Business,1590,5,1,5,5,2,3,5,2,2,2,2,5,2,3,7,0.0,0
Male,Loyal Customer,17,Personal Travel,Eco,449,4,3,1,4,4,1,3,4,1,3,1,5,2,4,0,16.0,0
Male,Loyal Customer,26,Personal Travel,Eco,493,3,4,3,3,3,3,3,3,4,4,4,5,5,3,0,0.0,1
Male,Loyal Customer,51,Business travel,Eco,541,2,3,3,3,2,2,2,2,3,1,3,2,2,2,6,14.0,0
Male,Loyal Customer,55,Business travel,Business,1642,1,1,1,1,5,5,5,1,2,4,3,5,3,5,173,224.0,1
Female,disloyal Customer,24,Business travel,Business,1303,4,0,4,2,5,4,5,5,3,4,4,5,5,5,0,0.0,1
Female,Loyal Customer,56,Personal Travel,Eco,945,2,2,2,4,5,4,4,2,2,2,2,4,2,2,7,0.0,0
Male,Loyal Customer,51,Business travel,Business,1895,1,4,4,4,1,3,3,3,3,3,1,3,3,1,0,0.0,0
Female,Loyal Customer,52,Business travel,Business,1847,5,5,2,5,5,5,5,4,4,4,4,3,4,4,4,0.0,1
Female,Loyal Customer,22,Business travel,Business,2612,3,3,3,3,5,5,5,5,5,5,5,3,4,5,12,8.0,1
Male,Loyal Customer,42,Business travel,Business,2405,0,0,0,2,4,1,2,4,4,4,4,5,4,5,5,7.0,1
Male,Loyal Customer,41,Personal Travel,Eco,1005,3,5,3,4,2,3,2,2,4,5,4,4,4,2,0,9.0,0
Male,Loyal Customer,68,Personal Travel,Eco,590,3,3,3,3,5,3,4,5,3,4,3,3,2,5,20,10.0,1
Female,Loyal Customer,41,Business travel,Business,2597,2,2,1,2,2,4,4,4,4,4,4,4,4,5,0,0.0,1
Male,Loyal Customer,19,Personal Travel,Eco,1892,3,5,3,2,4,3,4,4,5,3,3,1,3,4,0,0.0,1
Male,Loyal Customer,52,Personal Travel,Eco,909,2,5,2,4,5,2,5,5,3,1,5,1,1,5,5,1.0,1
Male,Loyal Customer,23,Business travel,Business,1657,3,3,3,3,4,4,4,4,4,4,5,4,4,4,0,1.0,1
Male,disloyal Customer,54,Business travel,Eco,446,2,3,3,4,5,3,4,5,3,1,4,1,4,5,0,0.0,1
Female,Loyal Customer,37,Business travel,Business,3491,1,1,5,1,4,5,5,5,5,5,5,5,5,3,0,0.0,1
Male,Loyal Customer,55,Business travel,Business,130,0,4,0,4,4,4,5,1,1,1,1,5,1,5,19,13.0,0
Female,Loyal Customer,48,Personal Travel,Eco Plus,2176,1,1,1,3,4,4,4,5,5,1,3,2,5,4,0,0.0,1
Male,Loyal Customer,45,Personal Travel,Eco,73,3,1,3,3,2,3,2,2,1,3,2,4,2,2,0,0.0,0
Female,disloyal Customer,23,Business travel,Eco,289,2,4,2,1,4,2,1,4,3,3,4,4,4,4,0,0.0,0
Male,disloyal Customer,34,Business travel,Eco,1464,2,3,3,3,5,2,5,5,3,1,3,3,2,5,78,78.0,1
Male,Loyal Customer,32,Personal Travel,Eco Plus,2562,4,3,4,4,4,4,4,4,4,2,3,2,4,4,15,0.0,1
Male,Loyal Customer,25,Personal Travel,Eco,2248,4,5,4,5,4,4,3,4,3,4,4,5,5,4,27,14.0,1
Female,Loyal Customer,51,Personal Travel,Eco,1345,1,3,1,3,3,3,3,1,1,1,1,1,1,1,0,0.0,0
Male,Loyal Customer,52,Business travel,Business,646,4,1,1,1,2,4,3,4,4,4,4,2,4,2,65,65.0,0
Male,Loyal Customer,68,Personal Travel,Eco,874,2,3,2,4,4,2,4,4,4,2,3,3,3,4,0,2.0,1
Female,Loyal Customer,34,Personal Travel,Eco,597,3,0,3,3,2,3,2,2,4,4,4,2,4,2,0,2.0,0
Female,Loyal Customer,61,Business travel,Eco Plus,597,4,2,2,2,1,3,3,4,4,4,4,3,4,5,14,14.0,1
Female,Loyal Customer,36,Business travel,Business,2570,3,3,3,3,5,2,2,4,4,4,4,4,4,2,0,17.0,1
Male,disloyal Customer,25,Business travel,Eco,1024,2,2,2,3,2,5,5,1,2,3,4,5,2,5,174,166.0,0
Male,disloyal Customer,21,Business travel,Eco,772,2,2,2,2,2,2,2,2,3,3,4,3,5,2,11,7.0,0
Male,Loyal Customer,68,Personal Travel,Eco,272,4,4,4,3,1,4,3,1,2,2,4,2,3,1,0,2.0,0
Male,Loyal Customer,41,Business travel,Business,2047,3,3,3,3,5,5,5,5,5,5,5,2,5,3,0,0.0,1
Female,Loyal Customer,42,Personal Travel,Eco,209,4,4,4,4,2,4,3,3,3,4,3,2,3,2,77,82.0,0
Male,Loyal Customer,50,Business travel,Eco,529,3,2,3,3,2,3,2,2,1,2,2,3,2,2,0,0.0,0
Female,Loyal Customer,51,Business travel,Eco,707,3,5,5,5,5,4,4,3,3,3,3,1,3,4,0,0.0,1
Male,Loyal Customer,19,Personal Travel,Eco,1411,3,2,3,4,2,3,2,2,1,2,2,1,4,2,0,0.0,0
Male,disloyal Customer,30,Business travel,Eco,780,4,4,4,3,2,4,2,2,3,2,4,3,4,2,0,0.0,0
Female,Loyal Customer,45,Business travel,Business,1939,0,4,0,3,5,5,5,4,4,2,2,4,4,4,0,0.0,1
Female,disloyal Customer,26,Business travel,Eco,1102,1,0,0,4,5,0,5,5,4,2,4,2,1,5,3,7.0,0
Male,Loyal Customer,15,Business travel,Business,361,1,1,1,1,1,1,1,1,3,3,4,3,3,1,0,0.0,0
Male,Loyal Customer,9,Personal Travel,Business,834,5,5,5,4,3,5,3,3,5,5,4,5,5,3,6,3.0,1
Female,Loyal Customer,41,Business travel,Business,368,2,2,2,2,3,4,4,4,4,4,4,5,4,4,0,0.0,1
Male,Loyal Customer,45,Business travel,Business,689,2,2,2,2,5,5,5,4,4,4,4,5,4,3,0,0.0,1
Male,Loyal Customer,47,Business travel,Eco,1009,5,5,2,5,5,5,5,5,4,5,3,3,2,5,11,0.0,1
Female,Loyal Customer,50,Business travel,Business,3845,5,5,5,5,5,5,5,3,1,4,5,5,1,5,0,3.0,1
Female,disloyal Customer,26,Business travel,Business,1067,5,5,5,3,4,5,4,4,3,2,5,3,5,4,0,0.0,1
Female,Loyal Customer,27,Business travel,Business,342,0,0,0,5,5,5,5,5,5,5,4,4,4,5,0,0.0,1
Male,Loyal Customer,24,Business travel,Eco Plus,2402,2,3,3,3,2,1,2,2,5,4,4,2,2,2,0,0.0,0
Male,Loyal Customer,60,Personal Travel,Eco,431,3,5,3,4,1,3,1,1,3,2,4,5,5,1,0,0.0,0
Female,disloyal Customer,45,Business travel,Eco,323,3,3,3,2,3,3,3,3,2,4,4,5,3,3,0,0.0,0
Female,Loyal Customer,27,Business travel,Business,2419,1,1,1,1,4,4,4,4,3,5,5,4,4,4,0,0.0,1
Male,Loyal Customer,50,Business travel,Eco Plus,2607,5,1,1,1,5,5,5,5,4,3,4,1,1,5,11,0.0,1
Male,Loyal Customer,53,Business travel,Eco Plus,228,2,1,1,1,3,2,3,3,3,2,3,1,4,3,0,0.0,0
Male,disloyal Customer,42,Business travel,Business,2556,2,2,2,5,2,3,3,3,3,4,5,3,3,3,25,27.0,0
Female,Loyal Customer,44,Personal Travel,Eco Plus,1020,2,4,2,3,2,3,4,2,2,2,2,4,2,3,0,15.0,0
Female,Loyal Customer,44,Business travel,Business,1744,2,2,4,2,4,1,2,2,2,2,2,1,2,2,5,12.0,0
Male,Loyal Customer,45,Personal Travel,Eco,666,2,5,2,4,4,2,4,4,4,5,5,4,5,4,0,0.0,1
Female,Loyal Customer,45,Personal Travel,Eco,359,4,4,4,3,4,5,2,5,5,4,5,2,5,4,52,46.0,1
Male,Loyal Customer,35,Business travel,Business,377,3,3,3,3,3,4,5,4,4,4,4,4,4,5,11,0.0,1
Female,Loyal Customer,65,Personal Travel,Eco,404,0,4,0,2,5,4,4,4,4,0,4,5,4,3,1,0.0,1
Male,Loyal Customer,40,Business travel,Business,630,5,5,5,5,5,4,5,4,4,4,4,4,4,4,0,0.0,1
Male,Loyal Customer,59,Business travel,Business,927,2,2,2,2,4,4,4,5,5,5,5,3,5,5,17,0.0,1
Female,disloyal Customer,20,Business travel,Eco,240,1,5,1,1,1,3,3,3,4,5,1,3,5,3,340,335.0,0
Female,Loyal Customer,67,Personal Travel,Business,1005,3,5,3,3,3,4,4,5,5,3,5,5,5,4,7,10.0,1
Female,disloyal Customer,24,Business travel,Eco,127,3,0,3,1,4,3,1,4,3,5,4,3,4,4,0,0.0,0
Male,Loyal Customer,16,Business travel,Business,187,1,4,4,4,3,3,1,3,2,2,3,2,2,3,4,0.0,0
Female,disloyal Customer,37,Business travel,Eco,676,1,1,1,4,4,1,4,4,2,5,3,2,3,4,0,7.0,0
Female,Loyal Customer,60,Personal Travel,Eco,1197,2,1,2,2,4,3,2,4,4,2,3,1,4,2,5,0.0,0
Male,Loyal Customer,40,Business travel,Business,387,1,2,3,3,5,4,3,1,1,2,1,4,1,4,0,3.0,0
Female,Loyal Customer,50,Personal Travel,Eco,1846,3,0,3,2,5,5,2,2,2,3,2,2,2,4,5,0.0,0
Male,Loyal Customer,50,Business travel,Business,1124,1,1,4,1,2,4,4,3,3,3,3,4,3,4,13,3.0,0
Male,Loyal Customer,35,Business travel,Business,3190,2,2,2,2,5,3,4,2,2,2,2,2,2,2,26,26.0,0
Female,Loyal Customer,20,Business travel,Business,3391,3,1,1,1,3,3,3,3,4,1,4,1,4,3,2,7.0,0
Female,Loyal Customer,46,Personal Travel,Eco,571,4,4,4,1,4,5,5,5,5,4,5,3,5,4,23,28.0,1
Female,Loyal Customer,54,Business travel,Business,2353,1,1,1,1,2,4,5,5,5,5,5,3,5,5,3,0.0,1
Female,Loyal Customer,50,Business travel,Business,1337,2,2,2,2,3,4,5,5,5,5,5,4,5,5,6,14.0,1
Female,Loyal Customer,42,Business travel,Business,2283,2,2,2,2,4,5,4,4,4,4,4,4,4,4,0,0.0,1
Male,disloyal Customer,22,Business travel,Eco,1024,2,2,2,2,2,2,2,2,3,5,2,4,2,2,106,97.0,0
Female,Loyal Customer,52,Personal Travel,Business,925,2,4,3,5,2,1,4,1,1,3,1,3,1,4,0,0.0,0
Male,disloyal Customer,35,Business travel,Business,946,1,1,1,3,2,1,1,2,5,5,4,3,5,2,0,0.0,0
Female,Loyal Customer,25,Business travel,Business,3828,1,1,1,1,1,1,1,1,3,2,4,1,3,1,0,1.0,0
Male,disloyal Customer,22,Business travel,Eco,816,2,2,2,3,1,2,1,1,3,5,5,4,5,1,0,0.0,0
Female,Loyal Customer,7,Personal Travel,Eco,407,2,4,2,3,5,2,5,5,3,2,5,5,1,5,8,10.0,1
Male,Loyal Customer,43,Business travel,Business,1751,2,5,2,2,2,4,4,2,2,2,2,4,2,4,0,0.0,0
Male,Loyal Customer,59,Personal Travel,Eco,246,4,5,4,3,5,4,5,5,3,3,3,3,4,5,0,0.0,1
Male,Loyal Customer,36,Personal Travel,Eco,406,1,4,1,3,4,1,4,4,1,5,3,2,4,4,0,0.0,0
Female,disloyal Customer,16,Business travel,Eco,277,3,1,3,4,4,3,4,4,1,3,4,3,3,4,0,0.0,0
Female,Loyal Customer,35,Business travel,Business,541,5,5,5,5,2,4,5,4,4,4,4,3,4,5,7,0.0,1
Female,Loyal Customer,19,Personal Travel,Eco,1598,1,4,1,3,5,1,5,5,3,2,3,5,5,5,103,100.0,1
Male,Loyal Customer,34,Business travel,Business,361,5,5,5,5,4,5,5,5,5,5,5,5,5,3,2,1.0,1
Female,Loyal Customer,61,Personal Travel,Eco Plus,950,3,0,3,2,4,5,4,3,3,3,3,3,3,5,0,0.0,1
Male,disloyal Customer,20,Business travel,Eco,240,0,5,0,4,3,0,3,3,4,2,5,3,4,3,8,5.0,0
Female,Loyal Customer,21,Personal Travel,Eco,986,3,4,3,2,4,3,2,4,3,4,5,5,4,4,0,0.0,1
Female,Loyal Customer,65,Personal Travel,Eco,258,2,3,0,3,2,2,3,4,4,0,4,1,4,2,32,40.0,0
Female,Loyal Customer,41,Personal Travel,Eco,427,1,1,1,4,2,1,2,2,4,4,4,3,4,2,0,0.0,0
Female,Loyal Customer,12,Personal Travel,Eco,1541,2,4,3,2,3,3,3,3,4,2,4,4,4,3,23,4.0,0
Male,Loyal Customer,38,Business travel,Business,2381,1,3,3,3,1,1,1,4,2,3,4,1,2,1,2,37.0,0
Male,Loyal Customer,53,Business travel,Eco,811,5,1,5,1,5,5,5,5,4,4,3,4,4,5,118,103.0,1
Male,Loyal Customer,28,Personal Travel,Eco,1069,3,4,3,4,1,3,1,1,3,5,3,2,1,1,0,0.0,0
Female,Loyal Customer,18,Business travel,Business,1576,3,3,3,3,5,5,5,5,5,3,5,4,5,5,17,46.0,1
Female,Loyal Customer,53,Business travel,Eco,1139,3,4,4,4,4,2,2,3,3,3,3,2,3,4,49,54.0,0
Male,Loyal Customer,29,Personal Travel,Eco,651,3,3,3,3,3,3,3,3,3,5,4,3,3,3,0,0.0,0
Female,Loyal Customer,42,Personal Travel,Business,691,5,5,5,4,4,4,4,2,2,5,2,4,2,3,14,34.0,1
Male,Loyal Customer,19,Personal Travel,Eco,226,3,5,3,5,3,3,3,3,5,3,5,3,4,3,0,0.0,1
Male,Loyal Customer,48,Business travel,Business,239,1,1,1,1,3,4,4,4,4,4,4,3,4,5,0,0.0,1
Female,Loyal Customer,40,Business travel,Business,826,3,3,2,3,4,5,4,4,4,4,4,5,4,5,0,0.0,1
Male,Loyal Customer,51,Business travel,Business,235,5,5,5,5,2,5,5,5,5,4,5,3,5,4,0,0.0,1
Female,Loyal Customer,65,Business travel,Business,1706,4,4,4,4,3,5,4,4,4,4,4,3,4,4,2,0.0,1
Male,Loyal Customer,35,Business travel,Eco,207,2,5,4,5,2,2,2,2,3,3,4,2,3,2,0,13.0,0
Male,Loyal Customer,17,Personal Travel,Eco,271,5,0,5,5,5,5,5,5,1,2,1,5,3,5,0,0.0,1
Female,Loyal Customer,25,Personal Travel,Business,268,2,0,2,5,3,2,3,3,5,4,5,3,4,3,118,115.0,0
Female,Loyal Customer,41,Business travel,Business,2433,2,2,2,2,2,5,5,3,3,4,3,3,3,3,0,0.0,1
Male,Loyal Customer,21,Personal Travel,Business,637,4,4,4,4,3,4,3,3,3,4,4,4,4,3,5,0.0,1
Male,Loyal Customer,38,Business travel,Eco,201,3,5,5,5,3,3,3,3,5,5,2,5,1,3,0,0.0,0
Female,Loyal Customer,60,Business travel,Business,2310,3,3,3,3,4,5,4,2,2,2,2,5,2,5,0,0.0,1
Female,Loyal Customer,40,Business travel,Business,337,3,3,3,3,2,5,5,4,4,4,4,3,4,3,0,0.0,1
Female,Loyal Customer,53,Business travel,Business,3236,0,4,0,5,2,5,5,5,5,5,5,3,5,3,0,0.0,1
Female,Loyal Customer,52,Personal Travel,Eco,397,3,5,3,2,2,4,4,5,5,3,5,3,5,4,0,0.0,1
Male,Loyal Customer,64,Personal Travel,Eco Plus,817,2,3,2,1,4,2,5,4,1,4,1,3,5,4,0,0.0,1
Male,Loyal Customer,60,Personal Travel,Business,551,3,1,3,2,2,2,3,1,1,3,1,3,1,2,0,0.0,0
Male,Loyal Customer,31,Business travel,Eco,480,3,2,2,2,3,3,3,3,1,5,4,2,3,3,0,0.0,0
Male,Loyal Customer,58,Personal Travel,Eco,2227,2,5,2,1,3,2,3,3,3,3,5,4,4,3,0,0.0,0
Female,disloyal Customer,40,Business travel,Business,408,3,3,3,4,1,3,1,1,1,5,3,4,4,1,0,1.0,0
Female,Loyal Customer,34,Business travel,Business,2602,2,2,4,2,2,1,2,5,5,4,4,2,5,4,0,0.0,1
Female,Loyal Customer,38,Personal Travel,Eco,727,1,3,2,3,4,2,4,4,3,3,4,1,3,4,0,0.0,0
Female,Loyal Customer,46,Business travel,Business,2366,3,3,3,3,3,5,5,3,3,4,3,4,3,5,42,35.0,1
Male,Loyal Customer,33,Personal Travel,Eco,300,3,4,3,1,3,5,5,3,4,5,5,5,4,5,158,150.0,1
Female,Loyal Customer,32,Business travel,Business,1633,2,2,2,2,5,5,5,5,5,5,5,3,2,5,0,10.0,1
Male,Loyal Customer,66,Personal Travel,Eco,170,2,5,2,4,3,2,4,3,5,2,3,1,4,3,34,26.0,0
Female,Loyal Customer,53,Business travel,Business,1630,4,1,1,1,4,4,3,4,4,3,4,2,4,1,0,0.0,1
Female,Loyal Customer,66,Business travel,Eco,214,3,4,4,4,4,4,3,3,3,3,3,3,3,2,7,0.0,0
Male,Loyal Customer,43,Business travel,Business,312,5,5,5,5,2,4,5,5,5,5,5,4,5,3,0,0.0,1
Female,Loyal Customer,49,Personal Travel,Eco,484,3,4,3,3,3,5,4,4,4,3,4,5,4,3,0,0.0,1
Male,Loyal Customer,55,Business travel,Eco,738,5,5,5,5,5,5,5,5,4,5,2,5,2,5,0,0.0,1
Female,disloyal Customer,26,Business travel,Business,354,1,2,1,3,4,1,4,4,3,1,4,2,4,4,0,0.0,0
Male,disloyal Customer,44,Business travel,Business,337,4,4,4,1,2,4,2,2,4,5,4,3,4,2,8,8.0,0
Male,Loyal Customer,54,Personal Travel,Business,749,1,4,1,5,4,4,1,1,1,1,1,4,1,5,0,0.0,0
Female,Loyal Customer,35,Business travel,Eco,196,4,2,2,2,4,4,4,4,4,3,2,3,4,4,9,0.0,1
Female,Loyal Customer,57,Business travel,Business,2089,5,5,5,5,3,4,4,5,5,5,5,5,5,3,0,0.0,1
Male,Loyal Customer,9,Personal Travel,Eco Plus,925,2,4,2,2,4,2,4,4,5,4,5,4,4,4,78,72.0,1
Male,disloyal Customer,41,Business travel,Business,403,2,2,2,4,3,2,3,3,4,5,5,5,4,3,0,22.0,1
Female,disloyal Customer,34,Business travel,Eco,463,1,0,1,2,1,1,1,1,4,5,2,5,1,1,5,8.0,0
Male,Loyal Customer,63,Personal Travel,Eco,604,5,4,5,3,2,5,2,2,5,4,5,5,4,2,0,0.0,1
Female,disloyal Customer,37,Business travel,Eco,720,3,3,3,1,1,3,1,1,4,4,1,5,2,1,0,0.0,0
Male,Loyal Customer,58,Personal Travel,Eco,1282,4,5,4,2,2,4,2,2,5,2,4,3,4,2,26,10.0,0
Female,Loyal Customer,51,Business travel,Eco,2556,4,5,4,5,4,4,4,4,5,4,3,4,3,4,3,0.0,1
Female,Loyal Customer,62,Personal Travel,Eco,272,3,0,3,4,3,4,4,5,5,3,2,4,5,3,0,0.0,1
Male,disloyal Customer,13,Business travel,Eco,783,2,2,2,4,5,2,5,5,4,5,4,1,3,5,30,20.0,1
Male,Loyal Customer,60,Business travel,Business,3689,2,2,2,2,4,3,3,2,2,2,2,3,2,2,21,9.0,0
Female,disloyal Customer,32,Business travel,Eco Plus,407,2,2,2,3,3,2,3,3,3,1,3,2,3,3,31,34.0,0
Female,Loyal Customer,44,Business travel,Business,2736,4,4,4,4,5,4,4,5,5,5,5,3,5,5,10,15.0,1
Female,Loyal Customer,58,Business travel,Business,455,5,5,5,5,5,4,4,3,3,4,3,5,3,3,64,62.0,1
Male,Loyal Customer,46,Business travel,Business,223,1,1,1,1,5,4,3,2,2,2,1,3,2,2,0,0.0,0
Male,Loyal Customer,15,Personal Travel,Eco,113,3,5,3,3,1,3,1,1,3,5,5,3,1,1,0,0.0,0
Male,Loyal Customer,48,Personal Travel,Eco,1204,2,2,2,3,4,2,4,4,2,4,3,1,3,4,14,12.0,0
Male,Loyal Customer,58,Personal Travel,Eco,840,1,4,1,3,2,1,2,2,5,4,5,4,5,2,0,0.0,0
Female,Loyal Customer,21,Personal Travel,Eco,725,3,4,3,4,3,3,3,3,3,5,3,1,4,3,39,48.0,0
Female,Loyal Customer,55,Personal Travel,Business,760,4,5,4,4,5,4,4,4,4,4,4,3,4,5,3,0.0,1
Female,Loyal Customer,43,Business travel,Business,3967,3,4,4,4,1,4,3,3,3,3,3,4,3,4,0,2.0,1
Female,disloyal Customer,24,Business travel,Business,594,0,0,0,4,5,0,5,5,3,5,4,4,5,5,21,10.0,1
Female,Loyal Customer,45,Business travel,Business,2141,0,0,0,3,5,5,4,2,2,5,5,4,2,3,70,62.0,1
Female,Loyal Customer,33,Business travel,Business,2270,1,1,1,1,4,5,5,5,5,5,5,5,5,5,0,0.0,1
Female,Loyal Customer,58,Personal Travel,Eco,1184,4,4,4,4,4,4,3,2,5,4,4,3,3,3,186,186.0,1
Male,disloyal Customer,25,Business travel,Business,679,4,5,4,3,5,4,5,5,3,5,5,3,5,5,0,0.0,1
Female,Loyal Customer,35,Personal Travel,Eco,368,3,1,2,3,2,2,2,2,4,2,2,3,3,2,111,117.0,0
Female,disloyal Customer,36,Business travel,Business,899,4,4,4,3,5,4,5,5,3,2,5,5,5,5,0,0.0,1
Male,disloyal Customer,65,Personal Travel,Eco,1121,3,4,3,3,5,3,5,5,4,5,4,4,4,5,24,9.0,1
Female,disloyal Customer,20,Business travel,Eco Plus,1009,2,0,2,3,3,2,2,3,3,1,3,3,3,3,2,0.0,0
Female,Loyal Customer,54,Business travel,Eco,565,2,2,2,2,4,4,4,2,2,2,2,2,2,4,6,14.0,0
Male,Loyal Customer,33,Business travel,Eco,569,3,5,3,5,5,5,5,5,2,3,3,4,5,5,0,0.0,1
Male,Loyal Customer,65,Personal Travel,Eco,1190,3,4,3,3,4,3,4,4,4,5,5,5,4,4,19,10.0,1
Female,Loyal Customer,19,Personal Travel,Eco,1075,2,5,2,1,5,2,3,5,3,3,5,4,4,5,3,28.0,1
Female,Loyal Customer,16,Business travel,Business,761,4,4,4,4,5,5,5,5,3,4,5,4,4,5,0,0.0,1
Female,Loyal Customer,62,Business travel,Business,3927,2,3,3,3,4,3,3,2,2,2,2,4,2,3,9,0.0,0
Male,disloyal Customer,36,Business travel,Eco,636,2,3,2,3,1,2,1,1,4,1,2,3,3,1,0,5.0,0
Male,Loyal Customer,48,Business travel,Business,2072,4,4,4,4,3,5,4,3,3,4,3,3,3,4,0,0.0,1
Female,Loyal Customer,22,Business travel,Eco,1605,1,5,5,5,1,1,4,1,3,4,2,3,3,1,65,56.0,0
Female,disloyal Customer,22,Business travel,Business,372,5,0,5,2,1,5,1,1,3,3,4,4,4,1,0,0.0,0
Female,Loyal Customer,30,Personal Travel,Eco,402,3,4,3,5,5,3,5,5,5,5,5,5,5,5,0,0.0,1
Female,Loyal Customer,49,Business travel,Business,3721,1,1,1,1,4,5,4,4,4,4,4,3,4,5,44,36.0,1
Male,Loyal Customer,50,Business travel,Business,3092,1,1,4,1,3,3,3,1,1,1,1,4,1,4,13,69.0,0
Female,Loyal Customer,59,Business travel,Eco,589,3,2,2,2,1,3,4,4,4,3,4,3,4,3,27,11.0,0
Female,disloyal Customer,36,Business travel,Eco,261,3,1,4,3,1,4,1,1,3,1,4,4,3,1,0,0.0,0
Male,Loyal Customer,53,Business travel,Business,3761,2,2,3,2,4,4,5,4,4,4,5,3,4,5,0,0.0,1
Female,Loyal Customer,8,Personal Travel,Eco,429,1,1,1,3,2,1,4,2,3,4,3,3,4,2,0,4.0,0
Male,Loyal Customer,45,Personal Travel,Eco Plus,290,4,4,4,3,3,4,3,3,3,5,5,4,5,3,0,3.0,1
Female,Loyal Customer,38,Personal Travel,Eco,378,5,4,5,3,2,5,2,2,1,1,4,3,3,2,6,0.0,0
Female,Loyal Customer,41,Business travel,Business,3582,2,2,2,2,3,4,4,2,2,2,2,5,2,3,89,54.0,0
Male,Loyal Customer,56,Business travel,Business,2120,1,3,1,1,2,5,4,5,5,5,5,4,5,5,0,0.0,1
Female,Loyal Customer,66,Personal Travel,Eco Plus,862,2,5,3,3,4,5,5,3,3,3,3,3,3,5,23,9.0,1
Female,Loyal Customer,36,Business travel,Eco,143,4,3,3,3,4,4,4,4,3,1,5,3,2,4,2,0.0,1
Male,Loyal Customer,26,Business travel,Eco Plus,90,2,5,5,5,2,2,4,2,4,2,4,1,3,2,15,11.0,0
Male,Loyal Customer,21,Personal Travel,Eco,1290,4,5,4,5,3,4,3,3,3,3,5,4,5,3,10,0.0,1
Male,Loyal Customer,40,Business travel,Business,1898,1,3,3,3,3,3,4,1,1,1,1,3,1,1,0,18.0,0
Female,Loyal Customer,32,Personal Travel,Eco,184,3,3,3,3,5,3,4,5,3,2,3,2,2,5,5,13.0,1
Male,Loyal Customer,41,Business travel,Business,3240,1,1,4,1,3,5,5,4,4,4,4,4,4,3,0,0.0,1
Female,Loyal Customer,17,Business travel,Business,395,5,5,5,5,4,4,4,4,5,5,5,2,1,4,0,0.0,1
Male,Loyal Customer,67,Personal Travel,Eco,577,4,2,4,2,1,4,1,1,2,1,2,4,2,1,0,0.0,0
Female,disloyal Customer,47,Business travel,Business,990,5,4,4,4,3,5,3,3,4,5,4,4,5,3,13,10.0,1
Female,Loyal Customer,25,Business travel,Business,3405,2,5,5,5,2,2,2,2,4,5,3,2,2,2,1,0.0,0
Female,Loyal Customer,11,Personal Travel,Eco,326,2,1,2,3,2,2,2,2,4,3,4,4,4,2,0,0.0,0
Female,disloyal Customer,42,Business travel,Business,802,2,2,2,4,3,2,3,3,5,2,5,3,5,3,0,0.0,1
Female,Loyal Customer,38,Personal Travel,Eco,762,3,4,3,1,1,3,1,1,3,4,5,5,4,1,1,0.0,0
Female,disloyal Customer,24,Business travel,Eco,920,3,3,3,3,3,3,3,3,2,3,4,2,4,3,0,0.0,0
Male,Loyal Customer,21,Personal Travel,Eco,106,1,5,0,3,4,0,4,4,4,5,5,5,5,4,0,0.0,1
Male,Loyal Customer,32,Business travel,Eco,231,3,3,2,3,3,4,3,3,5,4,4,4,2,3,0,0.0,0
Male,disloyal Customer,27,Business travel,Business,409,5,5,5,1,3,5,3,3,4,5,5,3,5,3,0,0.0,1
Male,Loyal Customer,57,Business travel,Eco Plus,2475,2,4,4,4,1,2,1,1,1,3,3,1,3,1,0,0.0,0
Female,Loyal Customer,28,Business travel,Eco,604,4,1,1,1,4,4,4,4,2,4,4,4,5,4,0,0.0,1
Male,Loyal Customer,31,Business travel,Business,2139,2,1,1,1,2,2,2,2,2,1,3,2,2,2,0,0.0,0
Male,Loyal Customer,57,Business travel,Business,419,4,4,3,4,5,2,3,4,4,4,4,3,4,3,0,0.0,1
Male,Loyal Customer,28,Business travel,Business,966,5,5,5,5,4,4,4,4,5,3,5,4,4,4,0,0.0,1
Female,Loyal Customer,40,Business travel,Business,374,2,2,2,2,2,1,4,5,5,5,5,3,5,4,0,0.0,1
Female,Loyal Customer,57,Business travel,Business,4963,1,1,1,1,4,4,4,3,4,5,5,4,3,4,12,0.0,1
Female,Loyal Customer,44,Personal Travel,Eco,312,1,5,5,1,4,5,4,5,5,5,5,4,5,4,47,51.0,1
Female,Loyal Customer,53,Personal Travel,Eco,315,3,4,3,5,4,3,1,1,1,3,1,2,1,4,0,0.0,0
Male,disloyal Customer,37,Business travel,Business,345,2,2,2,5,5,2,5,5,5,4,4,3,4,5,0,0.0,1
Female,Loyal Customer,17,Business travel,Business,3152,2,2,2,2,2,2,2,2,2,1,3,2,4,2,0,0.0,0
Male,Loyal Customer,24,Business travel,Business,1222,1,1,1,1,5,5,5,5,3,2,1,4,4,5,21,26.0,1
Male,Loyal Customer,57,Business travel,Business,3929,3,5,1,5,1,4,4,3,3,2,3,3,3,2,0,0.0,0
Male,Loyal Customer,36,Personal Travel,Eco,247,2,1,0,2,2,0,2,2,4,2,3,1,3,2,0,0.0,0
Female,Loyal Customer,32,Business travel,Business,325,0,0,0,2,3,3,3,3,4,3,5,5,4,3,50,43.0,0
Female,Loyal Customer,34,Personal Travel,Eco,861,2,4,2,2,3,2,5,3,3,3,5,5,4,3,2,3.0,1
Male,Loyal Customer,12,Business travel,Business,1851,3,2,2,2,3,3,3,3,1,3,3,1,4,3,0,0.0,0
Female,Loyal Customer,54,Business travel,Business,1074,3,3,5,3,1,3,2,3,3,3,3,2,3,3,0,3.0,0
Female,Loyal Customer,57,Business travel,Eco,216,3,2,2,2,1,1,3,3,3,3,3,2,3,2,0,0.0,0
Male,Loyal Customer,58,Personal Travel,Eco,416,3,3,3,3,5,3,5,5,1,1,3,2,4,5,0,0.0,1
Male,Loyal Customer,24,Personal Travel,Eco,491,1,0,1,1,4,1,4,4,5,5,4,5,4,4,0,0.0,1
Female,Loyal Customer,20,Personal Travel,Eco,1096,4,3,4,1,3,4,3,3,1,1,4,5,5,3,0,0.0,0
Male,Loyal Customer,45,Personal Travel,Eco,370,1,4,1,4,3,1,3,3,2,1,4,1,3,3,13,12.0,0
Female,Loyal Customer,48,Business travel,Business,2812,1,4,4,4,5,4,3,1,1,1,1,3,1,2,0,0.0,0
Male,Loyal Customer,53,Personal Travel,Eco,759,2,4,2,3,1,2,1,1,4,2,4,5,4,1,0,8.0,0
Female,disloyal Customer,38,Business travel,Business,204,4,4,4,4,2,4,2,2,3,5,5,5,4,2,0,0.0,0
Male,Loyal Customer,31,Personal Travel,Eco,866,3,1,3,3,4,3,4,4,3,1,3,3,3,4,0,1.0,0
Female,Loyal Customer,33,Personal Travel,Eco,302,4,5,4,4,1,4,1,1,3,3,5,3,5,1,0,0.0,0
Male,disloyal Customer,25,Business travel,Business,835,2,4,2,1,1,2,1,1,3,4,5,4,4,1,0,0.0,0
Female,Loyal Customer,65,Personal Travel,Eco,1222,3,4,3,3,3,4,3,2,2,3,2,2,2,1,4,0.0,0
Male,Loyal Customer,47,Personal Travel,Eco,954,2,1,2,3,1,2,1,1,3,3,4,3,4,1,0,0.0,0
Male,Loyal Customer,11,Personal Travel,Eco,1046,2,4,2,5,5,2,1,5,2,4,2,2,4,5,22,5.0,0
Female,Loyal Customer,51,Business travel,Business,3555,4,4,4,4,5,5,4,3,3,3,3,5,3,5,0,0.0,1
Female,Loyal Customer,17,Business travel,Business,1616,1,1,1,1,5,5,5,5,2,2,3,2,3,5,0,0.0,1
Male,Loyal Customer,51,Business travel,Business,2416,4,4,4,4,3,4,5,5,5,5,5,5,5,3,67,80.0,1
Male,disloyal Customer,34,Business travel,Business,383,3,3,3,3,5,3,5,5,4,3,5,5,4,5,45,46.0,1
Female,Loyal Customer,24,Business travel,Business,700,1,1,1,1,3,3,3,3,3,3,4,3,4,3,0,0.0,0
Female,disloyal Customer,44,Business travel,Eco,255,3,1,3,4,4,3,4,4,2,2,3,1,4,4,5,11.0,0
Female,Loyal Customer,12,Personal Travel,Eco Plus,308,2,4,2,2,1,2,1,1,1,2,5,5,5,1,0,0.0,0
Female,Loyal Customer,19,Business travel,Business,1609,4,4,4,4,4,4,4,4,5,3,5,3,4,4,0,0.0,1
Female,Loyal Customer,55,Business travel,Business,3635,3,3,5,3,4,5,5,4,4,4,4,3,4,5,4,22.0,1
Female,Loyal Customer,33,Business travel,Eco Plus,547,3,3,3,3,3,3,3,3,4,4,3,4,2,3,0,0.0,0
Female,Loyal Customer,62,Personal Travel,Eco Plus,562,2,1,2,4,2,3,3,3,3,2,3,4,3,2,16,17.0,0
Male,disloyal Customer,34,Business travel,Eco,964,3,3,3,3,3,3,3,3,1,2,2,4,4,3,0,0.0,0
Male,Loyal Customer,50,Business travel,Business,3002,2,3,2,2,5,4,5,5,5,5,5,4,5,5,73,68.0,1
Male,disloyal Customer,37,Business travel,Business,277,1,1,1,4,4,1,4,4,3,1,4,1,4,4,0,0.0,0
Female,disloyal Customer,24,Business travel,Eco,517,1,4,1,4,1,1,1,1,3,3,3,2,3,1,28,13.0,0
Female,Loyal Customer,46,Business travel,Business,1979,0,5,0,4,3,5,4,1,1,1,1,5,1,4,0,0.0,0
Male,Loyal Customer,44,Personal Travel,Eco,1097,3,4,3,4,4,3,5,4,1,3,3,4,3,4,74,81.0,1
Female,Loyal Customer,25,Business travel,Business,597,3,5,4,5,3,3,3,3,2,2,4,2,4,3,0,0.0,0
Male,Loyal Customer,53,Business travel,Business,689,4,4,4,4,4,5,4,5,5,5,5,3,5,4,0,0.0,1
Male,Loyal Customer,45,Personal Travel,Eco,302,5,4,5,4,4,5,4,4,5,5,5,3,4,4,0,0.0,1
Female,Loyal Customer,62,Personal Travel,Eco,1514,3,3,3,3,5,3,3,5,5,3,5,1,5,3,0,0.0,1
Female,Loyal Customer,55,Business travel,Business,1744,4,2,2,2,4,3,3,4,4,4,4,3,4,1,0,0.0,1
Female,Loyal Customer,58,Business travel,Eco Plus,2704,4,2,2,2,3,3,1,3,3,4,3,3,3,3,0,0.0,0
Female,Loyal Customer,52,Business travel,Eco,337,4,2,2,2,5,2,2,4,4,4,4,3,4,3,8,45.0,1
Female,Loyal Customer,29,Business travel,Eco Plus,594,4,2,2,2,4,4,4,4,2,5,3,4,4,4,18,0.0,1
Female,Loyal Customer,36,Business travel,Eco Plus,258,5,4,4,4,5,5,5,5,5,2,5,5,5,5,12,9.0,1
Female,disloyal Customer,23,Business travel,Eco Plus,946,2,0,2,4,5,2,5,5,1,3,1,1,5,5,1,9.0,1
Male,Loyal Customer,40,Business travel,Eco Plus,483,3,3,3,3,3,3,3,3,1,4,3,2,3,3,0,0.0,0
Female,disloyal Customer,37,Business travel,Business,2434,3,3,3,4,3,3,3,3,5,5,5,3,5,3,9,0.0,1
Female,disloyal Customer,23,Business travel,Business,370,4,4,4,5,4,4,4,4,4,5,5,4,5,4,0,0.0,1
Female,Loyal Customer,12,Personal Travel,Eco,1076,2,2,2,4,5,2,5,5,3,5,3,3,3,5,1,0.0,1
Female,Loyal Customer,39,Business travel,Business,2083,2,2,2,2,5,4,4,4,4,4,4,5,4,4,0,0.0,1
Female,disloyal Customer,22,Business travel,Eco,671,3,3,3,4,3,3,4,3,4,2,3,1,3,3,31,15.0,0
Female,disloyal Customer,40,Business travel,Business,341,2,2,2,3,2,2,2,2,5,1,3,1,3,2,0,0.0,0
Male,Loyal Customer,67,Personal Travel,Business,842,1,3,1,4,3,4,3,1,1,1,3,2,1,4,24,8.0,0
Female,Loyal Customer,30,Business travel,Business,3178,4,4,5,4,3,3,3,3,3,2,5,5,4,3,13,0.0,1
Female,disloyal Customer,33,Business travel,Business,216,1,1,1,1,2,1,2,2,5,2,5,4,4,2,10,0.0,0
Male,Loyal Customer,37,Business travel,Eco Plus,569,2,5,5,5,2,2,2,2,3,3,4,3,4,2,0,0.0,0
Female,Loyal Customer,32,Personal Travel,Eco,120,1,2,1,4,5,1,5,5,2,4,3,1,3,5,0,0.0,1
Female,Loyal Customer,55,Business travel,Eco,680,4,2,4,4,2,3,1,4,4,4,4,5,4,1,0,4.0,0
Male,Loyal Customer,48,Business travel,Business,2687,5,5,5,5,4,5,3,5,5,5,5,4,5,2,8,0.0,1
Male,disloyal Customer,22,Business travel,Business,612,5,4,5,1,2,5,2,2,5,3,5,3,5,2,92,99.0,1
Male,Loyal Customer,68,Personal Travel,Eco,977,2,4,2,3,2,2,4,2,4,4,4,3,5,2,0,0.0,0
Male,Loyal Customer,44,Business travel,Eco,1744,2,1,2,2,2,2,2,2,1,4,4,2,4,2,0,0.0,0
Male,Loyal Customer,68,Personal Travel,Eco,236,3,3,3,4,2,3,2,2,1,3,5,1,1,2,0,0.0,0
Female,disloyal Customer,28,Business travel,Business,1262,2,2,2,5,3,2,3,3,3,5,5,5,4,3,0,0.0,1
Female,disloyal Customer,20,Business travel,Eco,447,2,0,2,4,5,2,5,5,5,1,3,3,2,5,0,0.0,1
Male,Loyal Customer,19,Business travel,Eco Plus,936,4,4,4,4,4,4,4,4,5,3,5,1,3,4,0,1.0,1
Male,disloyal Customer,21,Business travel,Eco,1009,4,4,4,3,1,4,3,1,3,1,4,3,4,1,0,0.0,0
Male,Loyal Customer,49,Personal Travel,Eco Plus,409,2,5,2,1,4,2,4,4,4,1,2,2,5,4,0,0.0,0
Female,Loyal Customer,56,Business travel,Business,1663,5,5,5,5,2,2,4,4,4,4,5,2,4,1,4,11.0,1
Male,disloyal Customer,21,Business travel,Eco,696,1,1,1,4,4,1,4,4,5,5,4,3,5,4,0,0.0,1
Female,Loyal Customer,18,Personal Travel,Eco Plus,1065,3,5,3,1,3,3,3,3,3,4,5,5,5,3,0,2.0,1
Female,Loyal Customer,23,Personal Travel,Eco,1010,3,4,3,4,5,3,5,5,3,5,4,1,3,5,0,0.0,1
Female,Loyal Customer,46,Business travel,Eco Plus,645,5,2,2,2,3,4,4,5,5,5,5,4,5,2,0,0.0,1
Female,disloyal Customer,25,Business travel,Eco,1076,4,4,4,3,3,4,3,3,2,2,2,2,3,3,2,0.0,0
Male,Loyal Customer,38,Personal Travel,Eco,399,4,4,3,1,5,3,5,5,4,5,5,3,4,5,0,0.0,1
Female,Loyal Customer,60,Business travel,Business,2266,3,3,3,3,3,5,5,5,5,5,5,5,5,3,0,0.0,1
Male,Loyal Customer,15,Business travel,Eco Plus,871,4,5,5,5,4,4,3,4,3,1,3,4,2,4,21,15.0,1
Male,disloyal Customer,28,Business travel,Eco,584,2,4,2,1,2,2,2,5,1,3,5,2,5,2,209,207.0,0
Female,Loyal Customer,35,Business travel,Eco Plus,253,3,3,3,3,3,2,3,3,5,1,2,1,1,3,19,17.0,0
Female,Loyal Customer,59,Business travel,Business,1819,4,4,4,4,3,1,3,4,4,4,4,3,4,5,32,14.0,1
Female,Loyal Customer,38,Business travel,Business,486,1,1,2,1,2,4,4,5,5,5,5,5,5,4,11,2.0,1
Female,Loyal Customer,56,Business travel,Business,602,5,5,5,5,3,5,4,5,5,5,5,3,5,3,0,0.0,1
Female,Loyal Customer,19,Personal Travel,Eco,409,3,4,3,2,3,3,3,3,5,4,5,4,5,3,0,0.0,1
Male,Loyal Customer,51,Business travel,Business,1676,5,5,5,5,1,2,2,5,5,5,3,2,5,4,0,0.0,1
Female,Loyal Customer,46,Business travel,Business,3831,2,1,1,1,5,3,3,2,2,2,2,2,2,1,21,0.0,0
Female,Loyal Customer,44,Business travel,Business,3931,5,5,5,5,2,4,4,5,5,5,5,3,5,4,28,43.0,1
Female,disloyal Customer,25,Business travel,Business,661,5,4,5,1,1,5,1,1,5,4,4,5,5,1,0,0.0,0
Female,Loyal Customer,45,Personal Travel,Eco,413,3,4,5,3,2,5,5,5,5,5,5,4,5,3,82,85.0,1
Male,disloyal Customer,10,Business travel,Eco,1009,2,3,3,3,3,3,3,3,4,2,2,1,3,3,0,0.0,0
Male,disloyal Customer,34,Business travel,Business,762,4,4,4,4,5,4,5,5,4,4,4,4,5,5,0,0.0,1
Female,Loyal Customer,58,Personal Travel,Eco,1197,2,3,2,4,2,4,1,3,3,2,3,5,3,1,5,0.0,0
Male,Loyal Customer,42,Business travel,Business,1426,1,1,1,1,5,4,5,2,2,2,2,5,2,5,0,3.0,0
Female,Loyal Customer,42,Business travel,Eco,680,4,2,2,2,4,4,3,4,4,4,4,1,4,2,0,0.0,1
Male,Loyal Customer,44,Business travel,Business,3867,2,2,3,2,2,4,4,5,5,4,5,5,5,5,105,105.0,1
Female,disloyal Customer,25,Business travel,Eco,1069,2,2,2,1,2,2,1,2,3,3,3,4,4,2,92,57.0,0
Female,Loyal Customer,46,Business travel,Business,986,2,2,2,2,3,4,5,3,3,4,3,5,3,5,47,41.0,1
Male,Loyal Customer,30,Business travel,Business,1686,3,5,5,5,3,3,3,3,2,4,4,2,3,3,0,0.0,0
Female,disloyal Customer,26,Business travel,Business,985,2,2,2,4,2,2,2,2,4,3,5,4,5,2,0,0.0,0
Male,Loyal Customer,46,Personal Travel,Eco,366,1,4,1,2,3,1,1,3,1,1,2,3,5,3,0,0.0,0
Male,disloyal Customer,49,Business travel,Business,1984,3,3,3,1,5,3,5,5,5,3,4,3,5,5,0,0.0,1
Female,disloyal Customer,22,Business travel,Eco,765,3,3,3,4,2,3,2,2,4,2,5,4,5,2,0,0.0,0
Female,Loyal Customer,38,Business travel,Business,1089,4,4,4,4,3,4,4,3,3,4,3,4,3,3,0,0.0,1
Male,Loyal Customer,39,Business travel,Business,1024,1,1,1,1,4,4,5,2,2,2,2,2,2,5,0,0.0,0
Female,Loyal Customer,10,Business travel,Eco,536,3,1,1,1,3,4,3,3,1,3,4,4,3,3,0,0.0,0
Male,Loyal Customer,9,Business travel,Eco Plus,2565,2,3,3,3,2,3,2,2,2,5,2,3,3,2,108,99.0,0
Female,disloyal Customer,23,Business travel,Eco,639,3,0,3,1,1,3,1,1,4,1,3,2,5,1,4,10.0,0
Male,disloyal Customer,32,Business travel,Business,223,4,3,3,5,5,3,5,5,3,4,5,3,5,5,26,21.0,1
Female,disloyal Customer,21,Business travel,Business,589,5,4,5,4,3,4,3,3,2,4,1,2,2,3,0,0.0,0
Male,Loyal Customer,48,Business travel,Business,2378,3,3,3,3,4,5,5,4,4,4,4,5,4,4,0,0.0,1
Female,Loyal Customer,54,Business travel,Business,3616,4,2,2,2,4,4,4,4,4,4,4,4,4,2,42,23.0,1
Male,Loyal Customer,47,Business travel,Business,590,1,4,4,4,1,2,2,1,1,1,1,1,1,1,75,72.0,0
Female,Loyal Customer,48,Business travel,Business,304,2,2,4,2,4,5,4,5,5,5,5,4,5,3,33,27.0,1
Female,Loyal Customer,7,Personal Travel,Business,912,2,4,2,3,4,2,4,4,4,5,4,4,5,4,0,17.0,1
Male,Loyal Customer,37,Personal Travel,Eco,1733,2,4,2,5,1,2,1,1,4,4,4,5,5,1,0,1.0,0
Male,Loyal Customer,11,Personal Travel,Eco,1670,3,5,3,3,2,3,4,2,3,4,4,3,4,2,6,0.0,0
Male,Loyal Customer,35,Business travel,Eco Plus,258,5,1,1,1,5,5,5,5,1,2,1,5,3,5,53,77.0,1
Female,Loyal Customer,39,Business travel,Business,805,4,4,4,4,2,2,2,4,4,4,4,5,4,5,43,66.0,1
Female,Loyal Customer,24,Business travel,Business,226,2,2,2,2,4,4,4,4,5,5,3,5,1,4,0,0.0,1
Male,Loyal Customer,45,Business travel,Eco,1726,1,5,5,5,2,1,2,2,3,3,4,2,4,2,102,90.0,0
Male,Loyal Customer,36,Business travel,Business,3744,4,5,5,5,4,4,4,2,4,3,2,4,1,4,170,149.0,1
Female,Loyal Customer,60,Personal Travel,Eco,447,4,4,4,5,4,4,5,5,5,4,5,5,5,4,0,0.0,1
Female,Loyal Customer,22,Business travel,Eco,308,3,2,3,3,3,3,1,3,2,5,3,3,4,3,14,12.0,0
Female,disloyal Customer,26,Business travel,Eco,945,2,2,2,3,5,2,5,5,1,2,3,2,3,5,29,24.0,1
Female,Loyal Customer,60,Business travel,Eco,544,4,5,5,5,4,3,3,4,4,4,4,3,4,2,21,1.0,1
Female,Loyal Customer,70,Personal Travel,Eco Plus,1224,2,4,2,1,5,2,3,1,1,2,1,4,1,4,0,0.0,0
Male,Loyal Customer,56,Business travel,Business,1448,4,4,4,4,1,3,5,5,5,5,5,5,5,4,0,1.0,1
Female,Loyal Customer,12,Personal Travel,Business,296,3,3,3,3,4,3,4,4,2,1,4,2,3,4,0,0.0,0
Female,Loyal Customer,43,Business travel,Business,1725,4,4,4,4,2,3,4,4,4,4,4,3,4,5,0,0.0,1
Female,Loyal Customer,42,Business travel,Business,2342,1,1,4,1,2,3,5,5,5,5,5,4,5,4,0,0.0,1
Male,Loyal Customer,54,Business travel,Business,3110,5,5,3,5,3,3,3,5,5,5,5,4,5,4,129,130.0,1
Male,Loyal Customer,45,Business travel,Business,1952,3,4,4,4,3,3,3,3,3,3,3,4,3,1,0,0.0,0
Female,disloyal Customer,20,Business travel,Eco,134,4,4,4,2,2,4,2,2,3,3,5,3,4,2,34,21.0,0
Female,Loyal Customer,59,Business travel,Business,1773,3,3,3,3,5,5,4,5,5,5,5,5,5,4,0,0.0,1
Female,Loyal Customer,30,Business travel,Business,2777,5,5,5,5,4,4,4,2,5,5,1,4,5,4,0,8.0,1
Male,Loyal Customer,28,Personal Travel,Eco,408,2,4,2,3,3,2,3,3,5,5,5,4,5,3,0,12.0,1
Female,Loyal Customer,38,Personal Travel,Eco,2149,4,5,4,5,4,2,2,5,3,4,5,2,5,2,0,20.0,1
Male,Loyal Customer,60,Business travel,Eco,547,5,1,1,1,5,5,5,5,1,3,5,5,1,5,0,0.0,1
Female,Loyal Customer,72,Business travel,Business,1276,3,2,1,1,3,3,3,3,3,3,3,1,3,1,0,0.0,0
Male,Loyal Customer,43,Business travel,Business,255,1,1,1,1,3,5,5,4,4,4,4,3,4,3,5,0.0,1
Female,Loyal Customer,24,Business travel,Business,460,4,4,4,4,4,4,4,4,3,5,4,5,5,4,0,1.0,1
Female,Loyal Customer,63,Personal Travel,Eco,719,2,4,2,5,3,5,4,1,1,2,1,4,1,4,0,0.0,0
Male,Loyal Customer,42,Business travel,Business,1121,1,1,3,1,2,4,4,5,5,5,5,4,5,3,0,0.0,1
Female,Loyal Customer,25,Personal Travel,Eco,327,3,0,2,4,5,2,1,5,4,4,4,4,5,5,40,36.0,1
Male,disloyal Customer,54,Business travel,Eco,990,3,3,3,3,1,3,1,1,4,2,4,2,4,1,14,16.0,0
Female,disloyal Customer,29,Business travel,Eco,260,2,2,3,3,5,3,5,5,1,2,3,2,3,5,0,0.0,1
Male,Loyal Customer,41,Personal Travel,Eco,1024,3,4,3,4,2,3,1,2,3,2,5,5,4,2,19,29.0,0
Female,Loyal Customer,26,Personal Travel,Eco,602,4,3,4,4,5,4,5,5,3,3,4,2,3,5,0,0.0,1
Male,Loyal Customer,43,Business travel,Business,646,2,2,2,2,5,4,4,5,5,5,5,5,5,4,0,0.0,1
Male,Loyal Customer,60,Personal Travel,Eco,387,2,4,2,3,4,2,4,4,3,4,4,3,5,4,0,0.0,1
Female,Loyal Customer,34,Business travel,Business,2129,3,3,3,3,4,2,3,3,3,3,3,4,3,2,0,0.0,0
Male,Loyal Customer,48,Personal Travel,Eco,689,1,5,1,1,5,1,5,5,5,5,5,3,4,5,0,0.0,1
Male,Loyal Customer,48,Business travel,Business,986,2,3,3,3,5,2,3,2,2,2,2,2,2,4,55,50.0,0
Male,Loyal Customer,23,Business travel,Business,3991,1,1,1,1,3,4,3,3,5,3,5,5,4,3,0,0.0,1
Male,Loyal Customer,45,Personal Travel,Eco,152,3,4,3,4,1,3,1,1,3,3,4,5,4,1,0,0.0,0
Female,Loyal Customer,29,Personal Travel,Eco,453,2,1,2,4,5,2,5,5,2,5,4,4,3,5,29,13.0,1
Male,Loyal Customer,66,Personal Travel,Eco,1055,3,4,4,3,4,4,4,4,3,4,4,5,5,4,29,24.0,1
Male,Loyal Customer,47,Business travel,Eco,455,4,4,4,4,4,4,4,4,4,2,3,1,4,4,0,11.0,1
Female,Loyal Customer,46,Personal Travel,Eco,1105,0,4,0,3,2,4,4,1,1,0,1,1,1,4,0,3.0,0
Male,Loyal Customer,23,Personal Travel,Eco,289,1,2,1,4,2,1,2,2,3,4,4,2,4,2,45,43.0,0
Female,Loyal Customer,50,Personal Travel,Eco,190,2,5,2,2,3,5,5,2,2,2,2,4,2,4,3,0.0,0
Female,Loyal Customer,47,Personal Travel,Eco,1304,2,5,2,3,3,4,5,5,5,2,5,3,5,5,0,0.0,1
Male,Loyal Customer,43,Business travel,Eco Plus,121,2,4,4,4,2,2,2,2,2,1,4,1,4,2,0,0.0,0
Female,Loyal Customer,25,Business travel,Business,1431,1,1,1,1,5,4,5,5,5,4,5,4,4,5,8,2.0,1
Female,Loyal Customer,53,Personal Travel,Eco,397,3,4,3,1,5,4,4,2,2,3,2,3,2,4,122,104.0,0
Female,Loyal Customer,19,Business travel,Business,393,1,2,2,2,1,1,1,1,3,5,3,4,4,1,96,96.0,0
Male,Loyal Customer,54,Personal Travel,Eco,1183,3,4,3,4,4,3,4,4,4,5,4,4,5,4,17,16.0,1
Female,Loyal Customer,41,Business travel,Business,2218,2,5,5,5,2,2,4,2,2,2,2,1,2,4,0,0.0,0
Male,Loyal Customer,39,Business travel,Business,1781,5,5,5,5,3,1,4,3,3,3,3,4,3,2,0,0.0,0
Male,Loyal Customer,55,Business travel,Business,2092,3,3,3,3,2,4,4,3,3,4,3,5,3,5,1,0.0,1
Male,Loyal Customer,50,Personal Travel,Eco,403,3,2,3,4,2,3,2,2,2,3,4,2,3,2,30,26.0,0
Female,disloyal Customer,22,Business travel,Eco,833,4,4,4,3,4,4,4,4,3,5,4,4,5,4,16,0.0,1
Male,Loyal Customer,47,Business travel,Business,2307,0,0,0,4,5,3,3,4,4,4,4,3,4,4,0,0.0,1
Male,Loyal Customer,74,Business travel,Business,300,3,3,3,3,3,5,2,4,4,4,4,1,4,2,0,0.0,1
Female,Loyal Customer,42,Business travel,Business,1777,0,5,0,1,2,4,4,5,5,1,1,3,5,3,0,2.0,0
Male,Loyal Customer,25,Business travel,Eco,771,4,3,3,3,4,4,5,4,1,4,4,2,3,4,0,0.0,1
Female,disloyal Customer,29,Business travel,Eco,387,3,5,3,3,3,3,3,3,2,2,2,2,4,3,0,0.0,0
Female,Loyal Customer,47,Personal Travel,Eco,1489,5,5,5,4,5,3,5,2,2,5,2,1,2,1,0,0.0,0
Male,Loyal Customer,25,Business travel,Business,1947,1,1,1,1,5,5,5,5,5,3,3,4,5,5,6,0.0,1
Male,Loyal Customer,59,Personal Travel,Eco,153,3,4,3,5,4,3,4,4,3,4,4,3,4,4,0,8.0,1
Male,Loyal Customer,28,Business travel,Eco,1158,3,1,1,1,3,3,3,3,2,3,4,1,4,3,0,28.0,0
Male,disloyal Customer,20,Business travel,Eco,692,2,2,2,3,5,2,5,5,5,3,5,3,4,5,0,0.0,1
Male,Loyal Customer,40,Business travel,Business,2554,4,4,3,4,2,4,4,5,5,5,5,5,5,5,44,36.0,1
Male,Loyal Customer,52,Personal Travel,Eco,342,3,4,2,3,1,2,1,1,5,5,5,4,5,1,9,24.0,0
Female,disloyal Customer,37,Business travel,Business,337,3,3,3,3,2,3,2,2,4,3,4,3,4,2,0,0.0,0
Male,disloyal Customer,22,Business travel,Eco,368,2,2,1,3,4,1,4,4,3,4,4,2,3,4,5,1.0,0
Female,disloyal Customer,26,Business travel,Eco,1121,3,4,4,3,1,4,1,1,4,3,1,5,4,1,0,0.0,0
Female,disloyal Customer,26,Business travel,Business,377,4,0,4,1,5,4,5,5,4,3,4,5,4,5,0,0.0,1
Male,Loyal Customer,52,Business travel,Business,2832,2,2,2,2,3,4,5,5,5,5,5,5,5,5,0,0.0,1
Male,Loyal Customer,38,Personal Travel,Business,338,1,4,1,4,2,5,4,1,1,1,1,4,1,3,0,0.0,0
Female,disloyal Customer,24,Business travel,Business,1506,0,0,0,4,4,0,4,4,4,2,5,3,4,4,0,0.0,0
Male,disloyal Customer,26,Business travel,Eco,920,1,0,0,2,1,0,1,1,5,2,2,5,4,1,0,0.0,0
Female,Loyal Customer,48,Business travel,Business,1625,1,2,2,2,3,3,4,1,1,1,1,1,1,2,9,25.0,0
Male,Loyal Customer,30,Business travel,Business,337,1,1,1,1,5,5,5,5,5,5,5,4,5,5,0,0.0,1
Female,Loyal Customer,16,Personal Travel,Eco,399,2,4,2,5,2,2,2,2,3,4,4,3,5,2,26,43.0,0
Male,Loyal Customer,58,Business travel,Business,294,4,4,4,4,1,4,5,4,4,4,4,1,4,5,0,2.0,1
Female,Loyal Customer,33,Business travel,Business,2674,5,5,5,5,3,4,5,5,5,5,5,3,5,3,0,0.0,1
Female,Loyal Customer,36,Business travel,Eco Plus,196,4,5,5,5,4,4,4,4,1,1,3,2,2,4,0,0.0,0
Male,disloyal Customer,23,Business travel,Eco,544,4,4,4,5,1,4,1,1,5,2,4,5,4,1,0,0.0,0
Female,Loyal Customer,57,Business travel,Eco,1013,5,5,4,5,3,5,4,5,5,5,5,5,5,3,38,36.0,1
Female,Loyal Customer,29,Business travel,Eco,591,2,1,1,1,2,2,2,2,1,2,4,2,4,2,18,4.0,0
Female,disloyal Customer,13,Business travel,Eco,1590,3,3,3,3,5,3,5,5,1,1,2,2,4,5,7,14.0,1
Male,Loyal Customer,39,Business travel,Business,1500,2,4,4,4,5,3,4,2,2,2,2,1,2,4,44,26.0,0
Male,Loyal Customer,20,Personal Travel,Eco,362,2,5,2,5,2,2,2,2,3,3,5,4,4,2,0,0.0,0
Female,Loyal Customer,36,Personal Travel,Eco,2036,4,4,4,2,3,4,3,3,3,4,5,3,5,3,0,0.0,1
Female,disloyal Customer,52,Business travel,Eco,534,3,0,3,2,1,3,1,1,3,2,4,1,4,1,0,0.0,0
Male,disloyal Customer,25,Business travel,Eco,1246,2,2,2,4,2,2,2,2,1,1,4,2,4,2,16,0.0,0
Female,disloyal Customer,54,Business travel,Eco,1216,2,2,2,4,3,2,2,3,3,2,4,2,2,3,0,0.0,0
Female,Loyal Customer,60,Business travel,Business,3481,5,5,5,5,5,4,4,5,2,5,4,4,5,4,136,119.0,1
Male,Loyal Customer,23,Personal Travel,Eco,2704,2,4,2,4,3,2,3,3,4,5,4,5,4,3,5,0.0,1
Female,Loyal Customer,53,Business travel,Business,695,4,4,4,4,2,4,4,4,4,4,4,4,4,5,0,14.0,1
Female,Loyal Customer,31,Personal Travel,Eco,241,1,5,1,4,3,1,3,3,3,3,4,4,5,3,0,0.0,0
Male,Loyal Customer,60,Business travel,Eco,173,3,5,5,5,3,3,3,3,2,5,3,1,3,3,49,49.0,0
Female,Loyal Customer,30,Business travel,Business,2199,1,1,4,1,5,5,5,5,2,3,3,3,3,5,0,0.0,1
Male,Loyal Customer,17,Personal Travel,Eco,396,2,4,2,1,1,2,1,1,1,5,1,4,1,1,0,0.0,0
Male,Loyal Customer,58,Business travel,Eco,250,4,5,5,5,4,4,4,4,5,2,3,4,4,4,0,0.0,1
Male,Loyal Customer,15,Personal Travel,Eco,545,2,5,2,1,1,2,1,1,1,4,5,4,2,1,20,18.0,0
Male,Loyal Customer,17,Business travel,Eco,175,4,2,2,2,4,4,2,4,1,4,3,2,4,4,0,0.0,0
Female,disloyal Customer,26,Business travel,Business,761,5,5,5,2,4,5,4,4,4,5,5,3,5,4,50,53.0,1
Female,Loyal Customer,50,Business travel,Business,1912,3,3,3,3,3,5,5,5,5,5,5,3,5,3,20,18.0,1
Female,Loyal Customer,41,Business travel,Eco,646,4,3,3,3,4,4,4,4,2,2,4,4,3,4,53,44.0,1
Male,Loyal Customer,54,Business travel,Business,3643,4,4,4,4,2,2,2,5,5,5,5,4,5,3,8,7.0,1
Male,Loyal Customer,39,Business travel,Business,1303,3,3,2,3,2,4,5,4,4,4,4,4,4,5,0,0.0,1
Male,Loyal Customer,56,Personal Travel,Eco,2583,5,4,5,4,5,5,5,5,4,3,3,2,2,5,0,2.0,1
Female,disloyal Customer,44,Business travel,Eco,95,1,1,1,3,5,1,5,5,4,5,4,4,3,5,0,0.0,1
Female,Loyal Customer,32,Business travel,Business,1615,4,2,2,2,4,3,4,4,4,5,4,2,3,4,0,0.0,1
Female,Loyal Customer,17,Business travel,Eco,308,3,4,4,4,3,3,2,3,4,2,2,1,2,3,0,0.0,0
Female,Loyal Customer,64,Personal Travel,Eco,1416,4,5,4,3,4,5,4,3,3,4,3,3,3,3,8,0.0,1
Male,Loyal Customer,18,Personal Travel,Business,306,3,5,3,4,3,3,3,3,5,5,5,3,5,3,15,18.0,1
Male,Loyal Customer,55,Personal Travel,Eco,912,3,4,3,4,2,3,2,2,1,4,3,4,4,2,20,7.0,0
Male,Loyal Customer,49,Personal Travel,Eco,1068,4,4,4,4,4,4,4,4,1,5,4,4,4,4,24,11.0,1
Male,Loyal Customer,60,Business travel,Business,526,1,1,1,1,1,5,1,4,4,4,4,4,4,1,0,0.0,0
Male,Loyal Customer,25,Business travel,Business,715,3,3,3,3,3,4,3,3,1,4,2,1,2,3,124,110.0,0
Male,disloyal Customer,20,Business travel,Eco,894,0,0,0,5,2,0,2,2,4,5,1,1,3,2,40,38.0,0
Female,Loyal Customer,54,Personal Travel,Eco,451,5,2,5,4,3,4,4,4,4,5,4,2,4,2,0,0.0,1
Female,Loyal Customer,52,Business travel,Business,368,5,5,5,5,5,5,5,4,4,4,4,3,4,3,0,2.0,1
Male,Loyal Customer,50,Personal Travel,Eco,1052,2,4,2,4,5,2,5,5,5,4,4,5,5,5,0,0.0,1
Female,Loyal Customer,48,Business travel,Eco Plus,1102,4,1,1,1,2,4,3,4,4,4,4,2,4,4,0,9.0,1
Female,Loyal Customer,18,Personal Travel,Eco,2565,3,5,2,3,2,1,5,3,3,4,4,5,4,5,0,0.0,1
Female,disloyal Customer,25,Business travel,Eco,563,4,5,4,4,3,4,3,3,5,1,2,1,2,3,0,0.0,0
Male,Loyal Customer,30,Business travel,Eco,230,3,2,2,2,3,3,3,3,3,5,4,3,3,3,2,0.0,0
Male,Loyal Customer,28,Personal Travel,Business,548,5,5,5,4,3,5,3,3,4,2,4,4,5,3,0,0.0,1
Female,Loyal Customer,24,Business travel,Business,2521,3,5,5,5,3,3,3,3,2,3,4,1,3,3,31,30.0,0
Female,Loyal Customer,31,Business travel,Business,819,4,4,4,4,5,5,5,5,5,4,3,1,5,5,0,0.0,1
Female,Loyal Customer,32,Business travel,Eco,846,5,4,4,4,5,5,5,5,3,1,1,3,3,5,0,0.0,1
Female,Loyal Customer,61,Personal Travel,Eco,302,1,5,1,3,2,5,5,4,4,1,4,4,4,3,3,3.0,1
Female,Loyal Customer,67,Personal Travel,Eco,1121,1,4,1,1,5,5,4,5,5,1,5,3,5,3,49,57.0,1
Male,Loyal Customer,48,Business travel,Eco Plus,157,4,1,3,1,5,4,5,5,1,5,5,5,2,5,0,0.0,1
Male,Loyal Customer,26,Personal Travel,Eco,1744,2,4,2,2,2,2,2,2,4,5,3,5,5,2,2,0.0,0
Female,Loyal Customer,44,Personal Travel,Business,368,2,4,2,4,2,4,3,3,3,2,3,1,3,1,3,0.0,0
Female,Loyal Customer,52,Business travel,Business,3458,2,2,1,2,3,4,4,3,3,3,3,4,3,3,27,23.0,1
Male,Loyal Customer,59,Business travel,Business,529,3,3,3,3,4,5,5,5,5,5,5,5,5,3,0,0.0,1
Female,Loyal Customer,50,Business travel,Business,3377,5,5,5,5,1,4,3,4,4,4,4,5,4,3,0,0.0,1
Female,Loyal Customer,56,Business travel,Business,3576,1,1,1,1,3,5,4,4,4,4,4,5,4,3,18,22.0,1
Male,Loyal Customer,31,Business travel,Eco,113,5,5,5,5,5,5,5,5,5,2,3,1,1,5,95,121.0,1
Female,Loyal Customer,59,Personal Travel,Eco,341,3,1,3,2,1,1,1,5,5,3,5,2,5,1,0,0.0,0
Female,Loyal Customer,30,Business travel,Eco Plus,461,0,0,0,3,5,0,5,5,4,2,3,2,2,5,0,0.0,0
Female,disloyal Customer,22,Business travel,Eco,346,4,0,4,5,2,4,2,2,3,3,1,3,4,2,29,30.0,0
Male,disloyal Customer,27,Business travel,Eco,164,3,3,3,1,2,3,2,2,2,3,1,1,1,2,0,0.0,0
Female,disloyal Customer,43,Business travel,Business,832,4,4,4,3,5,4,5,5,4,3,4,3,5,5,0,0.0,1
Female,disloyal Customer,22,Business travel,Eco,1050,2,2,2,1,1,2,1,1,2,5,3,3,3,1,0,0.0,0
Female,Loyal Customer,34,Business travel,Eco,216,4,5,5,5,4,4,4,4,1,2,3,4,1,4,0,0.0,1
Female,Loyal Customer,70,Personal Travel,Eco,868,1,2,1,2,2,1,1,5,5,1,5,2,5,1,34,20.0,0
Male,Loyal Customer,44,Business travel,Business,1438,5,5,5,5,3,4,4,5,5,5,5,5,5,3,0,9.0,1
Male,Loyal Customer,57,Business travel,Business,1072,4,4,4,4,5,5,4,5,5,5,5,5,5,3,14,4.0,1
Male,Loyal Customer,30,Personal Travel,Eco,2586,3,3,3,2,3,2,2,5,5,4,1,2,3,2,13,16.0,0
Female,Loyal Customer,68,Personal Travel,Eco,315,3,3,3,4,3,1,1,3,5,2,1,1,4,1,169,189.0,0
Male,disloyal Customer,22,Business travel,Eco,719,1,1,1,3,1,1,1,1,4,3,3,1,4,1,14,25.0,0
Male,disloyal Customer,42,Business travel,Business,296,3,3,3,4,4,3,4,4,5,4,4,3,4,4,13,0.0,1
Male,Loyal Customer,20,Business travel,Business,2342,3,3,3,3,3,3,3,3,2,2,4,2,2,3,0,0.0,0
Male,Loyal Customer,19,Business travel,Business,2172,2,1,2,1,2,2,2,2,3,4,1,4,2,2,0,0.0,0
Male,Loyal Customer,42,Business travel,Eco,2454,2,4,2,4,2,2,2,2,3,3,1,2,3,2,0,0.0,0
Male,Loyal Customer,10,Personal Travel,Eco,1235,4,5,3,1,3,3,3,3,3,2,1,1,4,3,0,0.0,0
Female,Loyal Customer,64,Business travel,Eco Plus,696,3,4,4,4,5,3,3,3,3,3,3,2,3,1,0,14.0,0
Female,Loyal Customer,56,Business travel,Business,3561,1,1,1,1,2,5,4,5,5,5,5,3,5,5,43,40.0,1
Female,Loyal Customer,31,Business travel,Business,1956,1,2,2,2,1,1,1,1,3,1,3,3,3,1,22,27.0,0
Female,Loyal Customer,53,Business travel,Business,1183,2,2,2,2,3,5,4,5,5,5,5,4,5,5,0,0.0,1
Male,Loyal Customer,38,Business travel,Business,3053,1,1,1,1,4,5,2,4,4,4,4,4,4,2,18,0.0,1
Male,Loyal Customer,53,Business travel,Business,3038,0,0,0,3,2,5,5,3,3,4,4,3,3,5,3,0.0,1
Female,disloyal Customer,25,Business travel,Business,602,5,0,5,1,1,5,1,1,4,5,5,5,4,1,19,25.0,0
Female,Loyal Customer,34,Business travel,Business,447,5,5,5,5,3,5,5,5,5,5,5,3,5,5,61,55.0,1
Female,disloyal Customer,45,Business travel,Business,309,2,1,1,2,4,2,4,4,5,3,4,5,4,4,3,1.0,1
Male,disloyal Customer,15,Business travel,Eco,526,4,5,4,3,2,4,2,2,3,3,3,5,1,2,19,25.0,0
Male,Loyal Customer,50,Business travel,Business,965,2,2,2,2,3,4,4,2,2,3,2,3,2,5,0,0.0,0
Female,Loyal Customer,28,Business travel,Business,1438,1,1,1,1,4,4,4,4,5,5,4,3,5,4,0,13.0,1
Female,Loyal Customer,45,Business travel,Eco Plus,2562,4,5,5,5,4,4,4,5,5,3,5,4,1,4,0,0.0,1
Male,disloyal Customer,25,Business travel,Business,631,4,0,3,5,2,3,2,2,4,3,4,5,4,2,0,0.0,0
Male,disloyal Customer,58,Business travel,Business,429,2,2,2,1,5,2,5,5,5,5,4,3,5,5,0,0.0,1
Male,Loyal Customer,46,Business travel,Business,3791,1,1,1,1,2,5,5,5,5,5,5,4,5,5,0,0.0,1
Female,Loyal Customer,42,Business travel,Business,954,3,3,3,3,3,3,4,3,3,3,3,3,3,2,1,0.0,0
Female,Loyal Customer,14,Business travel,Business,3588,1,2,2,2,1,1,1,1,4,1,3,3,3,1,32,9.0,0
Male,Loyal Customer,44,Business travel,Eco,451,3,4,4,4,3,3,3,3,3,2,4,2,4,3,0,0.0,0
Male,Loyal Customer,35,Personal Travel,Eco,395,1,4,1,1,4,1,2,4,5,4,5,3,5,4,23,33.0,1
Male,Loyal Customer,29,Personal Travel,Eco,2475,3,1,3,3,3,3,3,1,3,3,3,3,1,3,0,0.0,0
Male,Loyal Customer,35,Business travel,Eco Plus,425,1,5,2,5,1,1,1,1,3,5,4,3,3,1,0,0.0,0
Male,Loyal Customer,55,Business travel,Business,1927,4,4,4,4,2,5,4,5,5,5,5,4,5,2,0,24.0,1
Female,Loyal Customer,47,Business travel,Business,2187,5,5,5,5,3,5,5,4,4,4,4,5,4,5,34,38.0,1
Female,Loyal Customer,46,Business travel,Business,308,0,0,0,4,4,5,4,5,5,5,5,5,5,3,0,0.0,1
Male,Loyal Customer,66,Business travel,Business,130,3,3,3,3,4,4,4,3,3,4,4,3,3,4,0,0.0,1
Female,Loyal Customer,26,Business travel,Business,1587,2,2,2,2,4,4,4,4,4,2,4,4,4,4,39,17.0,1
Female,Loyal Customer,70,Personal Travel,Eco Plus,294,2,4,2,1,5,5,4,2,2,2,2,3,2,5,0,0.0,0
Male,Loyal Customer,43,Business travel,Business,1464,5,5,4,5,2,4,5,2,2,2,2,4,2,3,1,0.0,0
Female,disloyal Customer,24,Business travel,Business,364,5,0,5,5,4,5,4,4,3,3,5,3,4,4,64,76.0,1
Female,disloyal Customer,26,Business travel,Business,236,2,3,2,3,1,2,1,1,3,5,4,1,4,1,1,0.0,0
Female,Loyal Customer,47,Personal Travel,Eco,640,1,4,2,5,2,4,4,3,5,4,5,4,3,4,7,137.0,1
Female,Loyal Customer,61,Business travel,Business,462,4,3,3,3,1,3,4,4,4,4,4,1,4,2,0,4.0,0
Female,Loyal Customer,47,Business travel,Business,3557,5,5,2,5,4,4,4,5,5,5,5,5,5,4,27,53.0,1
Female,Loyal Customer,58,Business travel,Business,3529,5,5,4,5,4,5,4,4,4,4,4,4,4,5,9,2.0,1
Male,Loyal Customer,44,Business travel,Business,2761,0,0,0,1,5,5,2,3,3,3,3,1,3,5,6,0.0,0
Female,Loyal Customer,27,Business travel,Business,359,5,5,5,5,4,5,4,4,1,1,2,5,4,4,0,1.0,1
Female,Loyal Customer,35,Personal Travel,Eco,192,4,3,4,4,4,4,4,4,3,1,4,3,4,4,0,4.0,1
Female,Loyal Customer,61,Personal Travel,Eco,268,1,3,1,2,1,5,3,5,5,1,5,1,5,1,0,0.0,0
Female,Loyal Customer,66,Personal Travel,Eco,1416,2,5,2,1,5,5,5,1,1,2,1,4,1,3,0,0.0,0
Female,Loyal Customer,25,Personal Travel,Eco,114,2,3,2,1,3,2,1,3,4,4,4,1,2,3,3,23.0,0
Male,Loyal Customer,46,Business travel,Business,455,2,2,2,2,1,4,5,5,5,5,5,3,5,2,0,0.0,1
Female,Loyal Customer,8,Personal Travel,Eco,271,3,4,4,1,4,4,4,4,5,4,4,5,5,4,0,0.0,1
Female,Loyal Customer,33,Business travel,Eco,160,3,5,5,5,3,3,3,3,2,5,1,2,2,3,61,59.0,0
Female,Loyal Customer,60,Business travel,Business,1089,2,4,3,4,5,4,4,2,2,2,2,1,2,4,65,47.0,0
Male,Loyal Customer,39,Business travel,Business,1306,5,5,5,5,3,4,4,4,4,4,4,3,4,4,62,38.0,1
Female,Loyal Customer,30,Business travel,Business,3036,3,4,3,3,2,2,2,2,4,2,4,3,5,2,23,13.0,0
Male,Loyal Customer,10,Personal Travel,Eco Plus,201,2,4,2,4,5,2,5,5,2,4,3,4,4,5,0,0.0,1
Female,Loyal Customer,41,Business travel,Business,2378,2,2,2,2,4,5,5,4,4,5,4,3,4,5,42,38.0,1
Male,Loyal Customer,37,Business travel,Business,2503,1,1,1,1,1,3,5,3,3,2,3,2,3,2,0,0.0,0
Male,Loyal Customer,55,Personal Travel,Eco Plus,223,5,4,5,1,4,5,4,4,4,2,4,5,5,4,0,0.0,1
Male,disloyal Customer,43,Business travel,Eco,378,3,0,4,5,2,4,2,2,3,5,5,1,3,2,0,0.0,0
Female,Loyal Customer,23,Personal Travel,Eco,1303,1,4,1,2,1,1,1,1,4,5,4,4,4,1,25,6.0,0
Female,disloyal Customer,39,Business travel,Business,937,2,2,2,4,4,2,4,4,3,5,3,2,4,4,0,0.0,1
Male,Loyal Customer,43,Business travel,Business,3906,3,3,3,3,2,4,4,5,5,5,5,5,5,5,7,10.0,1
Female,Loyal Customer,19,Personal Travel,Eco,160,1,5,0,3,2,0,2,2,5,4,4,3,4,2,0,0.0,0
Male,Loyal Customer,18,Business travel,Business,3602,2,2,2,2,2,2,2,2,5,2,5,4,4,2,0,0.0,0
Female,Loyal Customer,52,Business travel,Eco,861,2,1,2,2,1,3,4,2,2,2,2,4,2,2,0,0.0,0
Female,Loyal Customer,36,Business travel,Business,3338,3,3,3,3,1,3,4,3,3,3,3,4,3,2,12,0.0,0
Male,Loyal Customer,53,Business travel,Business,628,2,2,2,2,2,5,5,5,5,5,5,4,5,3,42,35.0,1
Female,Loyal Customer,23,Business travel,Business,1430,3,5,5,5,3,3,3,3,3,1,3,1,4,3,0,0.0,0
Male,Loyal Customer,68,Personal Travel,Eco,406,3,3,3,2,3,3,3,3,5,3,3,4,5,3,0,0.0,1
Male,Loyal Customer,55,Business travel,Business,2864,1,1,1,1,4,5,5,4,4,5,4,5,4,3,0,0.0,1
Male,Loyal Customer,30,Business travel,Business,1835,2,3,3,3,2,2,2,2,3,2,3,1,2,2,0,0.0,0
Female,Loyal Customer,45,Personal Travel,Eco,309,5,4,5,2,3,5,5,1,1,5,1,3,1,3,26,41.0,0
Male,Loyal Customer,32,Personal Travel,Eco,1041,2,4,3,3,2,3,2,2,4,3,5,5,5,2,0,33.0,0
Female,disloyal Customer,29,Business travel,Business,139,5,5,5,4,5,5,5,5,5,4,4,5,4,5,0,0.0,1
Female,Loyal Customer,41,Personal Travel,Eco,2521,3,2,3,4,3,1,1,4,1,2,4,1,1,1,36,36.0,0
Male,Loyal Customer,64,Personal Travel,Eco,1013,4,4,3,3,4,3,4,4,4,4,3,1,3,4,7,19.0,1
Male,Loyal Customer,50,Business travel,Eco,834,5,2,2,2,5,5,5,5,3,1,1,2,1,5,0,0.0,1
Female,Loyal Customer,29,Business travel,Eco,620,5,2,3,2,5,4,5,5,3,5,3,2,3,5,0,0.0,1
Female,Loyal Customer,55,Personal Travel,Eco,899,3,4,3,3,1,2,2,3,3,3,3,5,3,3,0,0.0,0
Male,Loyal Customer,41,Business travel,Business,531,1,5,5,5,4,3,4,1,1,1,1,2,1,4,0,0.0,0
Female,Loyal Customer,53,Business travel,Business,534,5,5,5,5,5,4,5,5,5,4,5,3,5,3,0,0.0,1
Male,Loyal Customer,41,Business travel,Business,3468,4,4,4,4,4,5,5,5,5,5,5,3,5,3,0,0.0,1
Male,Loyal Customer,53,Business travel,Business,1450,2,3,3,3,4,3,3,2,2,2,2,4,2,1,0,0.0,0
Female,Loyal Customer,40,Business travel,Business,425,4,4,4,4,3,4,5,2,2,2,2,3,2,5,0,0.0,0
Male,Loyal Customer,66,Personal Travel,Eco,1197,2,3,2,1,4,2,3,4,4,4,1,5,3,4,0,0.0,0
Male,Loyal Customer,50,Business travel,Business,2436,4,4,4,4,1,4,4,4,4,4,4,1,4,4,0,0.0,1
Female,Loyal Customer,43,Personal Travel,Eco,640,1,5,1,3,5,4,5,1,1,1,1,5,1,3,17,6.0,0
Male,Loyal Customer,28,Personal Travel,Eco,802,4,4,4,4,2,4,2,2,1,4,2,4,2,2,0,0.0,0
Male,Loyal Customer,65,Personal Travel,Eco,266,5,3,5,4,3,5,3,3,4,4,5,4,5,3,0,0.0,1
Male,Loyal Customer,33,Business travel,Eco,459,4,2,2,2,4,4,4,4,3,1,3,2,4,4,35,67.0,1
Female,disloyal Customer,30,Business travel,Eco,370,4,2,4,3,5,4,5,5,1,5,3,1,4,5,0,0.0,1
Male,Loyal Customer,38,Personal Travel,Eco,588,1,5,1,4,1,1,3,1,3,5,4,4,5,1,10,9.0,0
Female,Loyal Customer,62,Personal Travel,Eco,473,3,4,3,4,3,1,1,5,5,3,5,3,5,4,0,0.0,1
Female,disloyal Customer,24,Business travel,Eco,692,3,2,2,3,4,2,4,4,2,4,4,2,4,4,15,2.0,1
Male,Loyal Customer,46,Personal Travel,Eco,505,3,5,3,2,3,3,3,3,3,3,5,5,5,3,0,0.0,1
Female,Loyal Customer,16,Personal Travel,Eco,1464,1,5,1,1,2,1,5,2,3,2,3,4,4,2,6,0.0,0
Male,Loyal Customer,56,Business travel,Business,2154,5,5,3,5,2,4,5,4,4,4,4,4,4,5,0,0.0,1
Female,disloyal Customer,31,Business travel,Business,1670,2,2,2,3,2,2,2,2,3,3,3,4,4,2,3,21.0,0
Male,Loyal Customer,51,Business travel,Business,3945,1,1,1,1,2,5,4,4,4,4,4,5,4,3,0,0.0,1
Male,Loyal Customer,38,Personal Travel,Eco,1491,2,1,2,4,1,2,1,1,1,5,2,2,4,1,28,0.0,0
Female,Loyal Customer,48,Business travel,Business,3026,2,1,5,1,3,3,3,2,2,2,2,4,2,2,0,0.0,0
Male,Loyal Customer,27,Personal Travel,Eco,67,2,5,2,3,4,2,4,4,3,3,5,3,4,4,6,15.0,1
Male,disloyal Customer,38,Business travel,Eco,985,2,2,2,3,4,2,4,4,1,5,2,1,3,4,1,4.0,0
Male,Loyal Customer,34,Personal Travel,Eco,965,3,5,3,2,1,3,1,1,4,3,5,3,4,1,1,0.0,0
Female,disloyal Customer,9,Business travel,Eco,804,2,2,2,5,3,2,3,3,3,4,5,3,4,3,5,0.0,0
Female,Loyal Customer,46,Business travel,Business,3346,2,2,2,2,3,5,4,5,5,5,5,4,5,3,0,0.0,1
Male,Loyal Customer,50,Personal Travel,Eco,402,4,4,3,3,3,3,3,3,4,4,4,1,4,3,30,18.0,0
Male,Loyal Customer,62,Business travel,Business,1449,3,5,5,5,1,4,4,3,3,2,3,2,3,2,0,0.0,0
Female,Loyal Customer,55,Business travel,Business,3446,1,2,5,2,1,3,3,2,2,2,1,4,2,1,0,0.0,0
Male,Loyal Customer,58,Personal Travel,Eco,2342,2,1,2,2,2,4,4,4,3,2,2,4,4,4,0,7.0,0
Male,Loyal Customer,29,Personal Travel,Business,224,2,4,2,3,3,2,3,3,4,4,5,5,4,3,3,0.0,1
Female,Loyal Customer,69,Personal Travel,Eco,1542,4,5,4,2,3,4,5,5,5,4,5,5,5,4,0,0.0,1
Female,Loyal Customer,44,Business travel,Business,3571,1,1,1,1,4,4,5,5,5,4,5,5,5,3,51,56.0,1
Male,Loyal Customer,44,Business travel,Business,920,5,5,5,5,2,5,4,4,4,4,4,4,4,3,0,0.0,1
Male,disloyal Customer,39,Business travel,Business,1235,2,2,2,1,1,2,3,1,5,4,4,5,4,1,0,0.0,0
Male,Loyal Customer,46,Business travel,Business,1440,3,3,2,3,3,4,5,4,4,4,4,3,4,3,37,38.0,1
Male,Loyal Customer,28,Personal Travel,Eco,268,2,0,2,4,4,2,4,4,4,3,4,4,5,4,0,0.0,1
Female,Loyal Customer,13,Personal Travel,Eco,590,4,4,4,1,3,4,3,3,5,5,5,5,5,3,38,22.0,1
Male,disloyal Customer,36,Business travel,Eco,399,2,2,2,2,2,2,2,2,4,2,3,2,2,2,0,10.0,0
Male,Loyal Customer,59,Business travel,Business,2664,2,5,5,5,3,3,4,2,2,3,2,1,2,3,21,18.0,0
Female,disloyal Customer,22,Business travel,Business,248,4,0,4,1,3,4,1,3,3,2,5,5,5,3,11,3.0,0
Female,Loyal Customer,48,Personal Travel,Eco,602,4,5,4,3,2,5,4,4,4,4,2,3,4,3,0,0.0,1
Male,Loyal Customer,40,Business travel,Business,3160,4,3,4,4,2,4,5,5,5,5,5,3,5,4,0,0.0,1
Male,Loyal Customer,40,Business travel,Business,3085,1,2,2,2,2,2,2,1,1,1,1,2,1,3,0,0.0,0
Female,disloyal Customer,25,Business travel,Eco,173,2,1,2,4,2,2,2,2,1,5,3,4,3,2,37,30.0,0
Female,Loyal Customer,26,Business travel,Business,1389,4,4,4,4,4,4,4,4,3,2,5,4,5,4,4,0.0,1
Male,Loyal Customer,59,Business travel,Business,469,3,3,5,3,3,4,4,3,3,3,3,1,3,4,0,0.0,1
Male,Loyal Customer,40,Personal Travel,Eco,1005,2,5,1,2,3,1,1,3,5,3,4,5,5,3,91,97.0,0
Male,Loyal Customer,31,Personal Travel,Eco,599,4,5,3,4,1,3,1,1,1,1,3,1,2,1,0,7.0,0
Female,Loyal Customer,60,Business travel,Business,1750,4,4,4,4,3,5,4,3,3,3,3,3,3,4,27,29.0,1
Male,Loyal Customer,44,Business travel,Business,1727,5,5,5,5,5,2,2,5,5,5,5,1,5,4,0,0.0,1
Female,Loyal Customer,27,Personal Travel,Eco,921,2,4,2,1,3,2,3,3,4,5,5,3,4,3,11,2.0,0
Male,Loyal Customer,66,Business travel,Eco,317,4,2,2,2,4,4,4,4,1,3,2,3,1,4,0,0.0,0
Male,Loyal Customer,30,Business travel,Business,3773,1,1,1,1,4,4,4,4,5,3,5,4,4,4,28,19.0,1
Female,Loyal Customer,24,Personal Travel,Eco,399,2,5,2,3,1,2,1,1,4,4,4,4,4,1,0,0.0,0
Male,Loyal Customer,44,Business travel,Business,423,2,3,3,3,1,3,4,2,2,2,2,1,2,2,31,18.0,0
Female,Loyal Customer,11,Personal Travel,Business,1208,2,2,2,3,4,2,4,4,3,2,1,1,2,4,0,0.0,0
Female,Loyal Customer,59,Business travel,Eco,223,4,5,5,5,2,3,4,4,4,4,4,2,4,2,10,10.0,1
Male,Loyal Customer,56,Personal Travel,Eco,853,4,4,4,3,5,4,5,5,4,4,4,3,5,5,1,0.0,1
Male,disloyal Customer,18,Business travel,Eco,678,4,4,4,4,2,4,2,2,2,1,4,2,5,2,0,0.0,0
Male,Loyal Customer,23,Personal Travel,Eco,196,0,5,0,1,2,0,2,2,4,1,5,1,5,2,18,13.0,0
Male,Loyal Customer,28,Personal Travel,Eco,591,2,3,2,4,5,2,5,5,1,3,3,2,3,5,65,47.0,1
Female,Loyal Customer,45,Business travel,Business,370,2,2,3,2,2,3,5,5,5,5,5,2,5,2,0,0.0,1
Female,Loyal Customer,23,Personal Travel,Eco,2133,1,2,1,3,3,1,3,3,2,3,1,4,3,3,0,0.0,0
Female,Loyal Customer,33,Personal Travel,Eco,1587,4,5,4,4,3,4,2,3,5,4,3,4,5,3,0,0.0,1
Female,Loyal Customer,60,Business travel,Business,1606,3,3,3,3,5,5,4,4,4,4,4,3,4,5,1,2.0,1
Female,Loyal Customer,31,Personal Travel,Eco,1183,3,4,3,5,3,3,3,3,5,5,5,4,5,3,120,88.0,1
Male,Loyal Customer,50,Business travel,Business,1506,3,3,5,3,4,5,5,4,4,4,4,3,4,3,3,3.0,1
Female,Loyal Customer,15,Business travel,Business,2392,2,5,5,5,2,2,2,2,4,1,2,3,2,2,43,59.0,0
Female,Loyal Customer,17,Business travel,Business,312,3,3,3,3,4,4,4,4,3,2,4,4,4,4,0,1.0,1
Male,Loyal Customer,45,Personal Travel,Eco,812,3,3,3,3,5,3,5,5,1,5,3,3,3,5,0,2.0,1
Female,disloyal Customer,36,Business travel,Eco Plus,610,1,1,1,1,1,1,1,1,3,1,3,4,4,1,0,0.0,0
Female,disloyal Customer,36,Business travel,Business,666,2,2,2,4,3,2,3,3,5,2,5,3,5,3,0,0.0,0
Male,disloyal Customer,22,Business travel,Business,283,5,5,5,2,5,5,5,5,5,4,5,5,4,5,6,4.0,1
Male,disloyal Customer,30,Business travel,Eco,253,2,3,2,4,3,2,4,3,1,4,2,2,1,3,0,0.0,0
Male,Loyal Customer,41,Business travel,Business,3655,2,2,2,2,3,5,4,4,4,4,4,3,4,3,0,0.0,1
Male,Loyal Customer,51,Personal Travel,Eco Plus,850,1,5,1,1,3,1,1,3,4,2,5,3,4,3,5,0.0,0
Female,Loyal Customer,15,Personal Travel,Business,1024,1,5,1,5,1,1,1,1,3,5,5,4,4,1,30,33.0,0
Female,Loyal Customer,44,Business travel,Eco,2446,4,5,5,5,4,4,4,3,5,4,1,4,1,4,0,0.0,1
Male,Loyal Customer,12,Personal Travel,Eco,515,2,4,2,5,5,2,5,5,1,2,5,4,5,5,0,0.0,1
Female,Loyal Customer,49,Business travel,Business,1749,3,3,3,3,4,4,5,5,5,5,5,5,5,5,0,0.0,1
Male,Loyal Customer,33,Business travel,Eco,507,4,1,1,1,4,4,4,4,4,5,2,2,3,4,0,0.0,1
Female,disloyal Customer,30,Business travel,Business,689,3,3,3,2,3,3,3,3,4,2,4,4,4,3,24,19.0,0
Male,Loyal Customer,39,Business travel,Eco,321,4,5,5,5,4,4,4,4,2,2,4,3,2,4,8,27.0,1
Male,disloyal Customer,26,Business travel,Business,821,2,2,2,3,4,2,4,4,4,5,4,5,4,4,10,5.0,1
Male,Loyal Customer,58,Business travel,Business,3770,2,2,2,2,2,5,5,5,5,5,5,3,5,4,0,6.0,1
Female,Loyal Customer,39,Personal Travel,Eco,67,5,4,5,1,5,5,5,5,4,2,5,5,4,5,2,4.0,1
Female,Loyal Customer,50,Business travel,Eco,602,2,4,4,4,1,4,3,2,2,2,2,2,2,2,16,14.0,0
Female,disloyal Customer,25,Business travel,Business,1521,5,5,5,3,5,4,4,5,4,5,4,4,5,4,315,302.0,1
Male,disloyal Customer,21,Business travel,Business,404,4,0,4,2,1,4,1,1,3,3,5,5,4,1,0,0.0,0
Female,disloyal Customer,37,Business travel,Business,306,5,4,4,4,3,4,2,3,3,3,5,3,4,3,0,0.0,1
Male,Loyal Customer,39,Business travel,Business,594,5,5,5,5,1,4,3,4,4,5,4,1,4,5,0,0.0,1
Male,Loyal Customer,25,Business travel,Eco Plus,991,1,5,5,5,1,1,4,1,3,2,3,3,4,1,32,22.0,0
Female,Loyal Customer,48,Business travel,Business,1663,5,5,5,5,4,4,4,2,2,2,2,5,2,4,36,33.0,1
Female,Loyal Customer,46,Business travel,Business,3019,3,3,3,3,3,3,3,3,3,3,3,4,3,3,1,3.0,0
Male,Loyal Customer,33,Business travel,Business,2112,3,3,3,3,5,5,4,5,1,1,4,2,3,5,0,0.0,1
Female,Loyal Customer,43,Business travel,Business,2248,2,2,2,2,3,4,4,5,5,5,5,3,5,5,0,0.0,1
Male,disloyal Customer,42,Business travel,Business,293,4,3,3,4,5,4,5,5,5,2,4,4,5,5,0,0.0,1
Male,Loyal Customer,54,Business travel,Business,2762,3,3,3,3,4,4,4,5,2,3,4,4,4,4,0,1.0,1
Female,Loyal Customer,39,Business travel,Eco,1065,4,1,1,1,4,4,4,4,2,1,4,3,3,4,0,0.0,1
Male,Loyal Customer,35,Business travel,Business,1953,3,3,3,3,5,5,5,2,5,5,2,5,3,5,142,123.0,1
Female,disloyal Customer,40,Business travel,Business,214,1,1,1,3,2,1,2,2,1,2,4,1,3,2,0,0.0,0
Female,Loyal Customer,24,Business travel,Business,480,4,4,4,4,4,4,4,4,4,4,4,5,5,4,0,0.0,1
Male,Loyal Customer,36,Business travel,Business,1952,1,1,1,1,5,3,1,5,5,5,5,2,5,2,30,48.0,1
Male,Loyal Customer,45,Business travel,Business,1107,1,1,3,1,4,4,1,2,2,2,2,4,2,5,0,0.0,0
Male,disloyal Customer,23,Business travel,Eco,1017,1,1,1,2,1,1,1,1,4,5,2,3,2,1,1,0.0,0
Female,Loyal Customer,29,Personal Travel,Eco,416,2,4,2,4,1,2,1,1,2,5,4,1,4,1,0,35.0,0
Male,Loyal Customer,37,Business travel,Eco,618,4,1,1,1,4,4,4,4,4,1,2,5,4,4,0,0.0,1
Male,Loyal Customer,52,Personal Travel,Eco,214,3,0,3,4,3,3,3,3,5,5,4,3,4,3,0,0.0,1
Female,Loyal Customer,39,Business travel,Business,2330,4,4,4,4,4,4,4,5,5,5,5,5,5,3,0,0.0,1
Female,Loyal Customer,44,Personal Travel,Business,508,3,4,3,3,5,4,5,2,2,3,5,4,2,5,25,12.0,1
Male,Loyal Customer,42,Personal Travel,Business,764,4,4,3,2,4,5,5,2,2,3,3,5,2,5,0,0.0,1
Male,Loyal Customer,33,Business travel,Business,2989,4,5,5,5,4,4,4,4,1,4,3,3,4,4,0,19.0,1
Male,disloyal Customer,29,Business travel,Eco,2603,2,2,2,4,2,2,2,2,3,2,5,2,5,2,0,19.0,0
Female,Loyal Customer,36,Business travel,Eco Plus,237,5,5,5,5,5,5,5,5,3,1,5,4,2,5,25,9.0,1
Male,Loyal Customer,57,Business travel,Business,173,2,2,3,2,2,5,4,4,4,4,5,5,4,5,0,4.0,1
Female,Loyal Customer,58,Personal Travel,Business,632,1,5,1,4,2,5,4,4,4,1,2,4,4,4,0,9.0,1
Male,Loyal Customer,32,Business travel,Business,2353,2,2,2,2,4,4,4,4,4,4,4,3,4,4,2,0.0,1
Female,Loyal Customer,23,Business travel,Business,588,2,2,2,2,3,3,3,3,5,2,4,3,4,3,56,49.0,0
Male,disloyal Customer,22,Business travel,Eco,377,3,0,3,2,3,3,2,3,1,2,4,5,3,3,44,38.0,0
Female,Loyal Customer,17,Personal Travel,Eco Plus,356,3,4,3,2,5,3,5,5,3,5,4,3,5,5,0,11.0,1
Male,Loyal Customer,59,Business travel,Business,606,5,5,5,5,3,5,5,4,4,5,4,3,4,4,6,0.0,1
Male,Loyal Customer,39,Business travel,Business,3226,5,5,5,5,3,4,5,4,4,4,5,3,4,4,12,7.0,1
Male,Loyal Customer,19,Personal Travel,Eco Plus,748,2,4,2,3,3,2,3,3,5,2,4,4,5,3,0,0.0,0
Male,disloyal Customer,20,Business travel,Eco,984,3,3,3,4,2,3,2,2,4,2,4,3,3,2,1,0.0,0
Female,Loyal Customer,32,Business travel,Business,957,1,1,4,1,4,4,4,4,4,3,5,3,5,4,1,2.0,1
Female,Loyal Customer,34,Business travel,Business,3916,3,4,2,2,2,3,3,3,3,3,3,2,3,3,1,21.0,0
Female,Loyal Customer,48,Business travel,Business,2501,3,3,3,3,5,4,4,5,5,5,5,4,5,4,0,0.0,1
Female,Loyal Customer,38,Personal Travel,Eco,248,1,4,0,2,4,0,4,4,3,4,4,5,4,4,70,75.0,0
Male,Loyal Customer,31,Business travel,Business,397,2,1,1,1,2,2,2,2,1,3,3,1,3,2,14,6.0,0
Male,Loyal Customer,46,Business travel,Business,4000,3,3,3,3,4,2,1,4,4,4,4,3,4,4,9,20.0,1
Female,Loyal Customer,43,Personal Travel,Eco,1797,4,4,4,1,4,3,4,5,5,4,5,5,5,3,33,15.0,1
Male,disloyal Customer,16,Business travel,Eco,781,3,3,3,5,3,3,3,3,5,2,5,3,4,3,4,3.0,0
Male,Loyal Customer,62,Personal Travel,Eco,1504,1,5,1,3,5,1,5,5,4,3,4,5,1,5,57,59.0,1
Male,Loyal Customer,26,Personal Travel,Eco Plus,337,1,1,1,3,2,1,2,2,3,3,3,4,3,2,0,0.0,0
Female,Loyal Customer,47,Business travel,Business,528,2,2,2,2,5,5,4,4,4,4,4,4,4,4,0,0.0,1
Female,disloyal Customer,33,Business travel,Eco,67,2,0,2,1,5,2,3,5,3,5,1,4,5,5,0,0.0,1
Female,Loyal Customer,44,Business travel,Business,1767,0,5,0,1,5,5,4,5,5,5,5,3,5,3,0,0.0,1
Female,Loyal Customer,19,Personal Travel,Eco Plus,3365,2,5,2,4,2,3,3,5,5,3,2,3,3,3,0,0.0,0
Female,Loyal Customer,37,Business travel,Business,2277,3,3,3,3,1,3,4,5,5,5,5,5,5,5,0,26.0,1
Male,Loyal Customer,54,Business travel,Business,2279,2,2,2,2,2,5,5,5,5,5,5,4,5,4,0,13.0,1
Male,Loyal Customer,38,Personal Travel,Eco,744,1,3,1,4,1,1,1,1,5,3,3,5,3,1,0,14.0,0
Male,Loyal Customer,39,Business travel,Eco,457,4,2,2,2,4,4,4,4,5,5,2,5,3,4,1,0.0,1
Female,Loyal Customer,40,Business travel,Eco,978,5,3,3,3,5,5,5,5,4,2,4,4,4,5,0,3.0,1
Female,Loyal Customer,48,Business travel,Business,196,4,4,4,4,2,5,4,5,5,5,4,3,5,4,0,0.0,1
Male,Loyal Customer,34,Business travel,Eco Plus,408,4,4,4,4,4,4,4,4,1,1,4,1,4,4,0,0.0,1
Male,Loyal Customer,20,Business travel,Business,1726,5,5,5,5,2,2,2,2,5,5,5,5,4,2,14,0.0,1
Female,Loyal Customer,41,Business travel,Business,406,4,4,4,4,5,5,4,5,5,5,5,3,5,3,0,4.0,1
Male,Loyal Customer,37,Business travel,Eco Plus,170,5,2,5,2,5,5,5,5,5,5,1,4,5,5,0,0.0,1
Male,disloyal Customer,28,Business travel,Eco,468,2,1,2,3,1,2,1,1,4,4,4,1,4,1,0,0.0,0
Male,Loyal Customer,48,Business travel,Eco,2355,4,1,2,2,4,4,4,4,4,3,4,1,5,4,0,0.0,1
Female,Loyal Customer,51,Business travel,Business,431,5,5,5,5,3,4,4,5,5,5,5,4,5,4,0,0.0,1
Male,Loyal Customer,44,Business travel,Business,1998,1,1,1,1,5,5,5,5,5,5,5,4,5,5,0,0.0,1
Female,Loyal Customer,53,Business travel,Business,280,3,5,5,5,1,4,4,3,3,3,3,2,3,1,74,100.0,0
Male,Loyal Customer,7,Personal Travel,Eco,1276,2,4,2,1,3,2,1,3,4,2,5,5,5,3,0,0.0,0
Female,Loyal Customer,35,Business travel,Business,3579,2,2,2,2,2,4,4,5,5,5,5,4,5,5,70,57.0,1
Female,Loyal Customer,60,Business travel,Business,993,5,5,5,5,5,5,4,4,4,4,4,5,4,3,0,0.0,1
Female,disloyal Customer,24,Business travel,Business,449,0,0,0,1,2,0,2,2,2,2,5,2,2,2,11,0.0,0
Female,Loyal Customer,39,Business travel,Business,2388,0,0,0,4,3,4,4,2,2,2,2,3,2,3,41,32.0,0
Female,Loyal Customer,69,Personal Travel,Eco Plus,139,4,5,4,1,3,5,4,2,2,4,2,5,2,3,0,0.0,0
Female,disloyal Customer,20,Business travel,Business,447,5,4,5,2,5,5,5,5,5,2,5,5,4,5,4,11.0,1
Female,Loyal Customer,29,Business travel,Business,1576,4,3,4,4,4,4,4,4,3,4,1,5,1,4,0,0.0,1
Female,disloyal Customer,28,Business travel,Eco,371,2,2,2,4,5,2,5,5,1,5,3,2,3,5,0,0.0,1
Female,Loyal Customer,48,Business travel,Eco,1576,3,2,2,2,3,3,2,2,2,3,2,1,2,1,71,91.0,0
Male,Loyal Customer,70,Personal Travel,Eco,1747,1,1,1,3,2,1,2,2,1,4,3,3,4,2,0,0.0,0
Female,Loyal Customer,58,Business travel,Business,1805,3,3,3,3,3,4,5,5,5,5,5,3,5,5,12,15.0,1
Male,disloyal Customer,26,Business travel,Business,425,1,0,1,5,2,1,2,2,4,4,4,3,5,2,0,2.0,0
Female,Loyal Customer,52,Business travel,Business,1663,3,3,3,3,4,5,4,5,5,5,5,4,5,5,40,36.0,1
Male,Loyal Customer,27,Business travel,Business,160,2,2,2,2,5,5,5,5,3,5,4,1,1,5,0,0.0,1
Male,Loyal Customer,56,Business travel,Business,930,4,4,4,4,5,5,5,2,2,2,2,3,2,3,0,0.0,1
Female,Loyal Customer,51,Personal Travel,Eco Plus,299,2,5,3,4,5,5,5,3,3,3,3,5,3,5,9,9.0,1
Male,Loyal Customer,53,Business travel,Business,2789,4,3,4,4,3,4,4,4,4,4,4,2,4,2,0,7.0,1
Male,Loyal Customer,57,Personal Travel,Eco,1521,4,4,4,3,5,4,2,5,3,2,5,3,5,5,5,6.0,1
Female,Loyal Customer,32,Business travel,Eco,101,5,1,1,1,5,5,5,5,4,2,5,4,3,5,0,11.0,1
Female,disloyal Customer,36,Business travel,Eco Plus,548,4,4,4,3,4,4,4,4,5,1,5,3,3,4,0,0.0,1
Female,Loyal Customer,40,Business travel,Business,1620,4,4,4,4,3,5,5,5,5,5,5,4,5,4,75,73.0,1
Male,Loyal Customer,50,Personal Travel,Eco,304,2,3,2,3,2,2,2,2,2,4,3,3,3,2,14,7.0,0
Female,Loyal Customer,52,Business travel,Business,425,2,2,2,2,2,5,5,4,4,4,4,5,4,3,49,45.0,1
Male,Loyal Customer,70,Personal Travel,Eco,2282,3,0,3,2,3,1,5,2,1,5,4,5,1,5,0,14.0,0
Male,Loyal Customer,19,Business travel,Business,776,5,5,5,5,5,5,5,5,4,3,4,5,4,5,4,0.0,1
Female,Loyal Customer,61,Business travel,Eco,351,4,3,5,5,2,4,3,5,5,4,5,4,5,2,0,0.0,1
Male,disloyal Customer,37,Business travel,Eco,261,4,0,4,3,2,4,2,2,4,1,5,5,1,2,0,3.0,0
Male,Loyal Customer,46,Business travel,Business,1744,4,4,4,4,2,5,5,4,4,4,4,3,4,5,29,25.0,1
Female,Loyal Customer,25,Business travel,Business,2684,1,1,1,1,2,2,2,2,5,4,5,4,5,2,10,7.0,0
Male,Loyal Customer,47,Business travel,Business,337,3,3,3,3,5,3,3,3,3,3,3,4,3,3,32,21.0,1
Female,disloyal Customer,35,Business travel,Eco,785,2,2,2,4,1,2,1,1,1,1,4,4,4,1,6,4.0,0
Male,Loyal Customer,44,Business travel,Business,2682,5,5,5,5,5,4,5,5,5,5,4,3,5,4,0,0.0,1
Female,Loyal Customer,56,Personal Travel,Eco Plus,1931,2,4,1,2,4,4,4,4,4,1,5,3,4,5,0,0.0,1
Male,Loyal Customer,56,Business travel,Business,3226,0,4,1,4,5,5,5,1,1,1,1,4,1,4,38,41.0,0
Female,Loyal Customer,56,Business travel,Business,373,1,1,1,1,4,5,4,4,4,4,4,5,4,4,21,54.0,1
Female,Loyal Customer,49,Business travel,Business,2889,3,3,3,3,5,4,5,4,4,4,5,4,4,3,18,18.0,1
Female,Loyal Customer,26,Business travel,Business,533,3,3,4,3,3,2,3,3,1,1,2,1,4,3,42,43.0,0
Male,Loyal Customer,55,Business travel,Business,2075,5,5,3,5,3,3,4,4,4,4,4,4,4,4,0,0.0,1
Female,Loyal Customer,60,Business travel,Business,1506,4,4,4,4,4,5,4,5,5,5,5,3,5,3,8,0.0,1
Female,disloyal Customer,11,Personal Travel,Eco,1325,5,5,5,2,2,5,2,2,3,5,3,5,4,2,5,0.0,0
Male,disloyal Customer,27,Business travel,Business,1144,5,5,5,1,3,5,3,3,4,1,4,1,3,3,0,0.0,1
Female,disloyal Customer,26,Business travel,Eco Plus,1208,2,2,2,4,5,2,5,5,3,2,5,1,5,5,17,10.0,1
Female,disloyal Customer,42,Business travel,Business,1111,5,5,5,2,5,2,2,3,3,3,5,2,4,2,0,0.0,1
Male,disloyal Customer,20,Business travel,Eco,587,3,5,3,5,3,3,2,3,3,2,4,5,5,3,3,4.0,0
Male,Loyal Customer,33,Personal Travel,Eco,374,3,0,3,4,3,3,1,3,5,3,5,3,5,3,9,13.0,0
Female,disloyal Customer,22,Business travel,Business,594,5,4,5,1,2,4,2,2,4,3,4,4,4,2,71,66.0,0
Male,Loyal Customer,41,Personal Travel,Eco,817,1,1,1,1,5,1,5,5,2,1,2,3,2,5,0,0.0,0
Female,disloyal Customer,40,Business travel,Business,405,2,2,2,4,3,2,3,3,5,2,5,5,4,3,0,0.0,1
Male,Loyal Customer,48,Business travel,Eco,196,4,1,1,1,4,4,4,4,1,5,4,2,4,4,1,0.0,1
Male,disloyal Customer,26,Business travel,Business,844,0,0,0,3,2,0,2,2,3,4,5,5,5,2,0,0.0,0
Male,Loyal Customer,15,Business travel,Business,3495,4,5,5,5,4,4,4,4,1,4,3,4,3,4,0,0.0,1
Male,Loyal Customer,35,Personal Travel,Eco,230,2,3,2,4,3,2,2,3,1,4,3,1,3,3,0,23.0,0
Male,Loyal Customer,34,Personal Travel,Eco Plus,528,1,5,1,2,2,1,2,2,5,5,4,3,5,2,127,124.0,0
Female,Loyal Customer,16,Personal Travel,Eco,2007,2,5,2,4,3,2,3,3,3,5,5,5,4,3,3,0.0,1
Female,Loyal Customer,64,Personal Travel,Eco,432,1,5,2,2,1,4,1,4,4,2,4,3,4,4,12,12.0,0
Male,Loyal Customer,17,Personal Travel,Eco,528,1,5,1,1,5,1,5,5,5,4,5,4,4,5,0,0.0,1
Female,Loyal Customer,46,Business travel,Eco,1013,4,2,2,2,5,3,3,4,4,4,4,1,4,1,0,0.0,1
Male,Loyal Customer,36,Business travel,Eco Plus,174,4,5,5,5,4,4,4,4,1,2,3,4,3,4,0,0.0,1
Female,Loyal Customer,53,Business travel,Eco Plus,429,5,2,2,2,5,3,3,5,5,5,5,1,5,3,6,19.0,1
Male,disloyal Customer,25,Business travel,Business,164,4,0,4,4,5,4,1,5,5,5,4,4,5,5,47,57.0,1
Female,Loyal Customer,52,Business travel,Business,2046,5,5,5,5,3,4,5,5,5,5,5,5,5,3,4,0.0,1
Female,Loyal Customer,7,Personal Travel,Eco,680,3,4,3,1,4,3,4,4,3,4,5,3,4,4,0,0.0,1
Male,Loyal Customer,49,Business travel,Business,859,5,5,3,5,3,4,5,5,5,5,5,4,5,4,0,0.0,1
Male,Loyal Customer,16,Personal Travel,Eco,562,3,5,2,2,2,2,2,2,5,2,4,3,5,2,0,0.0,0
Female,disloyal Customer,27,Business travel,Business,1337,3,4,4,2,2,4,2,2,3,4,4,3,5,2,23,20.0,0
Female,Loyal Customer,70,Personal Travel,Eco,776,3,4,3,3,5,5,4,3,3,3,3,3,3,4,0,0.0,1
Female,disloyal Customer,39,Business travel,Business,590,4,3,3,3,3,3,3,3,4,4,4,3,5,3,0,0.0,1
Male,Loyal Customer,23,Personal Travel,Eco Plus,1014,3,3,3,3,4,3,4,4,4,5,2,3,3,4,53,44.0,1
Male,Loyal Customer,62,Business travel,Business,1595,3,4,4,4,1,4,4,3,3,2,3,2,3,3,0,0.0,0
Male,Loyal Customer,35,Business travel,Business,2091,3,3,3,3,3,5,5,5,5,5,5,3,5,3,0,0.0,1
Female,disloyal Customer,32,Business travel,Business,356,2,2,2,2,2,2,2,2,3,5,5,4,5,2,56,44.0,0
Female,Loyal Customer,20,Business travel,Business,731,4,4,4,4,4,4,4,4,5,4,5,4,5,4,0,0.0,1
Male,Loyal Customer,45,Personal Travel,Eco,302,2,4,2,1,3,2,2,3,4,3,5,4,4,3,14,25.0,0
Female,Loyal Customer,20,Personal Travel,Eco,544,1,5,1,2,3,1,1,3,2,1,4,4,4,3,11,2.0,0
Male,Loyal Customer,47,Personal Travel,Eco,1180,3,5,3,5,4,3,4,4,3,3,4,3,4,4,0,0.0,1
Male,Loyal Customer,47,Business travel,Business,240,4,2,2,2,2,3,2,4,4,3,4,4,4,1,0,0.0,0
Female,Loyal Customer,67,Personal Travel,Eco,1158,1,5,2,4,2,5,5,1,1,2,1,4,1,3,12,5.0,0
Male,disloyal Customer,36,Business travel,Eco,789,3,3,3,4,5,3,5,5,2,1,1,1,3,5,42,32.0,1
Male,Loyal Customer,62,Personal Travel,Eco,899,2,4,1,3,1,1,1,1,4,4,5,4,4,1,119,92.0,0
Female,Loyal Customer,30,Personal Travel,Eco,787,3,5,2,1,2,2,2,2,4,3,4,3,4,2,8,13.0,0
Male,Loyal Customer,42,Business travel,Business,2653,2,2,1,2,2,4,5,2,2,2,2,3,2,4,0,0.0,0
Male,Loyal Customer,41,Business travel,Business,1119,3,3,3,3,3,4,5,4,4,5,4,3,4,4,34,26.0,1
Female,Loyal Customer,45,Business travel,Eco,271,4,1,1,1,1,5,4,4,4,4,4,4,4,4,0,0.0,1
Male,Loyal Customer,44,Business travel,Business,594,4,4,4,4,3,5,4,4,4,4,4,4,4,3,0,3.0,1
Female,Loyal Customer,43,Business travel,Business,1729,0,0,0,2,1,2,2,1,1,1,1,5,1,1,0,0.0,0
Female,Loyal Customer,25,Business travel,Business,733,4,4,4,4,5,5,5,5,4,3,4,4,5,5,0,0.0,1
Male,disloyal Customer,38,Business travel,Eco,255,3,3,3,4,2,3,2,2,3,2,4,4,3,2,32,20.0,0
Male,disloyal Customer,26,Business travel,Business,1744,5,5,5,1,3,0,3,3,3,2,4,4,5,3,0,0.0,0
Male,Loyal Customer,31,Personal Travel,Eco,1195,2,4,2,1,5,2,1,5,4,2,3,4,4,5,0,7.0,1
Male,Loyal Customer,40,Business travel,Business,1050,4,4,1,4,5,1,5,5,5,5,5,2,5,3,0,0.0,1
Female,Loyal Customer,31,Business travel,Business,502,3,3,5,3,4,4,4,4,4,3,4,3,5,4,0,16.0,1
Male,Loyal Customer,49,Business travel,Eco Plus,86,2,3,3,3,1,2,1,1,2,2,4,2,3,1,0,0.0,0
Male,Loyal Customer,12,Personal Travel,Eco,391,3,4,3,3,1,3,1,1,2,1,3,3,3,1,40,39.0,0
Male,Loyal Customer,34,Business travel,Business,1938,4,4,4,4,4,4,5,5,5,5,5,5,5,5,0,0.0,1
Female,disloyal Customer,39,Business travel,Business,442,1,1,1,1,2,1,2,2,3,2,5,5,5,2,0,0.0,0
Female,Loyal Customer,45,Business travel,Eco,696,5,3,3,3,1,4,1,5,5,5,5,4,5,5,8,0.0,1
Male,disloyal Customer,19,Business travel,Eco,101,1,0,1,5,4,1,4,4,5,5,2,1,1,4,0,0.0,0
Female,Loyal Customer,47,Business travel,Business,2898,2,5,3,3,4,3,3,2,2,2,2,2,2,2,0,28.0,0
Male,disloyal Customer,20,Business travel,Eco,436,2,1,2,3,5,2,5,5,1,1,4,3,4,5,2,0.0,1
Female,disloyal Customer,33,Business travel,Business,577,2,2,2,3,4,2,3,4,3,2,5,5,5,4,0,0.0,1
Male,Loyal Customer,45,Business travel,Business,489,5,5,5,5,5,4,4,4,4,4,4,3,4,4,0,0.0,1
Male,Loyal Customer,47,Business travel,Business,1916,2,2,2,2,2,4,4,4,4,4,4,3,4,3,5,0.0,1
Male,Loyal Customer,52,Personal Travel,Eco,431,1,5,1,2,2,1,2,2,5,5,4,4,5,2,0,0.0,0
Female,disloyal Customer,42,Business travel,Eco,372,4,1,4,3,4,4,4,4,4,3,3,2,4,4,0,10.0,1
Male,Loyal Customer,28,Business travel,Business,1009,1,1,1,1,1,1,1,1,3,1,2,3,2,1,2,6.0,0
Male,Loyal Customer,52,Business travel,Business,3325,1,1,1,1,2,5,5,4,4,4,4,4,4,3,7,15.0,1
Male,Loyal Customer,41,Business travel,Business,106,0,5,1,3,3,1,5,5,5,5,5,3,5,1,82,72.0,1
Male,Loyal Customer,66,Personal Travel,Eco,460,3,5,3,2,3,3,1,3,3,3,5,5,4,3,0,0.0,0
Female,Loyal Customer,73,Business travel,Eco,783,4,5,5,5,4,1,4,4,4,4,4,2,4,3,0,0.0,1
Female,disloyal Customer,47,Business travel,Eco,447,1,5,1,4,2,1,2,2,4,5,4,3,5,2,0,0.0,0
Female,Loyal Customer,33,Business travel,Business,3546,4,4,4,4,5,4,4,5,5,5,5,5,5,4,3,0.0,1
Male,Loyal Customer,39,Business travel,Business,253,2,2,2,2,4,1,2,5,5,5,5,2,5,4,9,13.0,1
Male,Loyal Customer,46,Business travel,Business,2276,5,5,5,5,5,5,4,3,3,3,3,3,3,3,0,0.0,1
Female,Loyal Customer,24,Personal Travel,Eco,1010,3,4,3,1,5,3,5,5,2,3,2,1,1,5,0,6.0,1
Female,Loyal Customer,48,Business travel,Business,453,4,4,4,4,3,4,5,3,3,2,3,4,3,5,0,0.0,1
Female,disloyal Customer,29,Business travel,Business,189,0,0,0,3,5,0,5,5,4,5,5,4,4,5,0,0.0,1
Female,disloyal Customer,21,Business travel,Eco,181,3,2,3,4,3,3,3,3,3,2,4,2,4,3,0,0.0,0
Male,Loyal Customer,43,Business travel,Business,214,5,5,5,5,2,5,5,5,5,5,5,4,5,3,33,23.0,1
Male,Loyal Customer,39,Business travel,Business,1853,5,5,5,5,2,4,5,4,4,4,4,5,4,4,0,22.0,1
Male,Loyal Customer,31,Personal Travel,Eco,762,4,4,4,5,1,4,5,1,4,2,4,4,5,1,1,13.0,0
Male,Loyal Customer,48,Business travel,Business,2123,1,1,1,1,2,4,5,5,5,5,5,3,5,4,2,0.0,1
Female,Loyal Customer,64,Personal Travel,Eco,376,1,5,1,1,2,4,5,4,4,1,4,3,4,4,0,0.0,1
Male,Loyal Customer,66,Business travel,Business,3919,2,5,5,5,1,3,3,2,2,2,2,2,2,3,19,16.0,0
Male,Loyal Customer,21,Personal Travel,Eco,956,3,5,3,1,4,3,4,4,3,5,5,4,4,4,20,15.0,1
Male,disloyal Customer,21,Business travel,Business,1440,0,0,0,3,5,0,5,5,3,4,5,5,5,5,0,0.0,1
Male,Loyal Customer,9,Personal Travel,Eco,337,3,1,3,3,3,3,3,3,2,1,2,4,2,3,23,20.0,0
Male,Loyal Customer,60,Business travel,Eco,1464,4,3,3,3,4,4,4,4,4,1,4,3,4,4,58,87.0,1
Male,Loyal Customer,54,Business travel,Business,1096,5,5,1,5,5,4,5,4,4,4,4,5,4,4,0,0.0,1
Male,Loyal Customer,57,Personal Travel,Eco,1144,3,5,3,4,4,3,4,4,5,3,3,4,4,4,0,13.0,1
Female,Loyal Customer,21,Personal Travel,Eco,369,3,3,4,2,4,4,4,4,3,3,2,2,3,4,0,0.0,1
Male,Loyal Customer,40,Business travel,Eco Plus,404,5,2,2,2,5,4,5,5,2,2,4,1,4,5,0,0.0,1
Female,Loyal Customer,54,Personal Travel,Eco,479,3,3,3,5,2,1,3,3,3,3,3,1,3,2,48,37.0,0
Male,disloyal Customer,30,Business travel,Business,922,2,2,2,3,1,2,1,1,2,4,4,4,4,1,75,74.0,0
Male,Loyal Customer,21,Personal Travel,Eco,1481,4,2,4,4,5,4,5,5,4,1,4,3,4,5,15,66.0,1
Female,Loyal Customer,52,Business travel,Eco Plus,268,1,1,1,1,2,4,3,1,1,1,1,1,1,3,0,8.0,0
Male,Loyal Customer,48,Business travel,Business,2400,4,4,4,4,4,4,5,4,4,4,4,4,4,4,10,0.0,1
Male,Loyal Customer,65,Personal Travel,Eco,1589,2,4,2,3,4,2,4,4,3,2,5,4,5,4,0,0.0,1
Male,Loyal Customer,51,Personal Travel,Eco,337,1,5,1,2,2,1,2,2,5,5,4,5,5,2,31,25.0,0
Male,Loyal Customer,37,Business travel,Business,1737,3,3,1,3,4,3,4,2,2,2,2,2,2,1,0,0.0,0
Male,Loyal Customer,45,Business travel,Business,1475,1,1,3,1,4,4,4,4,4,4,4,5,4,3,0,0.0,1
Female,Loyal Customer,40,Personal Travel,Eco,859,3,3,3,3,3,3,3,3,2,1,3,1,4,3,22,0.0,0
Male,Loyal Customer,69,Business travel,Business,1695,5,5,5,5,3,4,4,4,4,4,4,3,4,5,1,0.0,1
Male,Loyal Customer,28,Business travel,Eco,641,3,2,2,2,3,3,3,3,4,4,4,3,3,3,17,12.0,0
Female,Loyal Customer,42,Business travel,Business,3014,1,3,3,3,1,2,3,2,2,2,1,4,2,1,30,32.0,0
Male,Loyal Customer,46,Business travel,Business,2548,4,4,4,4,2,5,5,4,4,4,4,3,4,5,0,0.0,1
Female,disloyal Customer,30,Business travel,Eco,1077,3,3,3,3,5,3,5,5,1,4,2,4,4,5,5,0.0,1
Female,Loyal Customer,53,Personal Travel,Eco,2079,3,3,2,3,2,2,1,4,4,4,3,1,2,1,104,150.0,0
Female,Loyal Customer,25,Business travel,Business,2309,3,3,3,3,4,4,4,4,5,3,5,3,5,4,35,23.0,1
Male,Loyal Customer,33,Business travel,Business,2029,4,4,4,4,4,4,4,4,2,4,3,4,4,4,0,0.0,1
Female,disloyal Customer,48,Business travel,Eco,170,2,0,3,2,5,3,5,5,4,3,1,1,4,5,21,50.0,1
Male,Loyal Customer,44,Personal Travel,Eco,642,1,4,1,4,1,1,1,1,3,3,5,5,4,1,0,11.0,0
Female,Loyal Customer,52,Personal Travel,Eco,937,1,1,1,3,5,4,4,1,1,1,1,2,1,3,10,3.0,0
Female,disloyal Customer,33,Business travel,Business,395,4,4,4,4,4,4,4,4,5,2,5,5,5,4,20,0.0,1
Female,Loyal Customer,67,Personal Travel,Eco,391,1,4,1,4,5,5,5,1,1,1,4,3,1,5,0,0.0,0
Male,Loyal Customer,15,Personal Travel,Eco,192,2,1,2,3,4,2,4,4,4,3,2,4,2,4,49,50.0,0
Female,Loyal Customer,62,Personal Travel,Eco,453,4,5,4,3,4,2,2,5,3,5,5,2,3,2,140,132.0,1
Male,Loyal Customer,55,Business travel,Business,3098,4,4,4,4,2,5,4,3,3,4,3,5,3,4,4,0.0,1
Male,Loyal Customer,60,Personal Travel,Eco,1127,2,5,2,1,2,2,2,2,3,3,5,4,4,2,0,0.0,0
Female,Loyal Customer,56,Personal Travel,Eco,472,4,2,4,3,1,4,4,1,1,4,1,3,1,2,0,16.0,0
Male,Loyal Customer,55,Business travel,Business,3834,2,2,2,2,4,3,2,5,5,5,5,1,5,5,0,0.0,1
Female,Loyal Customer,62,Personal Travel,Eco,1428,1,5,1,1,5,5,2,4,4,1,4,5,4,5,0,0.0,1
Male,Loyal Customer,56,Business travel,Business,3373,5,5,5,5,2,5,4,5,5,5,5,4,5,3,21,42.0,1
Male,Loyal Customer,39,Personal Travel,Eco,414,2,4,2,1,1,2,1,1,4,2,3,4,4,1,0,0.0,0
Male,Loyal Customer,35,Business travel,Business,3754,3,1,1,1,3,4,4,3,3,3,3,3,3,3,3,0.0,0
Female,Loyal Customer,41,Business travel,Business,1562,4,4,4,4,4,4,4,3,5,2,4,4,4,4,286,262.0,1
Male,Loyal Customer,29,Business travel,Eco Plus,829,3,5,3,5,3,3,3,3,2,5,4,3,3,3,2,9.0,0
Male,Loyal Customer,36,Personal Travel,Eco,258,4,1,4,4,2,4,2,2,4,3,3,3,4,2,0,0.0,0
Female,Loyal Customer,28,Business travel,Eco,629,4,2,2,2,4,4,4,4,2,1,3,1,3,4,114,103.0,0
Male,Loyal Customer,38,Personal Travel,Eco Plus,372,2,0,2,2,2,2,2,2,3,3,3,3,5,2,7,0.0,0
Female,Loyal Customer,24,Business travel,Eco,1096,2,4,4,4,2,2,1,2,2,3,3,4,4,2,30,36.0,0
Female,Loyal Customer,39,Business travel,Business,2140,2,5,2,2,3,4,4,5,5,5,5,3,5,4,0,0.0,1
Male,Loyal Customer,49,Personal Travel,Eco,216,3,0,3,5,5,3,5,5,3,3,5,1,5,5,0,0.0,1
Male,Loyal Customer,50,Business travel,Business,109,2,2,2,2,3,5,2,4,4,4,5,4,4,2,0,0.0,1
Male,Loyal Customer,67,Personal Travel,Eco,859,2,5,2,1,2,2,2,2,5,2,5,3,5,2,26,29.0,0
Female,Loyal Customer,55,Personal Travel,Eco,151,3,5,3,4,3,5,4,2,2,3,5,3,2,5,0,4.0,1
Male,Loyal Customer,43,Personal Travel,Eco,153,1,4,1,3,4,1,4,4,4,4,4,4,4,4,2,0.0,1
Female,Loyal Customer,38,Business travel,Business,337,2,2,2,2,4,3,1,4,4,4,4,4,4,5,0,0.0,1
Male,Loyal Customer,47,Business travel,Business,1846,5,5,5,5,5,4,4,5,5,5,5,3,5,3,0,1.0,1
Female,disloyal Customer,20,Business travel,Eco,1050,1,0,0,3,1,0,1,1,4,5,3,3,3,1,0,0.0,0
Female,Loyal Customer,31,Personal Travel,Eco,125,1,1,1,1,3,1,3,3,4,3,2,4,1,3,5,0.0,0
Male,Loyal Customer,50,Business travel,Business,1544,3,3,3,3,2,4,4,4,4,5,4,3,4,3,1,0.0,1
Male,Loyal Customer,58,Business travel,Business,3820,1,1,1,1,5,4,5,5,5,5,5,5,5,3,0,0.0,1
Female,Loyal Customer,35,Personal Travel,Eco,895,2,2,2,3,3,2,3,3,3,3,2,4,2,3,18,1.0,0
Female,Loyal Customer,29,Business travel,Business,447,1,3,3,3,1,2,1,1,3,2,4,1,4,1,0,0.0,0
Female,disloyal Customer,20,Business travel,Eco,259,1,0,1,4,2,1,2,2,2,5,2,4,5,2,0,7.0,0
Female,Loyal Customer,63,Personal Travel,Eco,605,2,4,2,4,5,4,5,1,1,2,1,5,1,4,0,0.0,0
Female,disloyal Customer,38,Business travel,Eco,719,2,2,2,3,4,2,4,4,2,1,4,1,4,4,0,0.0,0
Female,Loyal Customer,39,Business travel,Eco,421,4,4,3,4,4,4,4,4,4,3,3,3,1,4,0,0.0,1
Male,Loyal Customer,34,Business travel,Business,1809,3,3,5,3,3,3,3,4,4,4,4,5,4,3,29,16.0,1
Female,Loyal Customer,49,Personal Travel,Eco,1416,3,5,3,3,3,4,5,3,5,5,4,5,5,5,210,204.0,1
Male,Loyal Customer,59,Business travel,Business,946,3,3,3,3,5,5,4,4,4,4,4,4,4,4,12,7.0,1
Female,Loyal Customer,35,Business travel,Eco,190,5,4,4,4,5,5,5,5,4,4,5,2,2,5,63,55.0,1
Male,Loyal Customer,41,Business travel,Business,544,1,1,1,1,4,5,5,5,5,4,5,5,5,4,0,2.0,1
Male,Loyal Customer,42,Personal Travel,Eco,534,2,5,2,2,4,2,4,4,5,3,5,5,5,4,1,5.0,1
Female,Loyal Customer,51,Business travel,Business,3591,4,4,4,4,3,1,4,4,4,4,4,1,4,4,0,0.0,1
Male,disloyal Customer,35,Business travel,Eco,1197,3,3,3,1,1,3,1,1,4,4,5,2,1,1,0,0.0,0
Female,Loyal Customer,54,Personal Travel,Eco,328,3,5,3,4,2,5,5,5,5,3,5,5,5,4,0,0.0,1
Female,Loyal Customer,59,Business travel,Business,587,5,5,5,5,5,5,5,3,2,4,4,5,3,5,144,128.0,1
Female,Loyal Customer,63,Personal Travel,Eco,1199,1,4,1,4,4,3,3,4,4,1,4,2,4,3,0,2.0,0
Female,disloyal Customer,38,Business travel,Eco Plus,1126,2,1,1,4,2,1,2,2,2,3,4,3,3,2,20,13.0,0
Male,disloyal Customer,22,Business travel,Eco,1319,3,3,3,4,3,3,3,3,3,3,5,3,4,3,4,0.0,0
Male,Loyal Customer,46,Business travel,Business,2751,4,4,1,4,4,4,5,5,5,5,5,3,5,4,0,0.0,1
Female,Loyal Customer,44,Business travel,Business,366,4,4,4,4,4,5,4,4,4,4,4,5,4,4,0,0.0,1
Female,Loyal Customer,36,Personal Travel,Eco,948,4,3,4,3,4,4,4,4,3,4,4,1,3,4,0,0.0,1
Male,Loyal Customer,51,Business travel,Business,1973,1,1,1,1,4,4,5,2,2,2,2,5,2,4,43,40.0,0
Female,Loyal Customer,40,Business travel,Business,2306,2,2,2,2,5,4,5,4,4,4,4,5,4,4,0,0.0,1
Male,Loyal Customer,26,Personal Travel,Eco Plus,399,2,4,0,4,3,0,3,3,1,4,3,3,4,3,8,36.0,0
Female,disloyal Customer,22,Business travel,Eco,1200,3,3,3,1,3,3,3,3,3,4,5,3,5,3,0,0.0,1
Male,Loyal Customer,30,Personal Travel,Eco,861,1,4,1,2,4,1,1,4,5,3,4,4,5,4,0,14.0,0
Female,Loyal Customer,48,Business travel,Business,1598,4,4,4,4,5,4,4,4,4,4,4,3,4,4,0,0.0,1
Female,disloyal Customer,14,Business travel,Eco,966,1,1,1,4,2,1,3,2,4,4,4,3,4,2,0,6.0,0
Female,Loyal Customer,25,Business travel,Business,2198,2,3,3,3,2,2,2,2,3,4,4,3,3,2,67,66.0,0
Male,Loyal Customer,54,Business travel,Business,1974,5,5,5,5,5,5,4,5,5,5,5,4,5,4,0,0.0,1
Female,Loyal Customer,39,Personal Travel,Eco,480,2,3,2,2,5,2,1,5,1,5,3,1,3,5,0,0.0,0
Male,Loyal Customer,11,Personal Travel,Eco,229,1,5,1,4,2,1,2,2,5,2,4,5,4,2,0,0.0,0
Male,Loyal Customer,47,Business travel,Business,2981,5,5,5,5,4,4,5,5,5,5,5,5,5,3,17,12.0,1
Male,disloyal Customer,34,Business travel,Business,689,2,2,2,1,5,2,5,5,5,2,4,4,5,5,0,0.0,1
Male,Loyal Customer,54,Business travel,Business,533,1,1,1,1,2,5,5,3,3,4,3,4,3,5,0,0.0,1
Female,Loyal Customer,35,Personal Travel,Eco Plus,645,1,5,1,2,5,1,5,5,5,2,5,2,3,5,0,0.0,1
Female,Loyal Customer,47,Personal Travel,Eco,304,4,5,4,3,5,4,5,2,2,4,2,3,2,3,0,0.0,0
Female,Loyal Customer,43,Business travel,Business,2504,3,3,3,3,2,5,4,5,5,5,5,5,5,5,4,0.0,1
Male,Loyal Customer,41,Business travel,Business,2790,3,3,3,3,3,4,4,4,4,4,4,5,4,3,0,0.0,1
Male,Loyal Customer,22,Business travel,Business,3858,4,4,4,4,2,3,2,2,3,2,5,4,4,2,0,0.0,0
Female,Loyal Customer,65,Business travel,Business,2614,2,2,2,2,5,1,4,5,5,5,5,4,5,2,27,17.0,1
Female,Loyal Customer,60,Personal Travel,Eco,646,2,3,2,3,3,3,3,2,2,2,2,4,2,3,0,6.0,0
Female,Loyal Customer,43,Business travel,Business,868,1,1,1,1,5,5,5,3,3,4,3,5,3,3,0,1.0,1
Male,disloyal Customer,26,Business travel,Eco,374,3,2,3,3,5,3,5,5,4,4,3,4,3,5,0,30.0,1
Male,Loyal Customer,9,Personal Travel,Business,569,0,4,0,3,1,0,1,1,1,5,3,4,4,1,0,0.0,0
Female,Loyal Customer,53,Business travel,Business,1189,3,3,5,3,3,4,5,5,5,5,5,3,5,4,0,7.0,1
Female,Loyal Customer,62,Personal Travel,Eco,577,3,5,3,3,3,4,4,2,2,3,4,3,2,3,9,13.0,0
Female,Loyal Customer,56,Business travel,Eco,147,4,2,2,2,5,1,3,4,4,4,4,3,4,3,0,0.0,1
Male,disloyal Customer,27,Business travel,Business,89,2,2,2,4,1,2,1,1,5,3,5,3,5,1,0,0.0,0
Male,disloyal Customer,44,Business travel,Business,1400,4,4,4,1,2,4,2,2,5,4,5,5,4,2,0,0.0,1
Female,Loyal Customer,25,Personal Travel,Eco,349,2,2,2,3,5,2,5,5,4,4,4,3,3,5,31,27.0,1
Female,disloyal Customer,25,Business travel,Business,661,3,4,3,4,5,3,3,5,3,4,4,3,4,5,16,14.0,1
Male,Loyal Customer,53,Business travel,Business,1197,5,5,5,5,4,4,4,4,4,4,4,5,4,4,22,21.0,1
Male,Loyal Customer,50,Business travel,Business,3757,4,4,4,4,2,4,4,4,4,4,4,3,4,5,0,0.0,1
Male,Loyal Customer,69,Personal Travel,Eco,1411,3,2,3,4,3,3,1,3,1,3,4,1,4,3,0,0.0,0
Female,Loyal Customer,24,Business travel,Eco,374,2,4,4,4,2,2,1,2,4,5,3,1,4,2,0,2.0,0
Male,disloyal Customer,24,Business travel,Eco,1310,4,5,5,1,4,4,2,4,3,3,5,3,5,4,0,0.0,1
Male,Loyal Customer,72,Business travel,Eco Plus,1204,2,4,4,4,2,2,2,2,2,1,3,1,3,2,55,34.0,0
Female,Loyal Customer,23,Personal Travel,Eco,946,0,4,0,3,2,0,2,2,4,1,3,5,3,2,0,0.0,0
Female,Loyal Customer,32,Business travel,Business,427,3,5,5,5,3,3,3,3,3,3,2,2,2,3,0,0.0,0
Female,Loyal Customer,43,Business travel,Business,3135,0,1,1,3,5,5,4,1,1,1,1,5,1,4,0,6.0,0
Male,Loyal Customer,40,Business travel,Business,2582,1,4,4,4,1,2,2,1,1,1,1,2,1,1,0,2.0,0
Male,Loyal Customer,70,Personal Travel,Eco,692,2,4,2,3,4,2,4,4,5,5,4,3,4,4,31,34.0,1
Male,Loyal Customer,40,Business travel,Business,529,4,4,4,4,3,5,5,4,4,4,4,5,4,5,0,0.0,1
Female,Loyal Customer,29,Personal Travel,Eco,277,1,3,1,3,5,1,3,5,5,1,1,5,5,5,0,0.0,1
Female,Loyal Customer,44,Personal Travel,Eco,2446,2,4,1,4,2,4,4,2,2,1,1,4,2,4,6,0.0,0
Female,Loyal Customer,39,Business travel,Business,3706,0,0,0,4,5,4,4,1,1,1,1,3,1,5,0,0.0,0
Male,Loyal Customer,53,Business travel,Business,3636,2,2,2,2,3,5,5,5,5,4,5,4,5,3,44,43.0,1
Female,Loyal Customer,34,Personal Travel,Eco,577,1,5,1,3,3,1,3,3,3,2,5,3,4,3,46,61.0,0
Female,Loyal Customer,23,Personal Travel,Eco,158,4,5,4,1,1,4,1,1,4,2,4,5,5,1,0,0.0,0
Female,Loyal Customer,53,Personal Travel,Eco Plus,331,3,5,3,1,5,5,5,2,2,3,2,1,2,3,0,0.0,0
Female,Loyal Customer,49,Business travel,Business,3213,4,3,3,3,3,4,4,1,1,1,4,1,1,3,68,59.0,0
Male,Loyal Customer,27,Business travel,Business,3008,2,2,2,2,5,5,5,5,3,3,4,3,5,5,0,0.0,1
Female,Loyal Customer,68,Personal Travel,Business,1999,3,3,3,3,4,3,3,5,5,3,5,3,5,2,55,54.0,1
Male,Loyal Customer,29,Personal Travel,Eco,1312,4,5,4,4,2,4,5,2,5,2,5,5,5,2,0,0.0,1
Female,Loyal Customer,47,Business travel,Business,236,1,1,3,1,3,5,4,4,4,4,4,3,4,3,47,45.0,1
Male,Loyal Customer,30,Business travel,Business,337,5,5,5,5,4,4,4,4,5,1,5,1,5,4,0,0.0,1
Male,disloyal Customer,24,Personal Travel,Eco,460,4,5,4,4,2,4,2,2,4,4,5,3,4,2,39,39.0,0
Male,disloyal Customer,20,Business travel,Eco,429,5,4,5,2,1,5,1,1,2,1,3,5,3,1,0,0.0,0
Male,Loyal Customer,35,Business travel,Business,364,3,4,4,4,5,4,3,3,3,3,3,1,3,2,0,0.0,0
Male,Loyal Customer,48,Business travel,Eco,991,3,3,3,3,3,3,3,3,1,5,2,4,3,3,16,16.0,0
Female,Loyal Customer,68,Personal Travel,Business,500,2,1,2,4,2,4,3,2,2,2,2,2,2,1,0,0.0,0
Female,Loyal Customer,54,Business travel,Business,2176,3,3,3,3,3,5,4,4,4,4,4,4,4,3,13,4.0,1
Male,Loyal Customer,56,Personal Travel,Business,139,1,0,1,3,4,4,5,3,3,1,3,3,3,4,5,2.0,0
Male,Loyal Customer,59,Business travel,Eco,594,2,5,2,5,2,2,2,2,4,3,3,4,3,2,0,0.0,0
Male,disloyal Customer,35,Business travel,Business,406,2,2,2,3,4,2,4,4,4,5,4,4,5,4,0,0.0,1
Male,Loyal Customer,36,Personal Travel,Eco,604,2,3,2,3,3,2,3,3,4,3,3,1,4,3,38,26.0,0
Male,Loyal Customer,43,Personal Travel,Business,731,3,5,3,4,1,1,4,2,2,3,2,4,2,5,0,0.0,0
Female,disloyal Customer,39,Business travel,Business,406,2,2,2,3,3,2,3,3,4,5,5,4,5,3,0,4.0,1
Male,Loyal Customer,12,Personal Travel,Business,507,2,2,2,3,1,2,5,1,2,3,2,3,3,1,27,25.0,0
Female,Loyal Customer,53,Business travel,Business,2075,3,3,3,3,2,5,5,5,5,5,5,3,5,4,0,7.0,1
Male,Loyal Customer,38,Personal Travel,Eco,719,2,5,2,2,3,2,3,3,5,4,4,5,5,3,37,25.0,1
Male,Loyal Customer,38,Personal Travel,Eco,1728,2,5,2,1,5,2,5,5,4,2,3,3,5,5,14,9.0,1
Female,Loyal Customer,60,Personal Travel,Eco,667,4,5,4,3,5,4,5,4,4,4,4,5,4,3,64,51.0,1
Female,Loyal Customer,45,Business travel,Eco,391,4,3,3,3,4,1,4,4,4,4,4,4,4,5,1,0.0,1
Female,Loyal Customer,16,Personal Travel,Eco,746,2,3,1,3,3,1,3,3,3,3,4,3,3,3,1,4.0,0
Male,disloyal Customer,20,Business travel,Business,401,0,0,0,5,2,0,2,2,5,3,4,3,4,2,90,83.0,0
Male,Loyal Customer,53,Business travel,Business,2579,3,3,3,3,2,4,5,4,4,4,4,5,4,3,0,0.0,1
Female,Loyal Customer,48,Business travel,Eco,328,2,3,3,3,1,3,3,2,2,2,2,1,2,4,0,8.0,0
Male,Loyal Customer,54,Personal Travel,Eco,450,4,5,4,3,3,4,3,3,4,2,4,4,4,3,0,0.0,1
Male,Loyal Customer,61,Personal Travel,Eco,606,2,4,2,3,3,2,1,3,3,3,5,4,5,3,0,33.0,0
Male,Loyal Customer,12,Personal Travel,Eco,948,1,4,1,2,4,1,5,4,4,4,5,4,5,4,39,54.0,1
Female,Loyal Customer,43,Business travel,Eco,2342,1,4,4,4,3,2,4,1,1,1,1,2,1,1,2,13.0,0
Male,Loyal Customer,11,Personal Travel,Eco,2640,3,3,3,1,3,1,1,2,4,3,4,1,3,1,0,5.0,0
Male,Loyal Customer,24,Personal Travel,Eco,372,1,0,1,5,1,1,1,1,1,4,4,5,1,1,9,10.0,0
Female,Loyal Customer,42,Business travel,Business,89,0,4,0,1,4,4,5,3,3,3,3,5,3,1,0,0.0,0
Male,Loyal Customer,44,Business travel,Business,3712,2,2,3,2,4,5,4,5,5,5,5,5,5,4,10,8.0,1
Female,Loyal Customer,34,Business travel,Business,417,4,4,4,4,3,4,5,5,5,5,5,4,5,4,2,3.0,1
Female,Loyal Customer,48,Business travel,Business,1735,1,1,1,1,5,4,5,4,4,5,4,3,4,5,30,34.0,1
Male,Loyal Customer,43,Business travel,Eco Plus,611,1,3,3,3,1,1,1,1,2,1,2,3,3,1,5,0.0,0
Male,Loyal Customer,46,Business travel,Business,2521,4,4,4,4,4,4,4,4,2,4,5,4,3,4,0,0.0,1
Male,Loyal Customer,32,Business travel,Business,1190,1,1,1,1,1,1,1,1,2,3,4,3,4,1,0,0.0,0
Male,disloyal Customer,21,Business travel,Eco,780,4,4,4,3,4,4,4,4,1,2,3,4,4,4,37,16.0,1
Female,disloyal Customer,56,Business travel,Business,158,1,1,1,2,3,1,3,3,3,4,5,5,4,3,47,49.0,0
Male,Loyal Customer,59,Business travel,Business,2040,1,1,1,1,4,3,5,2,2,2,2,1,2,3,0,7.0,0
Male,Loyal Customer,28,Personal Travel,Eco,2276,2,5,2,3,1,2,2,1,4,5,4,4,4,1,0,0.0,0
Male,Loyal Customer,59,Personal Travel,Business,355,1,1,1,4,1,4,3,3,3,1,1,4,3,3,0,0.0,0
Female,Loyal Customer,51,Business travel,Business,3461,0,0,0,1,5,1,4,4,4,4,4,1,4,1,13,0.0,0
Female,Loyal Customer,69,Personal Travel,Eco,2227,3,4,3,3,1,3,4,2,2,3,2,3,2,1,21,0.0,0
Female,Loyal Customer,49,Business travel,Business,719,4,4,2,4,2,5,4,3,3,3,3,5,3,3,0,23.0,1
Female,Loyal Customer,43,Personal Travel,Eco,393,1,4,1,3,5,5,5,3,3,1,3,5,3,5,98,94.0,1
Female,Loyal Customer,54,Business travel,Business,1171,3,3,3,3,5,5,4,3,3,4,3,5,3,4,0,10.0,1
Male,Loyal Customer,30,Business travel,Business,3377,4,4,4,4,5,5,5,5,3,3,5,2,2,5,5,0.0,1
Female,Loyal Customer,15,Business travel,Business,647,2,4,4,4,2,2,2,2,3,2,4,1,3,2,17,27.0,0
Male,Loyal Customer,49,Business travel,Business,3249,4,4,4,4,3,4,4,5,5,5,5,5,5,5,9,1.0,1
Male,Loyal Customer,60,Business travel,Business,507,3,4,4,4,2,4,3,3,3,3,3,2,3,2,39,34.0,0
Female,Loyal Customer,54,Business travel,Business,3540,1,1,1,1,1,4,4,4,4,5,4,1,4,3,18,21.0,1
Female,disloyal Customer,25,Business travel,Business,624,2,5,2,4,5,2,5,5,5,5,4,5,5,5,0,0.0,1
Male,disloyal Customer,23,Business travel,Eco,181,4,0,4,2,4,4,4,4,3,2,5,3,5,4,0,0.0,1
Male,Loyal Customer,43,Business travel,Eco,377,3,2,2,2,4,3,4,4,3,1,4,1,3,4,84,79.0,0
Male,Loyal Customer,39,Business travel,Business,2249,1,1,1,1,1,2,2,1,1,1,1,2,1,2,26,30.0,0
Female,Loyal Customer,51,Business travel,Eco,666,2,2,2,2,2,4,4,2,2,2,2,4,2,2,24,16.0,0
Male,Loyal Customer,50,Personal Travel,Eco,409,3,4,3,1,1,3,1,1,4,5,4,4,4,1,48,32.0,0
Male,Loyal Customer,57,Personal Travel,Eco,109,3,5,3,4,4,3,4,4,1,3,5,2,1,4,0,1.0,0
Female,Loyal Customer,59,Business travel,Business,1797,3,3,3,3,5,4,5,5,5,4,5,4,5,4,8,0.0,1
Female,Loyal Customer,13,Personal Travel,Eco,689,1,5,1,1,4,1,2,4,5,4,5,3,5,4,0,0.0,1
Female,Loyal Customer,42,Personal Travel,Eco,357,4,5,4,5,3,5,4,2,2,4,2,5,2,3,1,0.0,0
Female,disloyal Customer,28,Business travel,Eco Plus,550,4,4,4,4,5,4,5,5,2,3,3,3,3,5,0,0.0,1
Female,Loyal Customer,54,Business travel,Business,2908,4,4,4,4,3,4,4,4,4,4,4,3,4,4,0,0.0,1
Female,Loyal Customer,43,Personal Travel,Eco Plus,200,5,0,0,1,4,4,4,2,2,0,2,3,2,5,2,1.0,0
Male,disloyal Customer,38,Business travel,Business,999,1,1,1,2,1,1,1,1,4,4,4,3,5,1,20,9.0,0
Male,Loyal Customer,60,Business travel,Eco,1069,3,5,5,5,3,3,3,3,2,1,4,4,3,3,21,6.0,0
Male,Loyal Customer,21,Personal Travel,Eco,110,2,4,2,1,3,2,3,3,3,2,1,3,4,3,22,10.0,0
Male,Loyal Customer,34,Personal Travel,Eco,489,2,0,2,4,1,2,1,1,5,3,5,5,4,1,0,0.0,0
Male,Loyal Customer,47,Business travel,Business,237,3,3,3,3,4,5,5,4,4,4,4,4,4,3,0,0.0,1
Female,Loyal Customer,60,Personal Travel,Eco,2367,1,4,1,1,5,5,4,2,2,1,2,5,2,5,5,0.0,0
Female,disloyal Customer,54,Business travel,Eco,783,2,2,2,3,4,2,4,4,1,3,3,3,4,4,116,102.0,0
Female,Loyal Customer,52,Business travel,Business,1881,1,1,4,1,4,5,5,4,4,4,4,5,4,5,0,0.0,1
Female,disloyal Customer,24,Business travel,Eco,1062,5,5,5,5,5,5,5,5,3,5,5,5,5,5,0,7.0,1
Female,Loyal Customer,15,Personal Travel,Eco,787,2,5,2,5,2,2,2,2,4,5,5,4,5,2,85,80.0,0
Male,Loyal Customer,46,Business travel,Business,2189,0,5,0,1,4,4,3,1,1,1,1,3,1,3,0,16.0,0
Male,Loyal Customer,46,Business travel,Business,3337,1,5,1,1,5,4,3,1,1,1,1,1,1,1,11,7.0,0
Male,Loyal Customer,25,Business travel,Business,2585,3,5,5,5,3,3,3,3,3,4,4,4,4,3,0,0.0,1
Female,Loyal Customer,27,Business travel,Business,3316,1,4,3,4,1,1,1,1,4,5,4,4,4,1,5,5.0,0
Female,Loyal Customer,45,Business travel,Business,406,4,4,4,4,5,4,5,3,3,4,3,4,3,3,11,6.0,1
Male,disloyal Customer,33,Business travel,Business,2777,1,1,1,1,4,1,4,4,3,5,5,5,5,4,0,0.0,1
Male,Loyal Customer,53,Business travel,Business,580,1,3,3,3,2,3,3,1,1,1,1,2,1,1,24,0.0,0
Female,disloyal Customer,61,Personal Travel,Eco,643,2,4,2,1,5,2,5,5,4,5,4,4,5,5,0,0.0,1
Female,disloyal Customer,20,Business travel,Business,1121,2,1,2,4,4,2,5,4,4,1,3,3,4,4,1,0.0,1
Male,disloyal Customer,27,Business travel,Business,907,4,3,3,3,5,3,5,5,5,4,5,5,4,5,2,0.0,1
Male,Loyal Customer,42,Personal Travel,Eco,361,3,5,3,2,2,3,4,2,4,3,4,4,5,2,13,30.0,0
Male,Loyal Customer,65,Personal Travel,Eco,491,3,4,3,4,4,3,4,4,4,3,4,4,3,4,0,0.0,1
Female,Loyal Customer,24,Personal Travel,Eco,425,4,2,4,4,4,4,4,4,2,2,3,2,3,4,7,8.0,1
Male,Loyal Customer,31,Personal Travel,Eco,290,3,4,3,3,3,3,3,3,1,4,4,5,4,3,25,42.0,0
Male,Loyal Customer,53,Business travel,Business,570,1,1,5,1,2,4,5,4,4,4,4,5,4,4,5,4.0,1
Male,Loyal Customer,43,Personal Travel,Eco,246,4,1,4,3,3,4,3,3,4,4,4,4,3,3,0,0.0,1
Female,Loyal Customer,54,Personal Travel,Eco,1504,4,5,4,5,2,3,5,1,1,4,1,4,1,5,0,0.0,0
Male,Loyal Customer,27,Business travel,Eco Plus,192,5,1,1,1,5,5,5,5,1,2,1,3,4,5,0,0.0,1
Male,Loyal Customer,35,Personal Travel,Eco,1464,3,5,3,1,1,3,1,1,3,2,4,3,5,1,0,0.0,0
Female,Loyal Customer,58,Personal Travel,Eco,834,1,5,1,3,5,5,5,5,5,1,5,5,5,5,69,87.0,1
Male,Loyal Customer,64,Personal Travel,Eco,455,3,5,3,1,1,3,1,1,5,3,5,5,4,1,5,0.0,0
Male,Loyal Customer,24,Business travel,Business,1846,3,5,5,5,3,3,3,3,3,4,4,2,3,3,0,8.0,0
Male,Loyal Customer,36,Business travel,Eco,163,5,5,5,5,5,5,5,5,4,1,5,2,4,5,0,0.0,1
Female,Loyal Customer,54,Personal Travel,Eco,680,4,4,4,2,4,5,5,2,2,4,2,5,2,4,60,66.0,1
Male,Loyal Customer,51,Business travel,Business,3438,3,3,5,3,5,4,4,4,4,4,4,4,4,5,7,1.0,1
Male,Loyal Customer,45,Personal Travel,Business,793,4,1,4,3,3,3,4,2,2,4,2,1,2,4,0,29.0,0
Female,Loyal Customer,43,Business travel,Eco Plus,1440,2,3,3,3,5,3,2,2,2,2,2,1,2,2,0,0.0,0
Female,Loyal Customer,57,Business travel,Business,1096,2,2,2,2,3,5,4,3,3,3,3,3,3,3,0,0.0,0
Male,disloyal Customer,30,Business travel,Eco,864,1,1,1,1,2,1,2,2,2,2,2,3,1,2,0,0.0,0
Male,Loyal Customer,25,Business travel,Business,1722,2,5,4,5,2,3,2,2,1,5,3,2,2,2,22,19.0,0
Male,Loyal Customer,38,Business travel,Eco,826,5,1,1,1,5,5,5,5,1,4,4,5,4,5,2,5.0,1
Male,Loyal Customer,32,Business travel,Business,3092,1,4,4,4,1,2,1,1,3,5,2,4,2,1,0,0.0,0
Female,Loyal Customer,51,Business travel,Business,3049,1,3,3,3,4,2,2,1,1,1,1,2,1,1,0,0.0,0
Male,Loyal Customer,33,Business travel,Business,994,3,3,3,3,4,4,4,4,5,4,5,3,5,4,0,0.0,1
Female,Loyal Customer,38,Business travel,Eco,372,4,2,2,2,4,4,4,4,4,3,3,1,3,4,127,131.0,1
Male,Loyal Customer,56,Business travel,Eco Plus,1091,4,4,1,4,4,4,4,4,2,4,1,2,5,4,1,0.0,1
Female,disloyal Customer,26,Business travel,Eco,399,2,1,2,3,1,2,1,1,2,5,3,3,3,1,0,0.0,0
Female,Loyal Customer,53,Business travel,Business,2852,5,5,5,5,5,5,4,5,5,5,5,4,5,5,0,0.0,1
Male,Loyal Customer,53,Business travel,Eco,86,5,3,5,3,5,5,5,5,4,3,4,4,3,5,0,0.0,1
Male,Loyal Customer,9,Personal Travel,Eco,212,2,1,2,3,1,2,1,1,3,2,3,2,4,1,41,49.0,0
Male,disloyal Customer,25,Business travel,Eco,569,2,3,2,3,5,2,1,5,1,3,3,2,4,5,51,60.0,0
Female,Loyal Customer,9,Personal Travel,Eco,1121,1,1,1,2,3,1,3,3,1,2,2,1,2,3,0,4.0,0
Female,Loyal Customer,49,Personal Travel,Eco,1440,3,4,3,4,4,5,5,1,1,3,1,5,1,3,25,38.0,0
Male,Loyal Customer,36,Personal Travel,Eco,931,4,4,4,3,5,4,5,5,4,3,5,4,5,5,0,16.0,1
Female,Loyal Customer,19,Personal Travel,Eco,495,1,4,1,1,3,1,3,3,3,5,4,3,4,3,7,17.0,0
Female,Loyal Customer,63,Business travel,Eco,451,4,3,3,3,1,2,2,4,4,4,4,2,4,5,1,6.0,1
Female,disloyal Customer,34,Business travel,Eco,308,3,4,3,2,5,3,5,5,1,3,5,3,2,5,0,0.0,1
Female,Loyal Customer,61,Business travel,Business,109,4,5,5,5,2,3,4,4,4,4,4,4,4,1,0,0.0,1
Male,Loyal Customer,62,Personal Travel,Eco,366,3,5,3,3,1,3,1,1,5,3,4,3,5,1,0,0.0,0
Female,Loyal Customer,35,Business travel,Business,1024,4,2,1,2,4,3,2,4,4,4,4,3,4,1,0,0.0,0
Male,Loyal Customer,19,Personal Travel,Eco,236,3,3,0,3,1,0,1,1,2,3,4,2,3,1,0,0.0,0
Male,Loyal Customer,21,Personal Travel,Eco,980,3,4,3,4,3,2,2,2,3,3,3,2,2,2,190,0.0,0
Female,Loyal Customer,7,Personal Travel,Eco,761,2,5,2,1,5,2,5,5,4,5,4,5,4,5,37,26.0,1
Male,Loyal Customer,32,Personal Travel,Eco,1372,1,5,1,4,1,4,4,3,3,4,5,4,3,4,141,116.0,0
Male,Loyal Customer,59,Business travel,Business,794,2,2,2,2,2,4,4,5,5,5,5,4,5,5,0,0.0,1
Female,Loyal Customer,68,Personal Travel,Eco Plus,950,4,1,4,1,1,1,2,3,3,4,3,2,3,4,0,0.0,0
Male,Loyal Customer,47,Personal Travel,Eco,395,2,5,2,3,1,2,3,1,5,2,4,3,1,1,0,0.0,0
Male,Loyal Customer,64,Personal Travel,Eco,1728,4,1,4,3,1,4,1,1,3,1,3,2,4,1,18,24.0,0
Male,Loyal Customer,55,Business travel,Eco,235,5,3,3,3,4,5,4,4,2,1,3,2,2,4,127,128.0,1
Male,Loyal Customer,59,Business travel,Business,1589,5,5,5,5,3,1,1,4,4,4,4,1,4,2,0,0.0,0
Female,Loyal Customer,64,Personal Travel,Eco,120,3,5,3,2,1,1,4,1,1,3,1,1,1,3,0,0.0,0
Female,Loyal Customer,40,Business travel,Business,1325,4,4,4,4,3,4,5,5,5,5,5,5,5,3,0,20.0,1
Male,Loyal Customer,37,Business travel,Business,2547,3,3,3,3,2,5,4,5,5,5,4,4,5,3,0,0.0,1
Male,Loyal Customer,45,Business travel,Business,1597,2,5,3,5,4,2,3,2,2,2,2,4,2,1,1,0.0,0
Female,Loyal Customer,32,Business travel,Business,2999,2,2,2,2,4,4,4,4,3,4,5,3,4,4,28,11.0,1
Male,Loyal Customer,49,Business travel,Business,821,1,1,1,1,4,5,5,5,5,5,5,4,5,5,14,0.0,1
Male,Loyal Customer,35,Business travel,Business,833,4,4,4,4,3,4,5,4,4,4,4,3,4,4,0,0.0,1
Female,Loyal Customer,56,Business travel,Business,3687,2,2,1,2,2,5,4,4,4,5,4,5,4,5,1,2.0,1
Male,Loyal Customer,10,Personal Travel,Eco,544,4,4,4,4,1,4,1,1,3,2,5,3,3,1,0,0.0,0
Male,Loyal Customer,37,Business travel,Eco Plus,463,4,2,2,2,4,4,4,4,3,4,4,3,4,4,0,0.0,1
Male,Loyal Customer,26,Business travel,Business,3454,3,5,5,5,3,3,3,3,1,4,2,1,3,3,108,92.0,0
Male,Loyal Customer,48,Business travel,Eco,451,4,2,2,2,4,4,4,4,1,4,2,5,1,4,0,0.0,1
Female,Loyal Customer,41,Business travel,Business,2913,2,5,5,5,5,3,4,2,2,1,2,2,2,1,0,14.0,0
Male,Loyal Customer,58,Business travel,Business,2553,2,2,2,2,2,4,4,5,5,5,5,3,5,4,9,3.0,1
Female,disloyal Customer,25,Business travel,Business,1703,2,4,2,1,2,5,5,3,3,5,4,5,4,5,192,188.0,1
Female,Loyal Customer,51,Personal Travel,Eco,297,5,1,5,4,1,4,3,1,1,5,1,1,1,2,0,0.0,0
Male,Loyal Customer,31,Business travel,Business,413,4,4,4,4,4,4,4,4,4,1,3,1,1,4,6,2.0,1
Female,Loyal Customer,52,Business travel,Business,3554,2,2,2,2,5,5,5,4,4,4,4,4,4,3,7,1.0,1
Male,Loyal Customer,41,Business travel,Business,1124,5,5,5,5,3,4,5,5,5,5,5,4,5,5,0,3.0,1
Male,Loyal Customer,45,Business travel,Business,2475,4,4,4,4,2,2,2,5,4,4,3,2,1,2,35,176.0,0
Female,Loyal Customer,50,Business travel,Business,1882,2,5,5,5,4,2,3,2,2,2,2,3,2,3,0,0.0,0
Female,Loyal Customer,47,Business travel,Business,2212,5,1,5,5,5,1,3,5,5,5,5,1,5,5,0,0.0,1
Male,Loyal Customer,50,Business travel,Business,1437,4,4,4,4,2,5,5,4,4,4,4,4,4,5,0,21.0,1
Male,Loyal Customer,53,Business travel,Eco,1428,4,4,3,3,4,4,4,4,1,2,3,4,3,4,0,0.0,1
Female,Loyal Customer,38,Business travel,Business,787,2,2,2,2,4,4,3,2,2,2,2,2,2,4,51,53.0,0
Female,Loyal Customer,28,Business travel,Business,3628,3,3,3,3,4,4,4,4,3,2,4,5,4,4,0,0.0,1
Male,Loyal Customer,44,Business travel,Business,2621,4,4,4,4,2,1,3,5,5,5,5,4,5,2,2,60.0,1
Female,Loyal Customer,23,Business travel,Business,721,1,1,1,1,3,5,3,3,5,1,4,3,3,3,45,39.0,0
Male,Loyal Customer,25,Business travel,Eco,622,2,3,3,3,2,2,3,2,3,4,4,2,4,2,0,24.0,0
Female,Loyal Customer,50,Business travel,Eco,1045,2,5,5,5,4,3,3,2,2,2,2,3,2,2,0,0.0,0
Male,disloyal Customer,32,Business travel,Eco,252,3,3,3,3,4,3,4,4,1,4,3,1,4,4,0,0.0,0
Male,disloyal Customer,39,Business travel,Business,895,2,2,2,4,5,2,5,5,5,4,4,5,5,5,0,2.0,1
Male,Loyal Customer,31,Personal Travel,Eco,163,3,4,3,3,3,3,3,3,3,4,4,3,5,3,0,1.0,0
Female,Loyal Customer,27,Business travel,Eco,468,2,4,4,4,2,2,2,2,2,1,2,4,2,2,0,0.0,0
Female,Loyal Customer,34,Business travel,Business,3428,1,1,5,1,4,5,5,3,3,3,3,4,3,3,0,5.0,1
Female,disloyal Customer,25,Business travel,Business,1066,5,5,5,1,2,5,4,2,3,4,4,5,5,2,27,14.0,1
Male,Loyal Customer,52,Business travel,Business,2205,4,4,4,4,1,2,3,4,4,4,4,3,4,1,14,8.0,0
Male,Loyal Customer,46,Business travel,Business,2079,1,1,1,1,4,5,4,4,4,4,4,4,4,3,0,41.0,1
Male,disloyal Customer,40,Business travel,Eco,100,3,1,4,3,4,4,4,4,2,2,3,4,3,4,0,0.0,1
Female,Loyal Customer,32,Business travel,Eco,266,4,4,4,4,4,4,4,4,3,5,3,5,3,4,0,0.0,1
Male,disloyal Customer,28,Business travel,Business,868,2,2,2,2,1,2,1,1,4,5,5,3,4,1,23,21.0,0
Female,disloyal Customer,25,Business travel,Business,393,4,0,4,2,4,4,2,4,5,2,4,5,4,4,1,0.0,1
Male,Loyal Customer,15,Personal Travel,Eco,1744,2,5,2,1,2,2,2,2,5,3,5,3,4,2,0,0.0,0
Female,Loyal Customer,39,Personal Travel,Eco,353,4,4,4,3,1,4,1,1,1,1,5,3,2,1,0,0.0,0
Female,disloyal Customer,22,Business travel,Eco,259,1,1,1,2,4,1,4,4,2,4,2,2,3,4,34,27.0,0
Male,disloyal Customer,45,Business travel,Business,594,5,5,5,4,5,5,5,5,5,3,4,4,4,5,0,7.0,1
Male,disloyal Customer,28,Business travel,Eco,1042,1,1,1,2,5,1,5,5,4,2,1,2,3,5,0,0.0,1
Female,Loyal Customer,51,Business travel,Business,1614,2,2,2,2,2,5,5,3,3,3,3,5,3,5,0,0.0,1
Female,Loyal Customer,43,Business travel,Business,3547,3,3,3,3,5,5,4,4,4,4,4,5,4,4,0,0.0,1
Female,disloyal Customer,43,Business travel,Business,606,5,5,5,4,5,1,4,5,4,5,5,4,3,4,164,163.0,1
Female,Loyal Customer,39,Business travel,Business,1846,2,2,5,2,3,4,4,2,2,2,2,5,2,5,35,56.0,0
Male,disloyal Customer,37,Business travel,Eco Plus,503,1,1,1,2,5,1,5,5,4,5,2,1,5,5,24,27.0,1
Male,Loyal Customer,34,Business travel,Business,247,0,0,0,3,4,5,5,3,3,1,1,4,3,5,0,0.0,0
Female,Loyal Customer,20,Personal Travel,Eco,258,4,4,4,5,1,4,1,1,4,3,4,3,1,1,7,7.0,0
Male,disloyal Customer,40,Business travel,Eco,102,3,0,3,1,3,3,3,3,5,2,1,2,4,3,14,13.0,0
Male,Loyal Customer,13,Personal Travel,Eco,101,4,4,4,3,2,4,2,2,4,3,5,5,4,2,6,1.0,0
Male,Loyal Customer,59,Personal Travel,Eco,2075,3,4,4,3,5,4,5,5,4,3,3,2,4,5,0,0.0,1
Female,Loyal Customer,64,Personal Travel,Eco,331,2,4,2,1,1,1,1,4,4,2,4,1,4,5,1,2.0,0
Male,Loyal Customer,58,Personal Travel,Eco Plus,369,1,2,2,3,3,2,3,3,2,2,3,2,2,3,8,0.0,0
Male,Loyal Customer,43,Personal Travel,Eco Plus,945,3,2,3,3,5,3,5,5,2,5,3,2,4,5,58,52.0,1
Female,Loyal Customer,43,Business travel,Eco,588,2,1,2,1,3,3,5,2,2,2,2,2,2,3,0,0.0,0
Male,Loyal Customer,49,Business travel,Business,405,4,4,4,4,2,4,5,4,4,5,4,4,4,3,15,6.0,1
Male,Loyal Customer,47,Business travel,Business,216,5,5,5,5,1,3,3,4,4,4,4,3,4,4,0,0.0,1
Female,Loyal Customer,55,Personal Travel,Eco,1379,3,5,3,4,4,3,1,3,3,3,3,3,3,4,12,4.0,0
Male,Loyal Customer,39,Business travel,Business,1930,3,3,3,3,4,4,5,5,5,5,5,4,5,3,55,47.0,1
Female,Loyal Customer,25,Personal Travel,Eco,347,1,4,1,2,2,1,2,2,5,5,4,5,5,2,20,13.0,0
Male,Loyal Customer,35,Business travel,Business,2558,5,5,5,5,5,5,4,4,4,4,4,4,4,5,45,35.0,1
Female,Loyal Customer,65,Personal Travel,Eco,1005,3,4,2,1,3,5,4,3,3,2,3,5,3,4,70,62.0,1
Male,Loyal Customer,48,Business travel,Business,1024,3,3,3,3,2,5,5,5,5,5,5,5,5,4,0,29.0,1
Female,Loyal Customer,52,Business travel,Business,479,2,2,2,2,5,4,4,4,4,4,4,3,4,5,36,28.0,1
Male,Loyal Customer,27,Business travel,Eco Plus,495,5,5,5,5,5,5,5,5,3,4,2,1,4,5,5,17.0,1
Male,Loyal Customer,54,Business travel,Business,1544,5,5,5,5,5,4,5,4,4,4,4,4,4,5,36,19.0,1
Male,Loyal Customer,33,Business travel,Business,1910,1,1,1,1,4,4,4,4,5,3,5,4,4,4,13,0.0,1
Male,Loyal Customer,27,Business travel,Eco,1211,3,2,2,2,5,5,5,5,2,3,5,3,3,5,4,23.0,1
Female,Loyal Customer,52,Business travel,Business,1605,3,3,5,3,4,4,5,4,4,4,4,5,4,3,0,0.0,1
Female,Loyal Customer,45,Personal Travel,Eco Plus,235,4,4,4,2,3,5,4,5,5,4,1,5,5,4,0,0.0,1
Female,Loyal Customer,37,Business travel,Business,2532,2,2,2,2,4,1,1,3,3,4,3,5,3,4,0,0.0,0
Male,Loyal Customer,29,Business travel,Eco Plus,844,0,0,0,1,1,0,1,1,1,2,4,5,5,1,0,0.0,0
Female,disloyal Customer,25,Business travel,Business,759,2,5,2,4,1,2,4,1,5,2,4,5,5,1,0,0.0,0
Male,disloyal Customer,29,Business travel,Business,2176,4,4,4,3,5,4,5,5,3,4,5,4,5,5,36,29.0,1
Female,Loyal Customer,60,Business travel,Business,3507,5,5,5,5,2,5,4,3,3,3,3,3,3,5,2,0.0,1
Female,disloyal Customer,21,Business travel,Eco,1377,3,4,4,4,2,3,2,2,3,3,3,4,5,2,5,0.0,0
Female,Loyal Customer,36,Business travel,Business,2161,5,5,5,5,4,5,5,4,4,4,4,3,4,4,0,0.0,1
Male,Loyal Customer,51,Personal Travel,Eco,544,4,4,4,4,4,4,4,4,3,3,5,3,1,4,53,31.0,1
Female,disloyal Customer,25,Business travel,Business,448,1,0,1,3,3,1,3,3,4,3,4,5,4,3,0,9.0,0
Male,disloyal Customer,37,Business travel,Eco Plus,197,1,1,1,4,1,1,1,1,2,4,3,3,3,1,0,0.0,0
Female,Loyal Customer,70,Personal Travel,Eco,678,2,4,2,1,5,5,5,3,3,2,3,3,3,4,0,1.0,1
Male,Loyal Customer,25,Personal Travel,Eco,930,2,4,2,3,2,2,1,2,5,2,4,5,4,2,3,22.0,0
Female,Loyal Customer,53,Business travel,Business,1379,3,2,3,3,5,5,5,4,4,4,4,5,4,3,0,8.0,1
Male,Loyal Customer,36,Business travel,Business,349,0,0,0,3,3,1,5,5,5,5,5,1,5,3,0,0.0,1
Female,Loyal Customer,30,Personal Travel,Eco,569,4,4,4,4,2,4,2,2,5,4,4,4,4,2,74,73.0,0
Male,Loyal Customer,59,Business travel,Business,338,4,4,4,4,5,5,4,5,5,5,5,1,5,4,4,0.0,1
Male,Loyal Customer,39,Personal Travel,Eco,965,1,4,1,4,3,1,3,3,3,1,3,3,3,3,0,0.0,0
Female,Loyal Customer,28,Personal Travel,Eco,916,2,5,2,3,2,2,2,2,3,5,5,5,4,2,0,0.0,0
Female,Loyal Customer,49,Business travel,Eco,314,2,5,2,5,5,4,4,2,2,2,2,3,2,4,11,27.0,0
Female,Loyal Customer,33,Business travel,Business,1724,4,4,4,4,2,2,2,3,3,4,3,1,3,2,0,0.0,0
Female,disloyal Customer,24,Business travel,Eco,1050,3,3,3,3,2,3,2,2,1,3,3,1,4,2,13,24.0,0
Male,Loyal Customer,43,Business travel,Business,3792,3,3,3,3,1,1,3,3,3,3,3,3,3,4,0,0.0,0
Male,disloyal Customer,28,Business travel,Business,588,0,0,0,2,1,0,1,1,4,2,4,5,5,1,0,0.0,0
Female,Loyal Customer,37,Business travel,Business,224,1,3,4,4,2,2,3,2,2,2,1,1,2,3,22,15.0,0
Male,Loyal Customer,56,Personal Travel,Eco,642,1,5,1,4,2,1,2,2,4,3,4,3,5,2,31,27.0,0
Male,Loyal Customer,42,Business travel,Business,370,1,4,4,4,2,3,4,1,1,1,1,4,1,1,0,2.0,0
Female,disloyal Customer,22,Business travel,Eco,628,3,2,3,3,4,3,4,4,1,2,4,4,4,4,23,28.0,1
Male,Loyal Customer,48,Business travel,Business,2097,1,1,4,4,5,3,4,4,4,4,1,3,4,1,0,0.0,1
Female,Loyal Customer,37,Business travel,Business,3955,5,5,5,5,3,4,5,3,3,3,3,5,3,5,13,7.0,1
Male,Loyal Customer,45,Business travel,Business,1919,3,5,5,5,3,3,4,3,3,3,3,3,3,3,10,0.0,1
Male,Loyal Customer,32,Personal Travel,Eco,315,1,5,1,4,1,1,1,1,5,4,5,1,1,1,56,49.0,0
Female,Loyal Customer,9,Personal Travel,Eco,1262,3,4,2,4,3,2,3,3,3,2,5,3,4,3,0,0.0,0
Male,Loyal Customer,41,Business travel,Business,1076,3,3,3,3,5,3,4,3,3,3,3,3,3,4,8,30.0,1
Female,Loyal Customer,52,Business travel,Eco,1046,2,1,4,4,4,3,3,1,1,2,1,1,1,4,0,12.0,0
Female,disloyal Customer,28,Business travel,Eco,817,1,1,1,5,4,1,4,4,5,2,4,1,5,4,0,0.0,1
Male,Loyal Customer,35,Personal Travel,Eco,386,1,4,1,5,4,1,4,4,3,2,4,4,4,4,0,0.0,0
Male,Loyal Customer,66,Personal Travel,Eco,1035,5,4,5,5,5,5,5,5,5,3,4,5,4,5,0,0.0,1
Female,Loyal Customer,59,Business travel,Business,312,3,3,3,3,3,4,5,3,3,4,3,3,3,4,8,9.0,1
Female,Loyal Customer,38,Business travel,Business,3495,5,5,5,5,3,5,5,3,3,4,4,5,3,4,0,0.0,1
Female,Loyal Customer,49,Business travel,Business,1182,1,1,1,1,3,4,5,4,4,5,4,4,4,5,4,11.0,1
Female,Loyal Customer,49,Business travel,Business,328,4,5,5,5,2,3,4,4,4,3,4,3,4,4,0,0.0,1
Female,Loyal Customer,39,Business travel,Business,1547,4,4,4,4,2,4,4,5,5,5,5,3,5,5,0,0.0,1
Male,disloyal Customer,21,Business travel,Eco,674,2,2,2,3,5,2,4,5,1,3,3,2,3,5,1,0.0,1
Male,Loyal Customer,59,Personal Travel,Eco,89,1,4,1,3,3,1,3,3,4,4,4,4,5,3,0,0.0,0
Male,disloyal Customer,32,Business travel,Business,787,3,3,3,2,5,3,5,5,4,4,5,4,5,5,0,3.0,1
Female,Loyal Customer,60,Business travel,Eco,370,4,5,5,5,2,4,4,4,4,4,4,4,4,2,15,6.0,1
Male,disloyal Customer,25,Business travel,Business,337,2,0,2,2,3,2,3,3,3,5,5,4,5,3,64,55.0,0
Female,disloyal Customer,29,Business travel,Business,764,4,4,4,5,4,4,2,4,4,3,5,3,5,4,31,18.0,1
Female,Loyal Customer,16,Personal Travel,Eco,436,1,5,1,4,5,1,5,5,5,4,5,4,5,5,5,7.0,1
Female,disloyal Customer,70,Personal Travel,Eco,1562,2,1,2,2,4,2,4,4,2,2,1,3,2,4,0,0.0,0
Male,Loyal Customer,43,Business travel,Business,1680,2,4,4,4,3,4,3,2,2,2,2,2,2,3,0,0.0,0
Female,disloyal Customer,34,Business travel,Eco,368,3,3,3,3,3,3,3,3,2,4,4,2,3,3,18,10.0,0
Female,Loyal Customer,34,Personal Travel,Eco,308,1,4,2,5,3,2,3,3,5,3,5,3,3,3,11,14.0,0
Female,Loyal Customer,26,Personal Travel,Eco Plus,409,4,5,4,2,4,4,4,4,5,3,1,1,2,4,0,0.0,1
Female,Loyal Customer,60,Business travel,Business,3585,1,1,1,1,2,5,5,5,5,5,5,4,5,5,0,0.0,1
Male,Loyal Customer,20,Business travel,Business,491,3,4,4,4,3,3,3,3,3,5,4,1,4,3,40,23.0,0
Male,Loyal Customer,51,Business travel,Business,2437,3,3,3,3,3,5,5,4,4,4,4,4,4,3,0,0.0,1
Female,Loyal Customer,31,Personal Travel,Eco,554,1,3,2,2,4,2,4,4,2,5,4,1,1,4,1,8.0,0
Male,Loyal Customer,25,Business travel,Business,1726,1,3,3,3,1,1,1,1,2,3,3,1,4,1,32,5.0,0
Male,Loyal Customer,46,Business travel,Eco,632,1,3,3,3,2,1,2,2,4,5,2,3,1,2,0,8.0,0
Female,Loyal Customer,38,Business travel,Business,3297,3,3,3,3,1,2,1,5,5,5,5,1,5,5,0,0.0,1
Male,Loyal Customer,35,Personal Travel,Eco,746,2,4,2,5,2,2,2,2,5,2,1,3,4,2,0,0.0,0
Female,Loyal Customer,35,Business travel,Eco,1028,4,1,1,1,4,4,4,4,4,2,5,4,4,4,19,30.0,1
Female,disloyal Customer,22,Business travel,Eco,305,4,3,4,5,5,4,5,5,5,3,2,4,1,5,0,0.0,1
Female,Loyal Customer,46,Business travel,Eco,438,5,2,2,2,3,1,4,5,5,5,5,1,5,5,0,0.0,1
Male,disloyal Customer,27,Business travel,Business,1331,5,5,5,4,5,4,4,5,2,4,4,4,3,4,0,0.0,1
Female,disloyal Customer,39,Business travel,Eco,312,1,0,1,1,2,1,2,2,3,1,1,1,4,2,0,0.0,0
Male,Loyal Customer,59,Personal Travel,Eco Plus,1183,2,4,2,3,4,2,4,4,5,2,3,4,4,4,19,26.0,1
Female,Loyal Customer,39,Personal Travel,Eco,576,2,5,2,3,3,2,3,3,4,5,4,3,5,3,0,0.0,0
Female,Loyal Customer,39,Personal Travel,Eco,633,1,4,1,3,1,1,1,1,4,4,4,5,5,1,7,0.0,0
Female,Loyal Customer,51,Business travel,Business,3731,2,4,4,4,2,3,3,2,2,2,2,3,2,3,29,35.0,0
Male,Loyal Customer,61,Personal Travel,Eco,2425,3,2,3,3,3,3,3,4,2,4,3,3,3,3,0,0.0,0
Female,disloyal Customer,18,Business travel,Business,983,4,0,4,3,1,4,1,1,4,3,4,3,5,1,5,0.0,0
Female,Loyal Customer,41,Business travel,Business,3874,5,5,5,5,1,5,2,4,4,4,4,3,4,1,0,0.0,1
Male,Loyal Customer,21,Personal Travel,Eco Plus,236,3,5,3,2,5,3,5,5,5,4,4,3,4,5,0,0.0,1
Male,Loyal Customer,32,Personal Travel,Eco,515,1,4,1,1,5,1,5,5,5,2,5,4,5,5,22,13.0,1
Male,Loyal Customer,45,Business travel,Business,3815,1,0,0,3,5,4,4,2,2,0,2,1,2,1,71,72.0,0
Male,Loyal Customer,35,Business travel,Business,209,3,3,3,3,5,3,4,2,2,2,3,4,2,3,0,0.0,0
Male,Loyal Customer,63,Personal Travel,Eco,452,3,2,3,3,3,3,1,3,2,1,4,1,4,3,6,0.0,0
Female,disloyal Customer,48,Business travel,Eco,854,1,1,1,4,5,1,5,5,3,1,3,4,3,5,40,31.0,1
Male,Loyal Customer,37,Business travel,Business,2935,5,5,5,5,4,5,3,5,5,5,5,5,5,1,0,0.0,1
Female,Loyal Customer,43,Personal Travel,Eco,1072,3,5,3,3,4,5,5,3,3,3,3,3,3,3,63,64.0,1
Male,Loyal Customer,18,Personal Travel,Eco,1005,4,5,4,5,4,4,5,4,4,5,5,4,5,4,1,8.0,1
Female,Loyal Customer,36,Business travel,Business,896,5,4,5,5,3,5,5,5,5,5,5,3,5,1,91,85.0,1
Female,disloyal Customer,37,Business travel,Business,725,3,3,3,3,5,3,5,5,5,5,5,3,5,5,60,60.0,1
Female,Loyal Customer,25,Personal Travel,Eco,1145,1,5,1,3,4,1,4,4,4,3,3,3,5,4,0,0.0,1
Male,disloyal Customer,27,Business travel,Business,227,3,3,3,4,2,3,2,2,4,4,4,2,4,2,0,8.0,0
Female,disloyal Customer,25,Business travel,Business,1598,4,0,4,2,2,4,2,2,5,2,3,5,5,2,0,0.0,0
Female,Loyal Customer,22,Business travel,Business,521,3,3,3,3,5,5,5,5,3,4,2,3,1,5,0,0.0,1
Male,Loyal Customer,53,Business travel,Business,1208,2,2,2,2,1,4,5,3,3,4,3,4,3,2,0,2.0,0
Female,Loyal Customer,45,Business travel,Business,3826,3,1,1,1,1,3,4,3,3,3,3,3,3,3,39,24.0,0
Female,Loyal Customer,25,Business travel,Business,3104,2,2,2,2,2,2,2,2,1,2,3,3,3,2,105,100.0,0
Female,Loyal Customer,32,Personal Travel,Eco,547,3,3,3,1,3,3,3,3,4,5,4,1,3,3,31,50.0,0
Female,disloyal Customer,44,Business travel,Eco Plus,680,2,2,2,3,4,2,3,4,3,3,3,2,2,4,0,5.0,0
Female,Loyal Customer,36,Business travel,Business,1123,3,3,3,3,1,1,4,5,5,5,5,2,5,1,0,0.0,1
Male,Loyal Customer,38,Personal Travel,Eco,693,3,4,3,4,5,3,5,5,5,5,4,5,5,5,0,0.0,1
Female,Loyal Customer,55,Business travel,Business,3021,5,5,5,5,4,4,4,4,4,4,4,5,4,4,15,0.0,1
Male,Loyal Customer,20,Personal Travel,Eco,173,3,4,0,1,5,0,5,5,2,4,2,2,1,5,0,0.0,0
Female,Loyal Customer,8,Personal Travel,Eco,248,2,4,2,1,1,2,1,1,3,4,5,3,5,1,0,0.0,0
Female,Loyal Customer,32,Business travel,Business,853,1,1,1,1,4,5,4,4,4,5,4,4,5,4,1,0.0,1
Male,Loyal Customer,48,Business travel,Eco,641,4,1,2,1,4,4,4,4,2,5,2,5,4,4,0,0.0,1
Male,Loyal Customer,62,Personal Travel,Eco,2253,2,5,2,2,1,2,2,1,3,5,5,3,2,1,4,4.0,0
Female,disloyal Customer,22,Business travel,Business,601,5,4,5,3,1,5,1,1,4,3,4,3,4,1,0,0.0,0
Male,Loyal Customer,23,Business travel,Eco Plus,604,5,1,1,1,5,5,5,5,2,3,1,1,2,5,0,0.0,1
Female,Loyal Customer,62,Personal Travel,Eco,1107,2,5,2,5,5,3,3,2,2,2,2,1,2,4,0,0.0,0
Male,Loyal Customer,49,Business travel,Business,2586,4,3,4,4,4,5,5,5,5,5,5,4,5,3,0,0.0,1
Female,Loyal Customer,32,Personal Travel,Eco,1504,4,2,4,1,5,4,5,5,1,1,2,1,1,5,17,0.0,1
Male,Loyal Customer,40,Business travel,Business,3584,1,5,5,5,1,3,2,1,1,1,1,3,1,1,118,131.0,0
Male,Loyal Customer,27,Personal Travel,Eco,1208,1,2,1,4,1,1,1,1,2,2,4,3,3,1,0,0.0,0
Female,Loyal Customer,60,Business travel,Business,401,2,2,2,2,2,4,4,4,4,4,4,5,4,5,31,42.0,1
Male,Loyal Customer,49,Business travel,Business,2342,5,5,5,5,5,4,4,4,4,4,4,5,4,3,0,0.0,1
Male,Loyal Customer,30,Business travel,Eco,337,4,3,3,3,4,4,4,4,1,2,2,2,1,4,0,1.0,0
Male,Loyal Customer,35,Business travel,Business,585,5,5,5,5,5,4,5,4,4,4,4,5,4,3,0,0.0,1
Male,Loyal Customer,16,Business travel,Business,1195,4,4,5,4,5,5,5,5,4,5,1,1,3,5,5,0.0,1
Male,Loyal Customer,37,Business travel,Business,460,2,2,2,2,3,3,3,5,5,5,5,5,5,4,3,2.0,1
Male,Loyal Customer,67,Personal Travel,Eco,349,2,2,3,4,4,3,4,4,2,2,4,2,3,4,0,0.0,0
Female,Loyal Customer,40,Business travel,Business,2080,5,1,5,5,5,4,5,4,4,4,4,4,4,4,0,0.0,1
Female,Loyal Customer,52,Personal Travel,Business,347,2,4,2,3,2,4,5,2,2,2,4,4,2,5,2,21.0,0
Female,Loyal Customer,16,Personal Travel,Eco Plus,163,4,3,4,3,1,4,1,1,2,5,4,2,4,1,0,1.0,0
Female,Loyal Customer,58,Business travel,Eco,1597,3,5,5,5,1,3,4,3,3,3,3,3,3,4,0,0.0,0
Female,Loyal Customer,39,Business travel,Business,2542,5,3,5,5,5,4,5,4,4,4,4,5,4,4,113,99.0,1
Female,Loyal Customer,35,Personal Travel,Eco,657,4,5,4,3,5,4,5,5,5,1,4,4,4,5,0,0.0,1
Male,disloyal Customer,39,Business travel,Business,89,4,4,4,3,4,4,4,4,4,2,3,3,3,4,0,0.0,1
Male,Loyal Customer,50,Business travel,Eco,192,4,1,1,1,4,4,4,4,2,4,1,3,1,4,2,0.0,0
Female,Loyal Customer,31,Business travel,Business,1173,4,4,4,4,4,4,4,4,3,3,4,3,1,4,18,12.0,1
Male,Loyal Customer,31,Business travel,Business,2468,0,4,1,1,1,1,1,1,3,5,1,1,3,1,0,0.0,0
Female,disloyal Customer,45,Business travel,Eco,345,1,2,1,3,4,1,4,4,4,4,3,2,3,4,85,91.0,0
Female,disloyal Customer,26,Business travel,Business,1012,2,2,2,5,5,2,5,5,5,2,4,3,4,5,0,0.0,1
Female,disloyal Customer,30,Business travel,Eco,947,2,2,2,5,4,2,4,4,5,5,1,1,3,4,0,0.0,0
Female,disloyal Customer,25,Business travel,Business,1476,3,4,2,2,4,2,4,4,5,3,5,5,5,4,0,0.0,1
Female,Loyal Customer,54,Business travel,Business,1334,2,2,2,2,2,5,4,4,4,4,4,3,4,5,0,0.0,1
Male,Loyal Customer,47,Business travel,Business,1540,0,4,0,2,2,4,4,4,4,4,4,5,4,4,0,0.0,1
Male,Loyal Customer,47,Business travel,Business,1885,4,4,4,4,5,5,5,5,5,5,5,5,5,4,15,11.0,1
Male,Loyal Customer,63,Personal Travel,Eco,515,2,5,2,2,1,2,1,1,4,4,5,5,5,1,0,0.0,0
Female,disloyal Customer,21,Business travel,Business,468,2,3,2,4,2,2,1,2,1,1,4,3,4,2,79,71.0,0
Male,disloyal Customer,10,Business travel,Eco,516,2,2,2,3,1,2,1,1,2,4,2,1,3,1,0,0.0,0
Female,disloyal Customer,48,Business travel,Business,310,3,3,3,1,5,3,5,5,5,3,5,5,5,5,3,8.0,1
Female,Loyal Customer,27,Personal Travel,Eco,213,2,0,0,4,3,0,2,3,3,5,5,3,4,3,0,0.0,0
Female,Loyal Customer,57,Business travel,Eco,312,5,4,1,4,5,2,5,5,5,5,5,1,5,5,0,0.0,1
Female,Loyal Customer,33,Personal Travel,Eco,631,3,3,3,4,1,3,1,1,1,1,2,3,1,1,16,30.0,0
Male,Loyal Customer,46,Business travel,Business,3794,1,1,1,1,4,4,3,1,1,1,1,4,1,3,81,83.0,0
Male,Loyal Customer,15,Personal Travel,Eco,992,1,4,1,1,4,1,4,4,5,3,4,4,4,4,0,0.0,1
Male,Loyal Customer,39,Business travel,Eco,338,2,3,5,3,2,2,2,2,4,1,2,1,2,2,11,54.0,0
Female,Loyal Customer,38,Business travel,Business,192,2,4,4,4,2,4,4,3,3,3,2,2,3,4,24,11.0,0
Female,Loyal Customer,25,Business travel,Eco Plus,925,0,4,0,1,4,0,5,4,4,5,2,5,5,4,4,0.0,1
Female,disloyal Customer,38,Business travel,Eco,351,3,0,3,3,1,3,3,1,3,1,4,1,3,1,0,0.0,0
Male,Loyal Customer,25,Business travel,Eco,541,2,4,4,4,2,3,3,2,1,5,3,4,3,2,3,15.0,0
Male,Loyal Customer,40,Business travel,Business,1017,4,4,3,4,4,4,4,4,4,4,4,5,4,4,0,0.0,1
Female,Loyal Customer,39,Business travel,Business,1464,4,4,5,4,5,4,4,5,5,5,5,5,5,4,0,0.0,1
Male,Loyal Customer,43,Personal Travel,Eco,641,1,5,1,3,4,1,4,4,3,3,4,5,4,4,0,0.0,1
Female,Loyal Customer,26,Business travel,Business,2422,3,4,4,4,3,3,3,4,2,4,3,3,4,3,117,104.0,1
Male,Loyal Customer,57,Business travel,Business,2760,3,4,4,4,2,3,3,1,4,4,3,3,1,3,0,19.0,0
Male,disloyal Customer,27,Business travel,Business,733,3,3,3,3,5,3,5,5,3,4,3,4,2,5,29,22.0,1
Female,Loyal Customer,51,Business travel,Eco,630,3,4,4,4,5,4,4,3,3,3,3,4,3,1,0,5.0,0
Female,Loyal Customer,26,Personal Travel,Eco,429,3,3,5,3,2,5,2,2,3,5,2,4,3,2,0,1.0,0
Male,Loyal Customer,38,Business travel,Business,1504,1,4,4,4,4,3,4,1,1,1,1,4,1,3,0,0.0,0
Male,Loyal Customer,60,Business travel,Business,438,2,1,1,1,4,2,2,2,2,2,2,2,2,2,37,48.0,0
Male,Loyal Customer,52,Business travel,Business,2071,3,3,3,3,3,5,4,4,4,4,4,3,4,4,0,0.0,1
Female,Loyal Customer,60,Business travel,Business,2847,5,5,5,5,2,5,5,5,5,5,5,3,5,3,0,0.0,1
Male,Loyal Customer,50,Business travel,Business,2644,2,5,5,5,2,4,3,2,2,2,2,3,2,3,9,0.0,0
Male,Loyal Customer,59,Personal Travel,Eco,371,2,5,2,2,3,2,3,3,5,4,5,3,5,3,0,0.0,1
Female,Loyal Customer,26,Business travel,Business,612,5,5,5,5,5,5,5,5,5,2,5,4,4,5,0,0.0,1
Female,Loyal Customer,17,Business travel,Business,3607,4,4,4,4,4,4,4,4,3,2,4,5,5,4,21,15.0,1
Male,Loyal Customer,27,Business travel,Eco,594,3,3,3,3,3,3,3,3,3,2,3,3,4,3,35,36.0,0
Female,Loyal Customer,30,Business travel,Eco,1237,4,3,3,3,4,4,4,4,2,3,2,1,3,4,0,0.0,1
Female,Loyal Customer,8,Personal Travel,Eco,1011,3,5,4,4,2,4,3,2,4,2,4,5,2,2,3,12.0,0
Female,Loyal Customer,49,Business travel,Business,3534,2,2,2,2,4,4,4,4,4,4,5,3,4,4,0,0.0,1
Female,disloyal Customer,13,Business travel,Business,1315,4,5,4,2,4,4,4,4,5,4,4,3,5,4,0,0.0,1
Male,disloyal Customer,63,Business travel,Eco,998,2,2,2,3,2,2,2,2,1,5,3,3,3,2,22,0.0,0
Male,disloyal Customer,21,Business travel,Eco,391,3,2,3,3,4,3,4,4,1,4,3,3,3,4,24,28.0,0
Female,Loyal Customer,49,Personal Travel,Eco,423,2,3,2,4,1,3,3,4,4,2,2,4,4,3,49,33.0,0
Male,Loyal Customer,51,Business travel,Business,3185,1,1,1,1,4,5,4,5,5,5,5,4,5,3,0,0.0,1
Female,Loyal Customer,36,Business travel,Business,1723,2,2,1,2,4,4,5,4,4,5,4,3,4,3,113,88.0,1
Female,Loyal Customer,21,Business travel,Business,3869,3,3,3,3,3,3,3,3,4,2,3,3,3,3,27,16.0,0
Female,disloyal Customer,48,Business travel,Eco,1069,3,3,3,1,5,3,5,5,1,2,3,3,2,5,23,38.0,1
Male,Loyal Customer,23,Personal Travel,Eco,447,4,4,4,4,1,4,1,1,3,4,4,5,5,1,32,24.0,0
Male,Loyal Customer,53,Personal Travel,Eco,2172,3,4,3,3,3,3,3,3,5,2,5,4,4,3,0,0.0,1
Female,Loyal Customer,33,Business travel,Business,927,5,5,5,5,2,4,5,5,5,5,5,3,5,3,15,0.0,1
Female,Loyal Customer,50,Business travel,Business,2106,4,3,3,3,4,3,4,4,4,4,4,4,4,2,44,40.0,1
Male,Loyal Customer,51,Business travel,Business,1123,4,4,1,4,5,4,4,5,5,5,5,4,5,3,0,22.0,1
Female,Loyal Customer,54,Business travel,Business,846,4,4,4,4,3,4,4,5,5,5,5,3,5,4,11,0.0,1
Female,Loyal Customer,44,Personal Travel,Eco,1773,4,3,4,4,1,3,3,4,4,4,4,4,4,1,14,0.0,0
Male,Loyal Customer,59,Business travel,Business,295,0,0,0,1,4,5,4,2,2,3,3,3,2,4,60,51.0,0
Female,Loyal Customer,43,Personal Travel,Eco,376,5,5,5,1,4,5,5,5,5,5,3,4,5,5,0,0.0,1
Male,Loyal Customer,54,Business travel,Business,3590,3,3,3,3,5,4,4,5,5,5,5,4,5,4,0,0.0,1
Female,Loyal Customer,53,Personal Travel,Eco,447,2,5,4,1,2,4,4,1,1,4,1,4,1,4,0,0.0,0
Female,Loyal Customer,37,Business travel,Eco Plus,425,4,1,1,1,4,4,4,4,4,5,4,1,5,4,0,0.0,1
Male,Loyal Customer,34,Business travel,Business,1217,4,1,1,1,4,3,3,4,4,4,4,2,4,2,33,39.0,1
Female,Loyal Customer,40,Business travel,Eco,602,3,1,1,1,3,4,3,3,3,4,2,1,4,3,6,9.0,0
Male,Loyal Customer,46,Personal Travel,Eco,689,3,2,3,3,4,3,4,4,2,4,2,3,2,4,0,6.0,0
Male,Loyal Customer,45,Business travel,Eco,987,4,1,1,1,4,4,4,4,3,1,4,3,2,4,0,7.0,1
Female,Loyal Customer,60,Business travel,Business,3661,5,5,5,5,5,5,5,3,3,4,3,5,3,5,0,9.0,1
Female,Loyal Customer,18,Personal Travel,Eco,612,5,1,5,1,1,5,1,1,1,4,1,3,1,1,0,4.0,0
Male,Loyal Customer,27,Business travel,Business,2944,4,4,4,4,4,5,4,4,5,3,3,4,4,4,0,6.0,1
Male,Loyal Customer,64,Personal Travel,Eco Plus,1892,3,3,3,3,4,3,4,4,4,3,2,4,2,4,21,0.0,1
Female,Loyal Customer,51,Business travel,Business,3967,3,1,1,1,2,3,3,3,3,3,3,2,3,4,0,21.0,0
Male,Loyal Customer,58,Business travel,Business,2567,4,5,5,5,1,4,4,4,4,4,4,2,4,2,85,74.0,1
Male,Loyal Customer,43,Business travel,Business,268,3,3,3,3,2,4,4,4,4,4,4,5,4,5,0,2.0,1
Female,Loyal Customer,21,Personal Travel,Eco,594,2,3,2,5,3,2,2,3,2,5,5,5,5,3,0,0.0,0
Male,Loyal Customer,10,Personal Travel,Eco,239,3,5,3,1,3,3,5,3,1,1,2,5,2,3,0,0.0,0
Female,Loyal Customer,66,Personal Travel,Eco,374,2,4,2,5,2,3,1,5,5,2,5,3,5,4,0,0.0,1
Female,Loyal Customer,39,Business travel,Eco,787,2,5,5,5,2,2,2,2,2,1,4,3,3,2,19,10.0,0
Female,disloyal Customer,23,Business travel,Business,957,2,3,2,3,5,2,5,5,2,1,3,4,3,5,33,22.0,1
Female,disloyal Customer,19,Business travel,Eco,1009,2,1,1,3,3,1,3,3,2,1,4,3,4,3,0,0.0,0
Male,Loyal Customer,31,Personal Travel,Eco,1208,3,1,3,3,5,3,5,5,3,1,3,4,4,5,0,7.0,1
Female,Loyal Customer,35,Personal Travel,Eco,134,4,0,0,3,2,0,2,2,3,2,3,5,5,2,0,0.0,0
Female,disloyal Customer,29,Business travel,Eco,862,1,1,1,2,4,1,4,4,3,2,2,4,2,4,1,0.0,0
Female,disloyal Customer,30,Business travel,Eco,1133,3,3,3,3,2,3,2,2,2,5,3,1,3,2,0,9.0,0
Female,disloyal Customer,31,Business travel,Eco,1024,2,2,2,4,3,2,3,3,1,1,1,3,1,3,24,31.0,0
Female,Loyal Customer,67,Personal Travel,Eco,259,4,1,4,2,2,2,1,5,5,4,5,3,5,1,7,2.0,0
Male,Loyal Customer,23,Business travel,Business,2106,1,3,3,3,1,1,1,1,1,4,3,1,4,1,219,190.0,0
Male,Loyal Customer,25,Personal Travel,Eco,589,3,2,3,4,4,3,4,4,3,3,3,1,4,4,34,22.0,1
Male,Loyal Customer,52,Business travel,Eco,1075,3,1,1,1,3,3,3,3,1,5,4,1,3,3,29,12.0,0
Male,Loyal Customer,31,Personal Travel,Eco,204,3,5,3,1,2,3,2,2,5,2,1,3,2,2,0,0.0,0
Female,Loyal Customer,23,Personal Travel,Eco,296,4,4,4,3,4,4,4,4,1,2,3,2,4,4,55,63.0,1
Female,Loyal Customer,68,Business travel,Business,2812,1,5,5,5,2,4,3,1,1,1,1,3,1,1,9,0.0,0
Female,disloyal Customer,24,Business travel,Business,407,4,0,5,2,2,5,2,2,5,3,4,3,5,2,29,22.0,0
Female,disloyal Customer,20,Business travel,Business,486,5,0,5,1,2,5,2,2,5,4,4,4,4,2,0,0.0,0
Female,Loyal Customer,32,Business travel,Business,1242,3,2,5,2,3,3,3,3,2,3,4,4,4,3,4,0.0,0
Male,Loyal Customer,47,Personal Travel,Eco Plus,1844,2,3,2,3,3,2,3,3,1,2,4,2,4,3,52,30.0,0
Male,Loyal Customer,57,Personal Travel,Eco,903,3,4,3,2,5,3,5,5,4,5,4,4,4,5,60,51.0,1
Male,Loyal Customer,44,Business travel,Business,3139,5,5,5,5,5,4,5,5,5,5,5,3,5,5,7,0.0,1
Female,disloyal Customer,24,Business travel,Eco,1416,2,2,2,3,1,2,1,1,4,5,5,4,5,1,1,18.0,0
Male,Loyal Customer,70,Personal Travel,Eco,86,1,1,1,3,1,1,1,1,2,2,3,4,2,1,0,0.0,0
Male,Loyal Customer,25,Personal Travel,Eco,668,3,4,3,1,3,3,4,3,4,3,5,3,5,3,10,50.0,1
Female,Loyal Customer,50,Business travel,Business,1428,3,4,2,2,5,4,3,3,3,3,3,2,3,2,45,54.0,0
Female,Loyal Customer,36,Personal Travel,Eco,781,2,3,2,3,3,2,4,3,3,3,2,3,3,3,32,16.0,0
Female,Loyal Customer,56,Business travel,Business,2120,2,2,2,2,2,5,4,4,4,4,4,4,4,3,0,0.0,1
Female,Loyal Customer,69,Personal Travel,Eco,270,5,1,4,3,3,2,3,1,1,4,1,3,1,3,5,0.0,0
Female,Loyal Customer,15,Personal Travel,Eco,283,3,4,3,1,5,3,1,5,3,4,4,5,4,5,2,0.0,1
Female,Loyal Customer,34,Personal Travel,Eco,1020,0,4,0,3,4,0,4,4,4,3,1,2,5,4,4,0.0,0
Female,Loyal Customer,39,Business travel,Business,3509,5,3,5,5,2,4,5,5,5,5,4,4,5,3,32,47.0,1
Male,disloyal Customer,39,Business travel,Eco,507,2,0,2,2,4,2,4,4,4,4,1,2,1,4,2,0.0,0
Female,Loyal Customer,21,Business travel,Business,3301,1,3,3,3,1,1,1,1,1,5,4,2,3,1,0,1.0,0
Male,Loyal Customer,21,Personal Travel,Eco,163,2,5,2,5,3,2,3,3,5,3,5,4,5,3,0,0.0,1
Male,Loyal Customer,41,Personal Travel,Eco,475,1,5,1,1,3,1,3,3,5,1,2,3,5,3,0,0.0,0
Male,Loyal Customer,9,Personal Travel,Eco,1096,3,4,3,4,1,3,1,1,4,2,4,1,4,1,0,3.0,0
Female,Loyal Customer,46,Personal Travel,Eco Plus,422,4,3,4,3,5,2,4,3,3,4,3,2,3,4,0,0.0,1
Male,Loyal Customer,44,Personal Travel,Eco Plus,89,2,4,2,3,4,2,4,4,5,5,4,3,5,4,0,0.0,1
Female,Loyal Customer,46,Business travel,Business,338,2,4,2,4,3,4,4,2,2,2,2,2,2,3,0,0.0,0
Male,Loyal Customer,65,Business travel,Business,1379,2,1,1,1,1,2,3,2,2,3,2,2,2,3,0,7.0,0
Female,Loyal Customer,42,Personal Travel,Eco,2475,2,1,2,3,4,2,4,2,2,2,2,4,2,2,0,0.0,0
Male,Loyal Customer,46,Business travel,Business,1919,4,4,4,4,4,5,4,4,4,4,4,3,4,4,0,0.0,1
Male,Loyal Customer,53,Business travel,Business,287,5,5,5,5,5,5,4,5,5,5,5,5,5,4,0,0.0,1
Male,Loyal Customer,10,Personal Travel,Eco Plus,1096,3,4,2,4,1,2,1,1,3,1,3,3,3,1,0,0.0,0
Male,Loyal Customer,51,Personal Travel,Eco,1475,3,5,3,3,3,3,3,3,5,2,4,4,4,3,0,4.0,1
Male,disloyal Customer,46,Business travel,Business,1092,3,3,3,3,5,3,5,5,4,5,5,5,5,5,24,17.0,1
Female,disloyal Customer,25,Business travel,Eco,335,1,3,1,3,1,1,1,1,1,2,4,1,3,1,0,0.0,0
Male,Loyal Customer,30,Business travel,Business,2713,2,2,2,2,2,2,2,2,4,4,3,4,4,2,14,5.0,0
Female,Loyal Customer,52,Personal Travel,Eco,476,3,4,2,3,2,1,1,3,3,4,3,1,1,1,176,177.0,0
Female,Loyal Customer,49,Business travel,Business,3391,4,2,2,2,4,1,2,4,4,4,4,2,4,1,24,23.0,0
Male,Loyal Customer,31,Business travel,Business,1107,4,4,4,4,5,5,5,5,4,2,4,4,5,5,14,1.0,1
Female,Loyal Customer,67,Business travel,Business,564,2,3,3,3,1,3,3,2,2,3,2,3,2,2,0,0.0,0
Male,Loyal Customer,52,Business travel,Business,972,1,1,1,1,2,4,5,4,4,4,4,5,4,2,0,5.0,1
Female,Loyal Customer,38,Business travel,Eco,399,5,3,3,3,5,5,5,5,4,3,3,5,1,5,0,0.0,1
Male,Loyal Customer,42,Personal Travel,Eco,1042,4,5,4,2,1,4,1,1,5,2,5,5,5,1,0,0.0,0
Female,Loyal Customer,46,Business travel,Business,2401,1,1,1,1,3,4,5,4,4,4,4,3,4,4,0,0.0,1
Female,Loyal Customer,18,Business travel,Business,349,4,4,2,4,4,4,4,4,2,2,3,4,4,4,0,0.0,1
Male,Loyal Customer,55,Business travel,Business,1797,4,4,4,4,5,4,4,3,3,4,3,5,3,5,87,60.0,1
Male,Loyal Customer,60,Business travel,Business,1620,5,5,5,5,4,3,4,3,3,3,3,3,3,3,0,0.0,1
Female,Loyal Customer,57,Business travel,Business,2797,1,1,1,1,5,5,5,2,5,4,4,5,1,5,0,0.0,1
Male,Loyal Customer,44,Business travel,Eco,190,3,2,4,4,3,3,3,3,3,2,3,3,3,3,0,0.0,0
Female,Loyal Customer,34,Personal Travel,Eco Plus,173,2,4,0,2,3,0,3,3,5,5,4,3,4,3,0,0.0,0
Female,disloyal Customer,27,Business travel,Business,551,2,2,2,3,1,2,1,1,5,4,5,3,5,1,0,0.0,0
Male,disloyal Customer,24,Business travel,Eco,373,2,2,3,3,2,3,2,2,3,2,3,1,3,2,0,0.0,0
Female,Loyal Customer,48,Personal Travel,Eco Plus,1076,3,2,3,3,3,4,3,5,5,3,5,3,5,3,0,0.0,1
Male,Loyal Customer,20,Personal Travel,Eco,474,3,5,3,2,3,3,5,3,5,1,1,4,3,3,23,24.0,0
Female,Loyal Customer,65,Personal Travel,Eco Plus,1014,3,2,3,4,3,2,3,5,5,3,3,2,5,1,0,0.0,0
Female,Loyal Customer,37,Business travel,Eco,325,2,1,3,1,2,2,2,2,4,1,4,1,3,2,0,0.0,0
Female,disloyal Customer,22,Business travel,Eco,650,1,5,1,3,5,1,5,5,5,4,5,4,5,5,0,0.0,1
Female,disloyal Customer,48,Business travel,Business,606,4,4,4,5,4,4,1,4,5,3,5,3,5,4,0,0.0,1
Male,Loyal Customer,33,Business travel,Business,460,3,3,3,3,3,4,3,3,3,4,5,4,4,3,53,52.0,1
Male,Loyal Customer,45,Business travel,Business,903,2,2,2,2,2,5,5,5,5,5,5,5,5,5,0,0.0,1
Female,Loyal Customer,61,Personal Travel,Eco,1120,2,5,2,2,5,4,4,4,4,2,4,5,4,4,0,0.0,1
Female,Loyal Customer,43,Business travel,Eco,190,5,2,2,2,3,1,2,5,5,5,5,4,5,4,38,63.0,1
Male,Loyal Customer,32,Business travel,Business,1504,3,3,3,3,3,3,3,3,3,2,4,4,4,3,3,0.0,0
Male,Loyal Customer,7,Personal Travel,Eco Plus,197,4,4,4,4,4,4,4,4,4,4,5,3,4,4,0,0.0,1
Male,Loyal Customer,42,Personal Travel,Eco,631,3,3,2,2,3,2,3,3,4,3,2,4,3,3,26,26.0,0
Male,Loyal Customer,63,Personal Travel,Business,933,3,1,3,3,4,3,3,2,2,3,2,2,2,3,13,0.0,0
Male,Loyal Customer,47,Business travel,Business,1952,4,3,4,4,4,5,5,3,3,4,3,3,3,3,0,0.0,1
Male,Loyal Customer,33,Business travel,Eco Plus,4243,2,5,5,5,3,2,2,4,5,3,3,2,3,2,16,13.0,0
Female,Loyal Customer,56,Business travel,Business,3171,4,4,4,4,3,5,4,4,4,5,4,5,4,4,1,7.0,1
Female,Loyal Customer,42,Business travel,Business,2240,3,3,3,3,5,5,4,4,4,4,4,5,4,4,62,60.0,1
Female,Loyal Customer,29,Personal Travel,Eco,395,2,4,2,4,3,2,4,3,4,4,5,4,4,3,55,63.0,0
Female,Loyal Customer,42,Business travel,Business,297,0,0,0,3,1,3,1,5,5,5,5,5,5,2,0,0.0,0
Male,Loyal Customer,65,Personal Travel,Eco Plus,337,3,4,3,2,4,3,3,4,3,1,1,2,5,4,0,0.0,0
Male,Loyal Customer,34,Business travel,Business,2035,5,5,5,5,2,3,1,5,5,5,5,5,5,1,6,0.0,1
Male,Loyal Customer,43,Business travel,Business,461,4,4,4,4,5,5,4,4,4,4,4,1,4,5,0,0.0,1
Male,Loyal Customer,36,Business travel,Business,2514,2,4,4,4,4,3,3,2,2,2,2,4,2,1,45,45.0,0
Male,disloyal Customer,25,Business travel,Eco Plus,529,3,4,2,4,2,2,1,2,3,3,4,4,3,2,25,26.0,0
Male,Loyal Customer,43,Business travel,Business,1920,2,2,2,2,4,4,5,4,4,4,4,3,4,4,31,28.0,1
Female,Loyal Customer,53,Business travel,Business,2054,2,2,1,2,2,5,5,5,5,5,5,3,5,4,0,0.0,1
Male,Loyal Customer,44,Business travel,Eco,771,3,2,2,2,3,3,3,3,2,4,3,5,2,3,74,84.0,0
Female,Loyal Customer,46,Business travel,Eco,2640,4,3,3,3,4,4,4,2,4,5,1,4,3,4,0,23.0,1
Male,Loyal Customer,49,Business travel,Business,140,0,4,0,2,5,5,4,2,2,2,2,4,2,3,0,0.0,0
Female,Loyal Customer,60,Personal Travel,Eco,1036,3,5,3,1,2,4,4,4,4,3,4,4,4,5,7,0.0,1
Female,Loyal Customer,56,Personal Travel,Eco,77,2,5,2,2,5,5,4,2,2,2,2,4,2,5,0,0.0,0
Female,Loyal Customer,34,Personal Travel,Eco Plus,602,3,5,2,2,3,2,3,3,4,2,4,5,5,3,11,0.0,0
Female,Loyal Customer,53,Business travel,Business,374,3,1,1,1,2,3,4,3,3,3,3,4,3,3,0,7.0,0
Female,Loyal Customer,12,Personal Travel,Eco,991,3,5,3,4,2,3,2,2,5,5,4,3,5,2,2,4.0,0
Male,Loyal Customer,50,Business travel,Business,2965,4,4,4,4,4,4,4,4,4,4,4,4,4,5,0,0.0,1
Female,Loyal Customer,31,Business travel,Business,1504,5,5,5,5,5,5,5,5,3,5,2,2,5,5,61,57.0,1
Female,Loyal Customer,36,Business travel,Business,2002,3,3,3,3,4,4,5,5,5,5,5,4,5,4,0,0.0,1
Female,Loyal Customer,28,Business travel,Business,602,2,2,2,2,5,5,5,5,4,5,4,5,5,5,7,20.0,1
Female,Loyal Customer,9,Personal Travel,Eco,2583,2,5,2,3,2,4,4,1,1,4,5,4,3,4,9,12.0,0
Male,Loyal Customer,33,Business travel,Business,89,2,3,3,3,2,2,2,2,4,5,4,4,3,2,0,0.0,0
Female,Loyal Customer,59,Business travel,Business,407,2,2,4,2,5,5,5,5,5,5,4,5,5,5,172,168.0,1
Male,Loyal Customer,54,Business travel,Business,3414,0,5,0,1,2,4,4,3,3,3,3,4,3,4,1,0.0,0
Female,Loyal Customer,26,Business travel,Eco,2378,4,5,5,5,4,5,5,4,3,2,5,4,5,4,4,0.0,1
Male,Loyal Customer,51,Business travel,Business,594,3,3,3,3,2,5,4,4,4,4,4,4,4,4,0,0.0,1
Male,Loyal Customer,42,Personal Travel,Eco,1431,1,4,1,5,2,1,5,2,5,2,4,3,5,2,0,0.0,0
Female,Loyal Customer,49,Business travel,Eco,2454,1,4,5,4,5,4,4,1,1,1,1,1,1,3,0,0.0,0
Female,Loyal Customer,46,Business travel,Business,3109,2,2,2,2,5,2,3,2,2,2,2,2,2,4,0,0.0,0
Female,Loyal Customer,22,Personal Travel,Eco,2994,4,1,4,2,4,4,4,3,1,1,1,4,1,4,0,0.0,0
Male,disloyal Customer,27,Business travel,Eco,1211,2,2,2,3,2,2,2,2,1,1,3,4,3,2,0,6.0,0
Male,Loyal Customer,33,Business travel,Business,2594,0,0,0,5,5,5,5,5,4,3,5,4,4,5,18,1.0,1
Male,Loyal Customer,22,Personal Travel,Eco,420,3,4,3,1,3,3,3,3,5,2,2,2,3,3,0,0.0,0
Male,Loyal Customer,45,Business travel,Business,413,3,3,3,3,2,5,5,4,4,4,4,5,4,4,0,0.0,1
Male,Loyal Customer,35,Business travel,Business,1754,3,3,3,3,5,4,4,3,3,3,3,5,3,4,0,0.0,1
Female,Loyal Customer,23,Personal Travel,Eco,641,4,5,4,2,2,4,2,2,3,3,4,4,4,2,0,1.0,0
Male,disloyal Customer,25,Business travel,Business,606,2,0,1,4,5,1,5,5,4,3,4,4,5,5,0,0.0,1
Male,Loyal Customer,10,Personal Travel,Eco,728,3,3,3,1,3,3,3,3,3,2,1,1,3,3,0,0.0,0
Female,Loyal Customer,63,Personal Travel,Eco,846,1,5,1,3,3,4,4,2,2,1,2,3,2,4,24,30.0,0
Male,Loyal Customer,49,Personal Travel,Eco,616,2,4,2,1,5,2,4,5,5,3,5,5,4,5,46,39.0,1
Male,Loyal Customer,40,Personal Travel,Eco,370,3,2,3,1,4,3,4,4,4,1,1,1,2,4,0,0.0,0
Male,Loyal Customer,54,Business travel,Business,1629,4,4,4,4,3,5,4,5,5,5,5,3,5,5,7,4.0,1
Male,Loyal Customer,30,Business travel,Business,1660,4,4,4,4,3,3,3,3,5,2,5,4,5,3,1,13.0,1
Female,Loyal Customer,29,Business travel,Business,2425,2,2,2,2,2,2,2,3,4,4,5,2,5,2,25,25.0,0
Male,Loyal Customer,54,Business travel,Eco,134,5,3,3,3,5,5,5,5,5,1,3,1,5,5,0,0.0,1
Female,Loyal Customer,14,Personal Travel,Business,1460,5,5,5,1,4,5,4,4,5,2,5,4,5,4,0,19.0,1
Female,Loyal Customer,10,Business travel,Eco,1754,1,4,1,1,1,1,3,1,3,1,4,1,3,1,0,7.0,0
Female,Loyal Customer,16,Personal Travel,Eco Plus,432,2,4,5,1,5,5,5,5,4,2,4,3,4,5,1,62.0,1
Male,Loyal Customer,57,Business travel,Eco,109,2,1,1,1,2,2,2,2,2,2,4,5,2,2,7,11.0,0
Male,Loyal Customer,53,Business travel,Business,650,3,3,3,3,5,4,5,4,4,4,4,3,4,4,18,5.0,1
Female,Loyal Customer,32,Business travel,Business,1763,2,2,2,2,4,4,4,4,3,2,5,4,5,4,0,0.0,1
Male,Loyal Customer,13,Personal Travel,Eco,2092,2,0,2,5,2,2,2,5,3,4,4,2,5,2,454,454.0,0
Female,Loyal Customer,43,Business travel,Business,2887,1,1,1,1,4,4,5,3,3,3,3,5,3,3,0,0.0,1
Male,Loyal Customer,34,Personal Travel,Eco,188,0,4,0,2,4,0,4,4,1,3,5,3,3,4,0,0.0,0
Female,Loyal Customer,21,Personal Travel,Eco,2125,1,3,2,3,1,2,4,1,4,3,4,1,4,1,0,0.0,0
Female,Loyal Customer,49,Personal Travel,Eco,236,2,5,2,3,2,4,5,1,1,2,1,3,1,4,0,0.0,0
Female,disloyal Customer,28,Business travel,Business,689,2,2,2,2,1,2,1,1,5,3,5,4,4,1,1,0.0,0
Female,disloyal Customer,58,Business travel,Business,294,2,2,2,5,1,2,1,1,4,5,4,3,5,1,0,0.0,0
Female,Loyal Customer,55,Business travel,Eco,936,2,1,1,1,2,4,4,2,2,2,2,3,2,2,0,0.0,0
Female,Loyal Customer,60,Personal Travel,Eco Plus,223,1,3,0,3,4,3,3,3,3,0,3,1,3,4,31,46.0,0
Male,Loyal Customer,64,Personal Travel,Eco,208,2,5,2,5,2,2,2,2,3,4,4,4,3,2,74,91.0,0
Female,Loyal Customer,24,Business travel,Eco Plus,1476,2,5,3,5,2,2,1,2,1,4,1,3,2,2,83,63.0,0
Male,Loyal Customer,39,Business travel,Eco,190,5,4,4,4,5,5,5,4,2,4,4,5,2,5,183,189.0,1
Male,Loyal Customer,50,Business travel,Business,67,4,4,4,4,2,4,5,5,5,5,5,4,5,5,0,0.0,1
Male,Loyal Customer,70,Personal Travel,Eco,867,3,4,3,3,5,3,5,5,5,3,3,4,4,5,0,0.0,1
Female,disloyal Customer,33,Business travel,Business,562,2,2,2,2,5,2,5,5,3,3,5,3,5,5,0,0.0,1
Female,disloyal Customer,29,Business travel,Eco,216,1,1,1,3,4,1,4,4,4,3,3,3,2,4,0,0.0,0
Male,Loyal Customer,65,Personal Travel,Eco,502,3,4,3,3,1,3,1,1,3,5,5,4,4,1,0,0.0,0
Female,disloyal Customer,22,Business travel,Eco,419,3,3,3,3,3,3,3,3,3,2,3,5,5,3,0,6.0,0
Female,Loyal Customer,55,Business travel,Business,1576,3,3,3,3,5,5,4,4,4,4,4,3,4,3,3,0.0,1
Female,Loyal Customer,23,Personal Travel,Eco,1096,4,4,4,3,3,4,3,3,4,5,4,3,3,3,0,0.0,1
Male,Loyal Customer,30,Personal Travel,Eco,1597,0,2,0,4,1,0,1,1,4,1,2,2,3,1,0,0.0,0
Female,Loyal Customer,30,Business travel,Business,3800,3,3,5,3,5,5,5,5,5,4,2,3,3,5,0,0.0,1
Male,disloyal Customer,39,Business travel,Business,2640,1,1,1,1,1,3,3,3,1,5,2,3,4,3,2,0.0,0
Male,Loyal Customer,54,Business travel,Business,2421,3,3,3,3,4,5,5,3,3,4,3,5,3,3,0,0.0,1
Female,Loyal Customer,42,Business travel,Business,2154,2,2,2,2,3,5,5,2,2,2,2,4,2,5,0,10.0,0
Male,Loyal Customer,29,Personal Travel,Eco,332,2,3,2,3,1,2,1,1,3,2,1,3,4,1,0,0.0,0
Female,Loyal Customer,25,Business travel,Eco,731,3,4,4,4,3,2,2,3,4,5,4,3,3,3,110,115.0,0
Female,Loyal Customer,45,Business travel,Business,728,5,5,5,5,4,4,4,2,2,3,2,3,2,5,0,0.0,1
Female,Loyal Customer,12,Personal Travel,Eco,334,4,5,4,3,5,4,5,5,4,3,4,5,5,5,0,0.0,1
Male,Loyal Customer,57,Business travel,Business,570,5,5,5,5,4,5,5,4,4,4,4,3,4,4,0,0.0,1
Female,Loyal Customer,21,Personal Travel,Eco,377,3,5,3,3,4,3,3,4,4,3,5,4,4,4,0,0.0,1
Female,Loyal Customer,27,Personal Travel,Eco,719,2,5,2,4,3,2,2,3,5,4,4,5,5,3,124,105.0,0
Female,Loyal Customer,34,Business travel,Business,2408,3,2,2,2,1,2,1,3,3,3,3,2,3,2,68,54.0,0
Male,Loyal Customer,56,Business travel,Business,1621,4,4,4,4,4,5,5,4,4,5,4,4,4,4,0,0.0,1
Male,Loyal Customer,59,Business travel,Business,3027,4,4,4,4,2,5,4,5,5,5,5,4,5,5,7,0.0,1
Female,Loyal Customer,30,Business travel,Business,368,3,5,3,3,4,4,4,4,5,1,4,1,2,4,2,1.0,1
Male,disloyal Customer,30,Business travel,Eco,463,4,0,3,4,3,3,3,3,4,2,3,4,2,3,6,17.0,0
Female,Loyal Customer,70,Business travel,Business,2747,4,2,2,2,2,3,2,4,4,4,4,1,4,2,19,26.0,0
Male,Loyal Customer,64,Personal Travel,Eco,397,2,4,2,3,3,2,4,3,5,2,4,5,5,3,3,0.0,1
Male,Loyal Customer,29,Business travel,Business,937,4,3,4,4,5,5,5,5,1,4,2,3,2,5,0,41.0,1
Female,Loyal Customer,38,Business travel,Business,2325,2,2,2,2,4,4,4,2,2,2,2,1,2,1,53,37.0,0
Male,Loyal Customer,30,Business travel,Business,2034,4,4,4,4,4,4,4,4,5,4,5,4,4,4,4,6.0,1
Male,Loyal Customer,22,Personal Travel,Eco,1011,2,4,2,3,2,2,5,2,1,5,3,3,4,2,12,17.0,0
Male,Loyal Customer,12,Personal Travel,Eco,1674,2,1,2,1,2,2,2,2,3,2,2,4,1,2,6,21.0,0
Female,Loyal Customer,25,Personal Travel,Eco Plus,509,3,4,3,3,1,3,1,1,1,4,5,4,1,1,0,0.0,0
Female,disloyal Customer,22,Business travel,Eco,296,1,0,1,4,1,2,2,3,4,5,5,2,5,2,116,150.0,0
Male,Loyal Customer,60,Business travel,Business,2342,1,1,1,1,4,4,4,4,4,4,4,4,4,5,1,0.0,1
Male,Loyal Customer,61,Business travel,Business,1524,2,2,2,2,3,5,5,2,2,2,2,5,2,3,0,0.0,0
Female,Loyal Customer,46,Business travel,Business,2368,4,4,4,4,1,1,3,5,5,5,5,1,5,3,0,0.0,1
Male,Loyal Customer,30,Personal Travel,Eco,529,3,5,3,3,4,3,4,4,5,5,5,5,4,4,17,23.0,1
Female,Loyal Customer,50,Personal Travel,Eco,328,3,0,5,2,3,4,4,4,4,5,2,4,4,3,0,0.0,1
Male,Loyal Customer,20,Business travel,Eco,425,0,3,0,3,3,0,3,3,2,3,2,5,5,3,0,0.0,0
Female,Loyal Customer,62,Personal Travel,Eco,986,2,4,2,2,5,4,5,5,5,2,4,3,5,3,0,0.0,1
Male,Loyal Customer,26,Business travel,Business,1497,4,4,2,4,5,5,5,5,3,4,4,5,4,5,52,32.0,1
Female,disloyal Customer,27,Business travel,Business,587,0,0,0,1,3,0,3,3,4,2,5,3,4,3,0,0.0,0
Female,Loyal Customer,40,Business travel,Business,479,3,4,4,4,4,2,2,3,3,3,3,4,3,2,0,0.0,0
Male,Loyal Customer,53,Business travel,Eco,190,4,2,2,2,4,4,4,4,4,5,4,3,4,4,0,4.0,1
Male,disloyal Customer,27,Business travel,Business,266,3,3,3,5,4,3,4,4,3,3,4,4,4,4,0,0.0,1
Female,disloyal Customer,29,Business travel,Business,669,5,5,5,3,4,5,4,4,3,2,4,4,4,4,61,39.0,1
Female,Loyal Customer,23,Business travel,Eco Plus,1182,3,5,5,5,3,3,2,3,1,2,4,3,4,3,0,0.0,0
Male,disloyal Customer,39,Business travel,Eco,325,4,4,4,2,3,4,3,3,3,2,1,5,5,3,6,0.0,0
Male,disloyal Customer,37,Business travel,Business,287,3,3,3,4,4,3,4,4,2,2,3,2,4,4,0,0.0,1
Female,disloyal Customer,42,Business travel,Eco,846,3,3,3,2,4,3,4,4,5,3,1,3,3,4,8,13.0,1
Female,Loyal Customer,31,Personal Travel,Eco Plus,1751,2,1,2,3,2,2,2,2,3,3,4,1,3,2,9,7.0,0
Female,disloyal Customer,28,Business travel,Eco,991,3,3,3,3,2,3,2,2,3,5,3,1,3,2,5,5.0,0
Female,Loyal Customer,41,Personal Travel,Eco,986,2,4,2,2,4,2,4,4,3,5,5,5,5,4,7,4.0,1
Female,Loyal Customer,50,Business travel,Eco Plus,2237,2,5,5,5,2,2,2,2,5,4,4,2,2,2,0,7.0,0
Female,Loyal Customer,40,Business travel,Business,804,5,5,1,5,3,4,5,2,2,2,2,4,2,5,0,0.0,1
Male,Loyal Customer,49,Personal Travel,Eco,327,2,0,2,4,5,2,5,5,4,4,5,3,5,5,0,0.0,1
Female,Loyal Customer,15,Personal Travel,Eco Plus,1013,4,2,4,3,1,4,1,1,1,5,3,2,4,1,11,4.0,0
Male,Loyal Customer,23,Business travel,Business,1258,3,3,3,3,4,4,4,4,5,2,4,3,4,4,0,3.0,1
Female,disloyal Customer,45,Business travel,Eco,342,4,3,4,4,1,4,1,1,2,1,4,1,3,1,0,0.0,0
Female,disloyal Customer,25,Business travel,Business,588,2,4,2,3,1,2,1,1,4,5,5,4,4,1,0,2.0,0
Female,Loyal Customer,14,Personal Travel,Eco Plus,834,3,5,3,4,3,3,3,3,5,5,4,3,5,3,2,4.0,1
Female,disloyal Customer,29,Business travel,Eco,1072,1,1,1,3,5,1,5,5,3,4,3,2,4,5,0,0.0,1
Female,Loyal Customer,27,Personal Travel,Eco,1189,3,4,3,1,5,3,5,5,4,3,4,3,4,5,27,33.0,1
Male,Loyal Customer,28,Business travel,Business,2745,2,2,2,2,5,5,5,5,2,1,4,2,2,5,5,3.0,1
Female,Loyal Customer,23,Business travel,Business,526,5,5,5,5,4,4,4,4,5,2,4,5,4,4,4,6.0,1
Male,Loyal Customer,58,Personal Travel,Eco,222,2,3,2,4,5,2,4,5,1,2,3,2,4,5,16,10.0,1
Female,Loyal Customer,40,Business travel,Business,2721,1,1,4,1,3,4,4,4,4,4,4,4,4,3,3,0.0,1
Male,Loyal Customer,40,Personal Travel,Eco,549,2,2,2,3,1,2,1,1,2,4,1,4,3,1,0,0.0,0
Male,disloyal Customer,25,Business travel,Business,404,5,0,5,1,5,5,5,5,5,5,4,5,4,5,0,3.0,1
Female,disloyal Customer,24,Business travel,Eco,323,5,5,5,2,4,5,4,4,5,4,4,4,5,4,25,21.0,1
Male,Loyal Customer,19,Business travel,Business,2153,2,1,1,1,2,3,2,2,4,2,4,3,4,2,0,0.0,0
Male,Loyal Customer,14,Business travel,Eco,1303,3,2,2,2,3,3,4,3,2,4,3,3,4,3,2,0.0,0
Female,Loyal Customer,19,Personal Travel,Eco,921,4,5,4,3,5,4,5,5,3,2,4,4,4,5,24,9.0,1
Female,disloyal Customer,34,Business travel,Business,912,4,4,4,5,4,4,4,4,3,2,4,5,5,4,0,1.0,1
Male,Loyal Customer,7,Personal Travel,Eco,951,4,4,4,2,5,4,5,5,2,4,4,5,3,5,86,126.0,1
Male,Loyal Customer,48,Business travel,Business,1754,5,5,5,5,4,4,4,5,5,5,5,3,5,5,67,74.0,1
Female,Loyal Customer,20,Personal Travel,Business,1814,3,2,3,4,4,3,4,4,1,2,4,1,4,4,3,0.0,1
Male,Loyal Customer,49,Business travel,Business,3154,3,3,2,3,3,4,5,4,4,4,4,5,4,5,0,0.0,1
Female,Loyal Customer,30,Personal Travel,Eco Plus,239,5,5,5,3,4,5,4,4,4,3,4,3,4,4,2,0.0,1
Female,disloyal Customer,20,Business travel,Business,408,4,4,4,2,2,4,2,2,5,4,4,4,4,2,0,5.0,0
Female,disloyal Customer,36,Business travel,Business,259,4,5,5,3,3,5,3,3,4,3,4,4,5,3,84,69.0,1
Male,Loyal Customer,70,Business travel,Eco Plus,869,5,4,1,4,5,5,5,5,1,4,4,5,2,5,0,0.0,1
Male,Loyal Customer,58,Business travel,Eco Plus,467,5,5,5,5,5,5,5,5,3,3,4,3,5,5,12,4.0,1
Female,Loyal Customer,57,Personal Travel,Eco,308,2,4,2,3,5,5,5,4,4,2,1,4,4,4,0,0.0,1
Male,Loyal Customer,30,Personal Travel,Eco,689,2,1,2,3,4,2,4,4,1,1,3,4,3,4,0,0.0,0
Male,disloyal Customer,24,Business travel,Eco,1096,3,3,3,4,1,3,1,1,2,5,4,2,3,1,0,0.0,0
Male,Loyal Customer,48,Personal Travel,Business,1986,4,4,4,4,5,1,2,2,2,4,2,4,2,2,40,31.0,0
Female,Loyal Customer,17,Personal Travel,Eco,977,3,3,3,3,2,3,2,2,3,3,2,5,2,2,20,17.0,0
Male,Loyal Customer,39,Personal Travel,Eco,190,3,4,3,1,2,3,2,2,5,4,4,3,4,2,0,0.0,0
Male,disloyal Customer,24,Business travel,Eco,329,1,5,1,5,3,1,3,3,5,2,2,5,1,3,15,0.0,0
Female,Loyal Customer,17,Personal Travel,Eco,819,2,4,2,2,3,2,3,3,3,4,1,1,2,3,94,99.0,0
Female,disloyal Customer,22,Business travel,Business,280,2,1,2,3,5,2,5,5,4,2,3,3,3,5,0,0.0,1
Female,Loyal Customer,47,Personal Travel,Eco,228,1,4,1,3,1,4,4,2,2,1,2,2,2,2,0,0.0,0
Female,Loyal Customer,41,Business travel,Business,2413,1,1,1,1,5,5,4,3,3,2,3,4,3,5,0,0.0,1
Male,disloyal Customer,29,Business travel,Eco,1121,3,3,3,3,3,3,3,3,4,4,2,4,2,3,24,20.0,0
Male,disloyal Customer,27,Business travel,Business,1177,4,4,4,3,3,4,3,3,4,5,4,5,4,3,31,44.0,1
Male,Loyal Customer,45,Personal Travel,Eco,802,3,1,3,1,2,3,4,2,3,3,1,1,1,2,110,113.0,0
Female,Loyal Customer,59,Business travel,Eco,563,3,3,3,3,4,3,4,2,2,3,2,2,2,4,97,91.0,0
Male,Loyal Customer,52,Business travel,Business,1363,5,5,5,5,2,5,5,4,4,3,4,5,4,5,1,11.0,1
Female,Loyal Customer,20,Personal Travel,Eco,925,2,1,2,3,3,2,3,3,2,1,3,3,3,3,19,8.0,0
Female,Loyal Customer,44,Personal Travel,Eco Plus,407,2,5,2,5,3,4,5,2,2,2,2,3,2,5,36,26.0,0
Female,Loyal Customer,28,Business travel,Eco Plus,1096,4,5,5,5,4,4,4,4,1,2,4,2,3,4,36,3.0,1
Female,Loyal Customer,23,Personal Travel,Eco,955,2,3,2,3,2,2,2,2,1,3,3,4,4,2,4,0.0,0
Female,Loyal Customer,38,Business travel,Eco Plus,931,3,1,1,1,3,3,3,3,1,3,4,1,4,3,0,0.0,0
Female,disloyal Customer,40,Business travel,Business,700,4,4,4,2,1,4,4,1,5,5,5,4,4,1,0,0.0,0
Female,Loyal Customer,50,Business travel,Business,414,4,4,4,4,5,5,5,4,4,4,4,4,4,4,65,48.0,1
Female,Loyal Customer,15,Personal Travel,Business,794,3,3,3,3,5,3,5,5,1,4,4,3,3,5,40,68.0,1
Male,Loyal Customer,42,Business travel,Eco,1953,2,3,3,3,2,2,2,2,4,4,1,2,3,2,71,79.0,0
Female,Loyal Customer,42,Business travel,Business,2221,3,4,4,4,5,2,3,4,4,4,3,2,4,4,0,0.0,1
Female,Loyal Customer,28,Business travel,Business,820,1,3,3,3,1,1,1,1,4,3,3,1,3,1,8,3.0,0
Male,Loyal Customer,34,Personal Travel,Eco,1050,3,5,3,3,1,3,1,1,5,3,5,4,5,1,0,0.0,0
Female,Loyal Customer,58,Business travel,Business,3788,3,4,3,3,3,5,4,3,3,3,3,3,3,3,11,10.0,1
Male,disloyal Customer,22,Business travel,Eco,383,5,4,5,1,1,5,1,1,3,2,5,3,4,1,0,12.0,0
Male,Loyal Customer,44,Business travel,Eco,541,4,2,2,2,5,4,5,5,4,1,1,5,4,5,6,10.0,1
Female,Loyal Customer,67,Business travel,Business,1488,3,3,3,3,5,5,4,2,2,2,2,3,2,4,21,25.0,0
Male,Loyal Customer,52,Business travel,Business,74,5,5,3,5,5,4,5,4,4,4,5,3,4,3,0,0.0,1
Male,disloyal Customer,22,Business travel,Eco,216,2,5,1,2,2,1,2,2,2,4,1,2,3,2,0,0.0,0
Male,Loyal Customer,58,Personal Travel,Eco,1120,3,4,3,4,5,3,5,5,2,5,3,2,4,5,1,0.0,1
Male,disloyal Customer,21,Business travel,Eco,462,1,0,1,2,2,1,2,2,2,3,4,3,2,2,1,0.0,0
Male,disloyal Customer,26,Business travel,Eco,545,2,3,2,4,3,2,3,3,2,3,2,2,4,3,53,44.0,0
Female,Loyal Customer,45,Business travel,Eco,89,4,1,5,1,2,4,4,4,4,4,4,2,4,2,0,0.0,1
Male,Loyal Customer,58,Personal Travel,Eco,200,2,4,2,3,2,2,2,2,3,5,3,2,4,2,0,0.0,0
Male,disloyal Customer,8,Business travel,Eco,1036,3,3,3,1,5,3,5,5,3,4,4,5,4,5,1,0.0,1
Male,Loyal Customer,39,Personal Travel,Eco,581,3,5,3,4,3,3,3,3,5,5,4,5,5,3,8,13.0,1
Male,Loyal Customer,34,Personal Travel,Eco,369,2,4,2,1,5,2,5,5,4,2,5,3,3,5,0,0.0,1
Male,Loyal Customer,10,Personal Travel,Eco,489,2,5,2,3,1,2,1,1,5,2,3,1,3,1,0,6.0,0
Female,Loyal Customer,32,Business travel,Business,315,4,4,4,4,4,4,4,4,1,5,3,1,2,4,0,0.0,1
Male,Loyal Customer,50,Business travel,Business,1411,5,5,5,5,5,4,4,5,5,5,5,4,5,4,0,0.0,1
Female,Loyal Customer,33,Business travel,Business,2873,2,3,3,3,2,4,3,2,2,2,2,2,2,1,0,0.0,0
Female,Loyal Customer,53,Business travel,Business,334,1,1,1,1,5,4,5,4,4,4,4,5,4,5,22,39.0,1
Female,Loyal Customer,12,Personal Travel,Eco,937,2,1,2,3,2,2,2,2,4,4,4,1,3,2,30,46.0,0
Female,disloyal Customer,30,Business travel,Business,1514,4,4,4,4,2,4,5,2,3,4,5,3,5,2,0,0.0,1
Female,Loyal Customer,33,Business travel,Eco,188,5,1,4,1,5,5,5,5,2,5,1,2,3,5,0,12.0,1
Female,Loyal Customer,46,Business travel,Eco Plus,194,5,1,1,1,1,2,4,5,5,5,5,5,5,3,22,26.0,1
Male,Loyal Customer,48,Business travel,Eco Plus,842,3,3,3,3,3,3,3,3,3,3,1,1,4,3,0,0.0,0
Male,Loyal Customer,57,Business travel,Business,190,0,5,0,4,4,5,4,5,5,5,5,3,5,5,0,0.0,1
Male,Loyal Customer,46,Personal Travel,Business,447,3,5,3,1,2,4,5,2,2,3,2,4,2,4,13,10.0,0
Female,Loyal Customer,79,Business travel,Eco,162,5,4,4,4,1,3,4,5,5,5,5,4,5,1,0,0.0,1
Male,Loyal Customer,22,Personal Travel,Eco,134,3,2,3,4,4,3,4,4,4,1,3,3,3,4,0,0.0,1
Male,disloyal Customer,34,Business travel,Business,312,2,2,2,3,2,2,2,2,5,3,4,4,4,2,0,0.0,0
Male,Loyal Customer,51,Business travel,Business,2773,3,3,5,3,4,4,5,5,5,5,5,5,5,4,0,0.0,1
Female,Loyal Customer,28,Personal Travel,Eco,993,1,4,0,5,1,0,1,1,4,5,5,5,4,1,0,5.0,0
Male,Loyal Customer,31,Business travel,Business,3272,3,3,3,3,5,5,5,5,3,4,4,5,5,5,0,0.0,1
Female,Loyal Customer,8,Personal Travel,Eco,2442,1,5,1,2,1,3,3,4,4,5,4,3,3,3,75,62.0,0
Female,Loyal Customer,32,Personal Travel,Eco,255,1,1,1,3,3,1,5,3,3,1,3,1,4,3,7,0.0,0
Female,Loyal Customer,21,Business travel,Business,2574,3,5,5,5,3,3,3,3,4,5,3,3,3,3,13,0.0,1
Male,Loyal Customer,35,Business travel,Business,363,4,4,4,4,5,3,1,2,2,2,2,3,2,5,6,0.0,0
Female,disloyal Customer,32,Business travel,Eco,983,3,3,3,3,4,3,5,4,3,3,3,2,3,4,0,7.0,1
Male,Loyal Customer,40,Business travel,Eco Plus,407,4,2,2,2,4,4,4,4,2,5,3,2,4,4,11,6.0,1
Female,Loyal Customer,22,Personal Travel,Eco,562,3,2,3,4,4,3,4,4,3,1,4,1,3,4,35,26.0,0
Female,Loyal Customer,56,Business travel,Business,2732,1,1,1,1,3,5,2,4,4,4,5,2,4,2,0,0.0,1
Male,Loyal Customer,13,Personal Travel,Eco Plus,2218,3,2,3,3,3,3,3,3,3,2,4,2,3,3,0,0.0,0
Male,Loyal Customer,14,Personal Travel,Eco,2378,2,5,2,2,2,2,2,2,4,4,4,5,4,2,30,40.0,0
Male,Loyal Customer,17,Personal Travel,Eco,1671,4,2,3,4,2,3,2,2,1,3,4,4,3,2,6,0.0,0
Male,Loyal Customer,48,Personal Travel,Eco Plus,447,4,5,2,2,4,2,4,4,2,1,5,4,3,4,13,8.0,1
Male,Loyal Customer,40,Personal Travel,Eco,757,1,5,1,4,4,1,4,4,4,4,5,3,4,4,6,52.0,1
Female,Loyal Customer,31,Business travel,Business,711,3,3,3,3,4,4,4,4,3,2,5,3,4,4,24,25.0,1
Female,Loyal Customer,69,Business travel,Business,3932,0,4,0,3,5,1,3,5,5,5,5,2,5,4,0,0.0,1
Female,Loyal Customer,27,Business travel,Business,3869,1,1,1,1,4,4,4,2,5,2,1,4,1,4,122,177.0,0
Male,disloyal Customer,20,Business travel,Eco,408,3,0,3,4,3,3,3,3,5,2,5,4,4,3,0,0.0,0
Male,disloyal Customer,26,Business travel,Business,794,3,4,4,3,5,4,3,5,2,2,3,3,3,5,14,71.0,1
Female,Loyal Customer,28,Business travel,Business,2253,5,5,5,5,5,5,5,5,3,5,4,4,4,5,4,0.0,1
Male,Loyal Customer,40,Business travel,Business,2585,4,4,4,4,1,1,5,3,3,3,3,4,3,1,0,0.0,0
Female,disloyal Customer,22,Business travel,Eco,972,3,3,3,1,3,3,3,3,1,2,2,3,1,3,0,4.0,0
Female,Loyal Customer,53,Business travel,Business,370,2,2,2,2,5,4,5,5,5,5,5,4,5,4,19,13.0,1
Female,Loyal Customer,40,Business travel,Business,1809,5,5,5,5,5,5,4,4,4,4,4,5,4,3,0,0.0,1
Male,Loyal Customer,32,Personal Travel,Eco,488,2,1,2,1,4,2,4,4,1,4,2,2,1,4,1,0.0,0
Female,Loyal Customer,24,Personal Travel,Eco,236,1,5,1,4,1,1,3,1,5,4,4,3,4,1,28,20.0,0
Male,disloyal Customer,42,Business travel,Business,236,3,3,3,4,4,3,5,4,4,3,4,4,5,4,0,0.0,1
Male,Loyal Customer,30,Personal Travel,Eco,967,4,5,4,2,5,4,5,5,4,4,4,4,4,5,58,56.0,1
Male,Loyal Customer,48,Business travel,Business,1747,3,3,3,3,2,3,5,4,4,5,4,4,4,5,0,1.0,1
Female,disloyal Customer,16,Business travel,Eco,604,4,3,3,4,2,3,2,2,1,1,3,4,3,2,0,0.0,0
Female,disloyal Customer,39,Business travel,Business,201,2,2,2,3,1,2,1,1,4,4,3,1,3,1,2,0.0,0
Female,Loyal Customer,45,Personal Travel,Eco Plus,156,3,5,3,3,3,5,5,3,5,5,5,5,5,5,160,155.0,1
Male,Loyal Customer,30,Business travel,Business,436,5,2,2,2,5,4,5,5,4,1,3,3,3,5,0,11.0,1
Male,Loyal Customer,34,Business travel,Eco Plus,406,2,1,1,1,2,2,2,2,4,3,4,4,4,2,34,26.0,0
Male,Loyal Customer,43,Business travel,Business,134,1,5,5,5,2,4,4,2,2,2,1,1,2,3,9,14.0,0
Male,Loyal Customer,60,Business travel,Business,1745,4,4,4,4,5,5,5,5,5,5,5,4,5,3,0,0.0,1
Female,Loyal Customer,49,Personal Travel,Eco,814,2,0,2,1,5,4,4,2,2,2,2,4,2,5,0,0.0,0
Female,Loyal Customer,23,Personal Travel,Eco Plus,546,1,5,1,3,2,1,2,2,4,1,1,1,2,2,0,0.0,0
Male,disloyal Customer,23,Business travel,Business,223,1,3,1,4,5,1,5,5,4,4,4,1,4,5,22,19.0,1
Female,Loyal Customer,31,Business travel,Business,2585,5,5,4,5,4,4,4,4,3,4,5,5,4,4,0,0.0,1
Male,disloyal Customer,35,Business travel,Business,937,3,3,3,2,2,3,2,2,5,5,4,4,4,2,0,0.0,0
Male,Loyal Customer,35,Business travel,Eco,1050,2,3,3,3,2,2,2,2,1,3,4,4,4,2,0,11.0,0
Female,Loyal Customer,23,Business travel,Business,2328,2,2,2,2,4,4,4,4,4,3,5,3,5,4,0,0.0,1
Male,Loyal Customer,46,Personal Travel,Eco,370,2,4,2,4,2,2,2,2,4,2,3,4,4,2,4,32.0,0
Female,disloyal Customer,24,Business travel,Eco,341,2,0,2,3,2,2,2,2,5,5,5,3,3,2,0,0.0,0
Male,Loyal Customer,56,Business travel,Business,782,3,2,4,4,1,3,3,3,3,3,3,1,3,4,0,17.0,0
Male,Loyal Customer,33,Business travel,Business,406,2,2,2,2,2,3,2,2,3,2,4,3,5,2,0,0.0,0
Female,Loyal Customer,55,Personal Travel,Eco,1481,0,5,0,3,3,4,5,2,2,0,2,4,2,3,0,0.0,0
Male,Loyal Customer,51,Business travel,Business,480,1,1,1,1,5,4,5,3,3,3,3,5,3,5,0,3.0,1
Male,Loyal Customer,22,Business travel,Business,929,3,3,3,3,4,4,4,4,4,3,4,5,5,4,21,14.0,1
Female,Loyal Customer,55,Personal Travel,Eco,1010,3,3,3,1,3,3,4,2,5,2,5,4,2,4,157,152.0,0
Male,disloyal Customer,25,Business travel,Eco,1211,3,3,3,1,2,3,4,2,4,5,5,5,4,2,0,0.0,0
Male,Loyal Customer,38,Personal Travel,Eco,868,2,2,2,3,3,2,3,3,3,4,4,4,4,3,0,0.0,0
Female,disloyal Customer,20,Business travel,Eco,184,2,2,2,3,3,2,3,3,4,1,3,1,3,3,0,0.0,0
Male,Loyal Customer,48,Business travel,Business,1846,3,3,3,3,5,3,4,5,5,5,5,5,5,5,0,19.0,1
Male,Loyal Customer,57,Business travel,Business,3474,5,5,5,5,5,5,4,4,4,4,4,5,4,4,0,13.0,1
Male,Loyal Customer,22,Business travel,Business,2689,5,5,4,5,2,2,2,2,2,1,4,2,3,2,1,0.0,0
Male,Loyal Customer,53,Business travel,Business,2586,1,1,1,1,3,4,5,5,5,5,5,3,5,5,0,0.0,1
Female,Loyal Customer,16,Personal Travel,Eco,1746,1,3,1,3,3,1,5,3,3,4,1,1,3,3,45,30.0,0
Male,disloyal Customer,32,Business travel,Eco,853,2,2,2,4,2,2,2,2,5,2,3,5,4,2,1,0.0,0
Female,Loyal Customer,68,Personal Travel,Business,641,2,4,2,4,3,4,4,3,3,2,3,3,3,4,24,25.0,0
Female,Loyal Customer,44,Business travel,Business,308,3,3,3,3,4,4,3,4,4,4,4,5,4,1,7,10.0,1
Female,Loyal Customer,31,Business travel,Business,3845,1,1,1,1,5,5,5,5,5,3,5,4,4,5,19,14.0,1
Male,Loyal Customer,44,Business travel,Eco,1014,4,4,4,4,4,4,4,4,1,2,4,4,3,4,0,13.0,1
Male,Loyal Customer,45,Business travel,Business,1855,4,4,4,4,2,3,5,5,5,5,5,5,5,3,0,14.0,1
Male,Loyal Customer,59,Business travel,Business,189,2,2,2,2,4,5,4,5,5,4,4,4,5,5,3,6.0,1
Male,Loyal Customer,68,Personal Travel,Eco,1751,3,5,3,4,5,3,5,5,4,1,1,5,3,5,0,11.0,1
Male,Loyal Customer,45,Business travel,Eco,508,4,1,1,1,4,4,4,4,1,3,1,2,2,4,0,0.0,0
Female,Loyal Customer,33,Personal Travel,Eco,198,1,1,1,3,2,1,2,2,1,3,4,3,4,2,0,1.0,0
Female,Loyal Customer,36,Personal Travel,Eco,1197,1,4,1,4,3,1,3,3,3,3,5,5,4,3,53,48.0,0
Female,Loyal Customer,30,Business travel,Eco Plus,1050,4,2,2,2,4,4,4,4,2,3,5,4,1,4,0,0.0,1
Female,Loyal Customer,48,Business travel,Eco,481,5,1,1,1,2,5,1,5,5,5,5,1,5,5,0,0.0,1
Female,Loyal Customer,19,Personal Travel,Eco,601,2,4,2,2,1,2,1,1,3,2,4,3,4,1,46,39.0,0
Female,Loyal Customer,29,Personal Travel,Eco,187,1,4,1,3,4,1,4,4,3,2,3,2,3,4,0,0.0,0
Male,Loyal Customer,17,Personal Travel,Eco,337,3,3,3,3,4,3,5,4,3,3,4,3,3,4,94,81.0,1
Male,Loyal Customer,72,Business travel,Business,3808,3,2,2,2,5,3,4,3,3,3,3,4,3,3,0,0.0,1
Female,Loyal Customer,47,Business travel,Business,601,3,3,3,3,2,4,5,5,5,5,5,3,5,3,0,0.0,1
Male,Loyal Customer,22,Personal Travel,Eco,331,2,4,2,3,2,2,2,2,3,3,5,5,5,2,0,1.0,0
Female,Loyal Customer,48,Business travel,Business,3305,1,4,1,1,4,4,4,5,5,4,5,5,5,4,52,23.0,1
Male,Loyal Customer,45,Business travel,Business,473,5,5,5,5,5,5,5,4,4,5,4,3,4,3,0,0.0,1
Male,disloyal Customer,29,Business travel,Eco,1208,4,5,5,2,2,5,2,2,5,1,2,2,2,2,0,0.0,0
Male,Loyal Customer,55,Personal Travel,Eco Plus,657,3,3,3,4,1,3,1,1,4,3,4,3,4,1,0,2.0,0
Male,Loyal Customer,23,Business travel,Eco,1041,2,3,3,3,2,2,1,2,3,2,4,3,3,2,0,0.0,0
Female,Loyal Customer,37,Business travel,Eco,569,3,5,3,3,3,3,3,3,2,4,2,3,3,3,72,66.0,0
Male,Loyal Customer,44,Business travel,Business,404,4,4,4,4,3,5,4,4,4,4,4,3,4,5,55,55.0,1
Female,Loyal Customer,53,Personal Travel,Eco,817,4,3,3,2,1,5,4,4,4,3,5,1,4,1,2,0.0,0
Male,Loyal Customer,35,Business travel,Business,1460,3,2,2,2,5,3,4,3,3,3,3,1,3,4,0,0.0,1
Female,Loyal Customer,40,Personal Travel,Eco,356,3,5,3,3,5,3,5,5,4,3,5,5,4,5,0,0.0,1
Female,disloyal Customer,25,Business travel,Eco Plus,1069,3,0,3,5,3,3,3,3,5,3,2,4,4,3,0,0.0,0
Female,Loyal Customer,25,Business travel,Eco Plus,2327,5,5,5,5,5,4,5,2,5,4,5,5,4,5,12,17.0,1
Male,Loyal Customer,13,Personal Travel,Eco,333,3,5,3,3,3,3,3,3,3,2,5,4,4,3,8,21.0,0
Male,Loyal Customer,62,Personal Travel,Eco,528,2,4,2,1,4,2,4,4,3,5,5,4,5,4,3,0.0,1
Female,Loyal Customer,40,Business travel,Business,925,4,4,2,4,4,4,4,5,5,5,5,3,5,3,0,6.0,1
Male,Loyal Customer,64,Business travel,Eco,130,2,4,4,4,1,2,1,1,1,3,1,3,4,1,16,8.0,0
Male,Loyal Customer,22,Personal Travel,Eco,234,2,5,0,1,4,0,4,4,3,4,5,3,5,4,0,0.0,1
Male,Loyal Customer,7,Personal Travel,Eco,1107,2,1,2,3,2,2,2,2,1,1,4,1,4,2,1,0.0,0
Male,Loyal Customer,51,Business travel,Eco Plus,308,3,3,3,3,3,3,3,3,2,1,4,3,4,3,0,0.0,0
Female,Loyal Customer,10,Personal Travel,Eco,102,3,3,3,2,1,3,4,1,1,1,2,3,1,1,0,0.0,0
Male,Loyal Customer,45,Business travel,Business,1927,5,5,4,5,5,5,5,4,4,5,4,5,4,3,0,0.0,1
Female,Loyal Customer,23,Business travel,Business,1558,3,3,3,3,3,3,3,3,1,5,3,1,3,3,6,4.0,0
Female,Loyal Customer,66,Personal Travel,Eco,845,3,2,3,4,4,4,4,5,5,3,5,3,5,4,34,42.0,1
Male,Loyal Customer,37,Personal Travel,Eco Plus,447,2,5,4,3,4,4,2,4,4,5,4,3,4,4,0,0.0,1
Female,disloyal Customer,22,Business travel,Eco,585,5,0,5,3,1,5,1,1,2,4,5,4,5,1,0,0.0,0
Male,Loyal Customer,33,Business travel,Business,2670,1,3,3,3,1,1,1,1,4,2,3,2,3,1,26,18.0,0
Female,Loyal Customer,60,Personal Travel,Eco,1183,1,4,1,3,4,5,5,4,4,1,4,3,4,3,47,49.0,1
Female,disloyal Customer,23,Business travel,Eco,993,3,3,3,1,4,3,4,4,4,4,5,3,5,4,0,0.0,1
Female,Loyal Customer,32,Business travel,Business,2652,3,4,4,4,3,2,3,3,3,3,3,1,4,3,13,9.0,0
Female,Loyal Customer,7,Personal Travel,Eco,337,1,4,1,2,1,1,1,1,5,4,5,1,1,1,0,0.0,0
Male,Loyal Customer,59,Business travel,Business,2615,5,5,5,5,5,4,4,5,5,5,5,4,5,4,3,0.0,1
Male,disloyal Customer,35,Business travel,Business,1824,2,2,2,3,3,2,3,3,4,4,3,4,5,3,3,0.0,0
Female,Loyal Customer,34,Personal Travel,Eco,266,1,0,1,1,5,1,5,5,5,4,5,4,5,5,0,0.0,1
Male,Loyal Customer,57,Personal Travel,Eco,1892,4,1,4,4,5,4,5,5,4,3,2,3,4,5,19,0.0,1
Male,Loyal Customer,51,Business travel,Business,925,3,3,3,3,4,4,4,4,4,5,4,4,5,4,157,182.0,1
Male,Loyal Customer,29,Business travel,Business,2182,3,5,5,5,3,3,3,3,3,5,3,4,3,3,0,0.0,1
Male,Loyal Customer,16,Personal Travel,Eco,369,4,1,4,3,3,4,3,3,2,2,3,3,4,3,0,0.0,0
Female,Loyal Customer,49,Business travel,Business,2920,4,4,4,4,3,5,5,5,5,5,5,4,5,3,0,0.0,1
Male,Loyal Customer,56,Business travel,Business,1555,2,2,2,2,4,5,5,5,5,5,5,5,5,5,4,0.0,1
Female,Loyal Customer,43,Business travel,Business,3818,2,2,2,2,4,5,5,4,4,4,4,4,4,5,2,0.0,1
Female,disloyal Customer,27,Business travel,Business,236,5,5,5,2,5,5,5,5,5,3,5,5,5,5,0,3.0,1
Female,Loyal Customer,7,Personal Travel,Eco,644,1,4,1,4,5,1,5,5,3,2,4,5,4,5,94,104.0,1
Male,Loyal Customer,23,Personal Travel,Business,516,1,5,1,1,1,1,1,1,5,5,2,3,2,1,10,0.0,0
Male,Loyal Customer,60,Business travel,Business,337,3,3,3,3,4,5,5,5,5,4,5,4,5,3,0,0.0,1
Male,Loyal Customer,45,Business travel,Eco,451,1,4,4,4,1,1,1,1,1,3,2,4,2,1,28,24.0,0
Female,Loyal Customer,16,Personal Travel,Eco,1521,3,5,3,4,2,3,2,2,1,1,5,4,5,2,0,0.0,0
Female,Loyal Customer,60,Business travel,Eco Plus,1176,4,5,5,5,2,3,3,4,4,4,4,2,4,4,53,54.0,1
Female,Loyal Customer,58,Business travel,Business,2407,3,3,3,3,2,5,4,4,4,4,4,3,4,4,1,5.0,1
Female,Loyal Customer,50,Personal Travel,Eco Plus,580,4,5,4,3,2,3,5,4,4,4,4,3,4,3,32,8.0,1
Male,Loyal Customer,51,Business travel,Business,631,4,4,4,4,2,5,5,4,4,4,4,4,4,5,71,65.0,1
Female,Loyal Customer,68,Personal Travel,Eco,862,2,4,2,3,4,5,4,2,2,2,2,4,2,4,14,0.0,0
Male,disloyal Customer,34,Business travel,Business,667,4,4,4,4,4,4,4,4,3,4,4,5,4,4,0,22.0,1
Male,disloyal Customer,20,Business travel,Eco,804,3,3,3,3,5,3,5,5,1,1,3,2,3,5,0,20.0,1
Male,Loyal Customer,25,Business travel,Business,1796,4,2,2,2,4,4,4,1,5,3,3,4,2,4,176,164.0,0
Male,Loyal Customer,35,Business travel,Eco Plus,102,5,1,1,1,5,5,5,5,1,1,5,1,5,5,0,0.0,1
Female,Loyal Customer,38,Business travel,Eco,180,5,5,5,5,5,5,5,5,4,1,1,1,1,5,10,0.0,1
Male,disloyal Customer,37,Business travel,Eco,122,4,0,4,1,1,4,1,1,5,4,4,1,3,1,0,0.0,0
Male,disloyal Customer,39,Business travel,Business,910,2,2,2,2,4,2,4,4,4,3,4,5,5,4,7,3.0,1
Female,Loyal Customer,43,Business travel,Business,672,4,5,5,5,3,4,4,4,4,4,4,2,4,4,43,29.0,1
Female,Loyal Customer,69,Personal Travel,Eco,888,1,4,2,1,3,4,5,4,4,2,4,4,4,3,1,23.0,1
Male,Loyal Customer,44,Personal Travel,Eco,238,4,4,4,1,3,4,3,3,3,4,5,3,4,3,13,7.0,1
Male,Loyal Customer,39,Business travel,Eco,337,1,4,4,4,1,1,1,1,2,1,3,1,4,1,9,1.0,0
Female,Loyal Customer,18,Personal Travel,Eco,1259,3,3,3,3,3,3,3,3,4,3,4,2,4,3,28,23.0,0
Male,disloyal Customer,17,Business travel,Eco,402,2,0,2,3,4,2,4,4,4,3,5,5,5,4,0,0.0,1
Male,disloyal Customer,20,Business travel,Business,280,5,0,5,1,2,5,2,2,3,4,5,5,5,2,0,0.0,1
Female,Loyal Customer,35,Business travel,Business,1930,3,3,3,3,4,4,4,4,4,4,4,5,4,3,0,0.0,1
Male,disloyal Customer,39,Business travel,Business,222,1,1,1,1,2,1,2,2,5,2,2,1,2,2,0,0.0,0
Male,Loyal Customer,45,Business travel,Eco Plus,1617,4,1,1,1,4,4,4,4,3,2,3,3,1,4,6,0.0,1
Female,Loyal Customer,35,Business travel,Business,2122,3,3,3,3,3,4,1,4,4,4,4,5,4,2,0,0.0,1
Male,Loyal Customer,59,Personal Travel,Eco Plus,2701,3,5,3,2,1,3,1,1,4,4,5,5,5,1,0,0.0,0
Female,Loyal Customer,59,Business travel,Business,2709,1,4,4,4,1,2,2,1,1,1,1,4,1,1,43,36.0,0
Female,Loyal Customer,35,Business travel,Business,883,3,3,3,3,5,5,5,5,5,5,5,4,5,4,0,0.0,1
Male,Loyal Customer,51,Business travel,Business,404,5,5,5,5,2,5,5,4,4,5,4,3,4,3,0,0.0,1
Male,Loyal Customer,52,Personal Travel,Eco,491,2,1,4,3,3,4,3,3,2,1,4,4,3,3,16,17.0,0
Male,disloyal Customer,21,Business travel,Business,89,4,0,5,1,3,5,3,3,4,4,5,5,4,3,0,0.0,1
Male,Loyal Customer,37,Business travel,Eco,272,4,3,3,3,4,4,4,4,5,5,2,5,4,4,0,0.0,1
Female,disloyal Customer,26,Business travel,Eco,228,1,4,1,3,4,1,4,4,4,3,3,2,4,4,0,0.0,0
Male,disloyal Customer,28,Business travel,Business,641,2,1,1,4,1,1,1,1,4,5,5,3,5,1,0,0.0,0
Female,disloyal Customer,16,Business travel,Eco,235,3,4,3,4,3,3,3,3,3,5,3,3,4,3,0,0.0,0
Female,Loyal Customer,56,Business travel,Business,2218,5,5,5,5,4,3,5,4,4,4,4,3,4,3,0,0.0,1
Male,disloyal Customer,22,Business travel,Business,228,5,3,4,1,3,4,3,3,4,2,5,3,4,3,26,32.0,1
Female,Loyal Customer,69,Personal Travel,Eco,366,1,5,1,3,1,1,1,2,2,1,4,5,2,4,61,49.0,0
Female,disloyal Customer,21,Business travel,Eco,1091,5,5,5,3,2,5,2,2,5,3,4,5,5,2,5,0.0,1
Male,Loyal Customer,27,Personal Travel,Eco,534,2,4,2,1,4,2,4,4,3,5,5,3,5,4,0,0.0,1
Female,Loyal Customer,54,Business travel,Business,3238,3,3,3,3,3,5,5,4,4,4,4,3,4,4,15,6.0,1
Male,Loyal Customer,57,Personal Travel,Eco,224,1,1,1,2,1,1,1,1,2,1,2,3,2,1,0,0.0,0
Female,Loyal Customer,57,Business travel,Business,2172,3,3,3,3,4,4,5,4,4,4,4,4,4,4,12,12.0,1
Male,Loyal Customer,45,Business travel,Business,1440,3,5,5,5,1,3,4,3,3,3,3,4,3,1,0,0.0,0
Male,Loyal Customer,43,Business travel,Business,3528,3,4,4,4,2,3,3,3,5,3,4,3,2,3,138,129.0,0
Female,Loyal Customer,69,Personal Travel,Eco,1721,4,4,4,1,5,5,4,4,4,4,4,3,4,4,0,7.0,1
Male,Loyal Customer,32,Business travel,Business,109,0,4,0,5,4,4,4,4,3,4,1,1,3,4,0,0.0,0
Female,Loyal Customer,44,Business travel,Business,1846,1,1,1,1,2,5,5,4,4,4,4,5,4,5,4,8.0,1
Female,disloyal Customer,37,Business travel,Business,391,3,3,3,5,3,3,1,3,5,5,4,5,4,3,0,0.0,1
Female,Loyal Customer,25,Personal Travel,Business,458,2,5,2,1,1,2,3,1,2,1,1,2,5,1,0,0.0,0
Female,Loyal Customer,42,Business travel,Business,1431,5,5,4,5,3,4,4,4,4,4,4,5,4,3,17,44.0,1
Female,Loyal Customer,59,Business travel,Business,1896,4,4,4,4,5,5,4,4,4,4,4,4,4,4,0,0.0,1
Male,Loyal Customer,46,Business travel,Business,2516,1,1,1,1,2,1,4,5,5,5,5,1,5,3,0,21.0,1
Female,disloyal Customer,41,Business travel,Eco,594,2,3,2,3,3,2,3,3,2,5,4,2,3,3,0,0.0,0
Male,Loyal Customer,22,Personal Travel,Eco Plus,1471,4,5,4,3,5,4,5,5,3,5,4,4,4,5,0,12.0,1
Male,Loyal Customer,36,Business travel,Business,184,3,3,3,3,2,2,2,4,4,4,4,1,4,5,0,0.0,1
Female,Loyal Customer,19,Business travel,Eco Plus,2378,5,4,4,4,5,5,4,5,4,1,4,2,1,5,0,0.0,1
Male,Loyal Customer,52,Business travel,Business,1564,1,1,1,1,5,5,5,3,3,3,3,3,3,5,0,0.0,1
Male,Loyal Customer,35,Personal Travel,Eco,264,2,3,2,1,5,2,5,5,1,5,2,3,5,5,27,27.0,1
Male,Loyal Customer,26,Business travel,Business,1846,5,5,2,5,5,5,5,5,4,4,5,4,5,5,0,0.0,1
Female,disloyal Customer,24,Business travel,Eco,402,4,4,3,4,2,3,2,2,4,1,3,1,3,2,0,0.0,0
Male,Loyal Customer,45,Personal Travel,Eco,356,3,3,3,4,3,3,3,3,3,2,4,3,3,3,0,15.0,0
Male,Loyal Customer,29,Business travel,Business,1747,3,3,3,3,3,3,3,3,1,1,2,3,3,3,11,14.0,0
Female,disloyal Customer,22,Business travel,Business,663,4,0,4,3,4,4,4,4,4,2,5,3,4,4,0,0.0,1
Female,Loyal Customer,33,Business travel,Business,2637,4,4,4,4,3,1,2,4,4,5,4,2,4,2,61,68.0,0
Male,Loyal Customer,33,Business travel,Eco Plus,1034,4,2,2,2,4,4,4,4,1,2,3,3,2,4,0,0.0,0
Female,disloyal Customer,34,Business travel,Eco,515,2,3,2,2,3,2,3,3,4,4,2,1,3,3,28,14.0,0
Male,Loyal Customer,65,Personal Travel,Eco,409,2,4,2,3,4,2,4,4,3,1,2,5,3,4,7,0.0,0
Female,Loyal Customer,72,Business travel,Business,628,4,3,3,3,4,4,3,4,4,4,4,4,4,4,1,2.0,1
Male,disloyal Customer,20,Business travel,Eco,417,1,3,1,3,2,1,2,2,1,3,3,3,3,2,0,0.0,0
Male,Loyal Customer,40,Personal Travel,Eco,1235,2,4,2,4,2,2,2,2,3,3,4,2,3,2,0,0.0,0
Female,Loyal Customer,38,Personal Travel,Eco,1035,3,5,3,4,5,3,5,5,4,2,5,5,4,5,12,0.0,1
Female,disloyal Customer,20,Business travel,Eco,612,3,4,3,3,2,3,1,2,4,4,4,2,3,2,20,16.0,0
Male,Loyal Customer,49,Business travel,Business,259,4,4,4,4,4,4,5,5,5,5,5,5,5,3,0,4.0,1
Male,Loyal Customer,28,Business travel,Eco Plus,604,2,2,2,2,2,2,2,2,1,5,3,2,3,2,42,42.0,0
Male,Loyal Customer,7,Personal Travel,Business,1262,2,5,2,3,1,2,1,1,3,4,3,4,4,1,0,0.0,0
Female,Loyal Customer,21,Personal Travel,Eco,1428,3,4,3,5,5,3,5,5,4,3,4,3,4,5,0,17.0,1
Male,Loyal Customer,48,Personal Travel,Eco,522,5,5,5,1,1,5,1,1,3,4,4,5,5,1,6,0.0,0
Female,disloyal Customer,26,Business travel,Business,590,5,5,5,1,2,5,2,2,5,3,4,5,5,2,0,10.0,1
Female,Loyal Customer,46,Personal Travel,Eco Plus,221,3,0,3,5,3,4,5,2,2,3,2,1,2,5,0,11.0,0
Female,Loyal Customer,20,Personal Travel,Eco,1562,4,2,4,3,3,4,3,3,4,4,3,2,4,3,0,0.0,0
Female,Loyal Customer,45,Personal Travel,Eco,679,4,1,4,4,3,3,4,3,3,4,5,3,3,3,0,0.0,1
Female,Loyal Customer,45,Personal Travel,Eco,1562,2,4,2,4,2,5,4,2,2,2,2,4,2,3,19,1.0,0
Male,Loyal Customer,21,Personal Travel,Eco,845,2,4,2,3,2,2,1,2,2,1,3,4,3,2,0,3.0,0
Female,Loyal Customer,57,Business travel,Business,630,4,4,4,4,3,5,5,3,3,3,3,3,3,5,0,0.0,1
Male,Loyal Customer,29,Business travel,Business,2889,5,5,5,5,5,5,5,5,5,4,3,5,4,5,3,0.0,1
Male,disloyal Customer,22,Business travel,Eco,909,4,4,4,3,2,4,2,2,1,5,3,2,3,2,52,45.0,0
Female,Loyal Customer,45,Business travel,Business,972,5,5,5,5,2,4,5,4,4,4,4,3,4,3,15,25.0,1
Female,Loyal Customer,12,Business travel,Eco Plus,542,2,4,4,4,2,2,4,2,2,1,3,2,3,2,35,32.0,0
Female,disloyal Customer,27,Business travel,Business,160,2,2,2,1,4,2,5,4,5,2,4,5,5,4,0,0.0,1
Female,disloyal Customer,22,Business travel,Eco,641,3,2,3,4,5,3,5,5,3,1,3,3,4,5,0,0.0,1
Female,Loyal Customer,32,Business travel,Business,2521,5,2,5,5,4,5,5,3,3,4,5,5,5,5,0,0.0,1
Female,Loyal Customer,49,Personal Travel,Business,2556,4,2,3,4,3,1,1,2,3,4,4,1,3,1,0,2.0,0
Female,Loyal Customer,24,Business travel,Business,867,5,5,3,5,4,4,4,4,3,5,5,4,4,4,0,0.0,1
Male,Loyal Customer,40,Business travel,Business,967,5,5,5,5,3,4,4,2,2,2,2,4,2,3,0,0.0,0
Female,Loyal Customer,28,Business travel,Business,719,2,4,4,4,2,2,2,2,1,1,4,2,4,2,0,0.0,0
Male,Loyal Customer,48,Business travel,Business,2627,2,2,2,2,5,4,4,4,4,4,5,4,4,5,64,77.0,1
Male,disloyal Customer,38,Business travel,Eco,471,3,4,3,4,3,3,3,3,4,2,4,4,4,3,6,15.0,0
Female,Loyal Customer,51,Business travel,Business,1416,4,4,4,4,3,5,4,5,5,5,5,3,5,4,0,0.0,1
Female,Loyal Customer,69,Personal Travel,Eco,590,3,1,3,3,1,4,4,1,1,3,1,1,1,1,0,0.0,0
Male,Loyal Customer,46,Business travel,Business,296,3,3,3,3,3,5,4,4,4,4,4,3,4,3,0,0.0,1
Female,Loyal Customer,43,Personal Travel,Eco,1235,2,4,2,4,5,3,4,4,4,2,5,1,4,2,4,1.0,1
Female,disloyal Customer,20,Business travel,Business,237,5,0,5,3,3,5,3,3,5,5,5,4,5,3,0,0.0,1
Female,disloyal Customer,22,Business travel,Eco,121,3,4,3,3,1,3,1,1,3,1,3,2,3,1,0,0.0,0
Male,Loyal Customer,30,Personal Travel,Business,2239,3,4,4,2,4,4,4,4,3,3,4,4,5,4,0,0.0,1
Female,Loyal Customer,66,Business travel,Eco,2125,4,4,4,4,4,2,3,4,4,4,4,1,4,3,1,0.0,1
Male,disloyal Customer,26,Business travel,Eco,751,2,2,2,4,5,2,1,5,3,2,5,1,2,5,0,0.0,0
Male,Loyal Customer,25,Business travel,Eco,439,4,3,3,3,4,4,4,3,3,4,4,4,1,4,164,201.0,1
Female,Loyal Customer,50,Business travel,Business,3359,0,4,0,3,2,4,5,4,4,4,4,3,4,4,5,1.0,1
Female,disloyal Customer,24,Business travel,Eco,337,3,5,3,5,1,3,1,1,3,5,4,4,5,1,79,88.0,0
Female,Loyal Customer,26,Personal Travel,Eco,101,2,3,2,3,4,2,4,4,3,5,3,1,4,4,4,10.0,1
Male,Loyal Customer,22,Business travel,Business,2928,2,4,2,2,4,4,4,4,4,4,1,4,2,4,133,133.0,1
Female,Loyal Customer,62,Business travel,Business,3408,2,1,1,1,4,2,3,2,2,2,2,4,2,2,35,30.0,0
Female,disloyal Customer,26,Business travel,Eco,804,2,2,2,3,4,2,3,4,1,4,4,1,4,4,7,0.0,0
Female,Loyal Customer,58,Business travel,Eco,1721,3,5,3,5,3,3,4,3,3,3,3,4,3,1,46,35.0,0
Female,Loyal Customer,43,Business travel,Business,395,4,4,3,4,3,5,4,5,5,5,5,3,5,3,45,24.0,1
Male,Loyal Customer,55,Business travel,Business,569,3,3,3,3,5,4,4,5,5,5,5,5,5,4,6,0.0,1
Male,Loyal Customer,33,Business travel,Business,1672,3,3,1,3,4,4,4,4,5,3,5,5,4,4,0,3.0,1
Female,Loyal Customer,49,Personal Travel,Eco,647,3,5,3,1,5,5,2,5,5,3,5,1,5,4,13,19.0,1
Male,disloyal Customer,9,Business travel,Eco,1449,2,2,2,3,2,2,2,2,1,2,1,3,3,2,0,0.0,0
Female,Loyal Customer,24,Personal Travel,Eco Plus,862,3,1,3,2,3,3,3,3,2,1,1,3,1,3,29,18.0,0
Male,disloyal Customer,23,Business travel,Eco,978,4,4,4,1,1,4,1,1,2,1,2,4,2,1,0,0.0,0
Female,disloyal Customer,18,Business travel,Eco,650,4,0,4,2,4,4,4,4,4,2,4,3,5,4,0,0.0,1
Male,Loyal Customer,36,Personal Travel,Eco,444,2,4,2,3,4,2,4,4,4,2,5,4,4,4,12,7.0,1
Female,Loyal Customer,80,Business travel,Business,3859,5,1,1,1,2,4,4,5,5,4,5,2,5,4,0,0.0,1
Female,Loyal Customer,77,Business travel,Business,1682,1,3,3,3,3,2,3,1,1,1,1,2,1,2,0,0.0,0
Female,Loyal Customer,29,Business travel,Business,1949,3,1,1,1,3,3,3,3,2,5,4,2,3,3,0,0.0,0
Male,Loyal Customer,22,Business travel,Business,566,1,1,1,1,4,4,4,4,5,1,3,1,5,4,0,0.0,1
Female,Loyal Customer,51,Personal Travel,Eco,399,2,2,2,4,3,3,3,2,2,2,2,2,2,2,0,0.0,0
Male,Loyal Customer,35,Business travel,Eco,1024,5,4,4,4,5,5,5,5,4,2,5,5,3,5,39,36.0,1
Male,Loyal Customer,35,Personal Travel,Eco,227,1,5,0,1,5,0,5,5,5,4,4,5,5,5,0,18.0,1
Female,Loyal Customer,24,Business travel,Business,731,2,2,2,2,5,5,5,5,4,5,5,3,4,5,0,0.0,1
Male,Loyal Customer,37,Business travel,Business,190,2,2,2,2,4,4,5,4,4,4,5,4,4,1,3,46.0,1
Female,Loyal Customer,66,Personal Travel,Eco,177,3,2,3,2,4,2,3,5,5,3,5,3,5,1,0,0.0,1
Female,disloyal Customer,43,Business travel,Business,718,2,2,2,3,2,2,2,2,4,5,3,3,3,2,7,0.0,0
Female,Loyal Customer,29,Business travel,Business,3709,3,1,1,1,3,3,3,3,4,1,3,1,3,3,2,9.0,0
Male,Loyal Customer,45,Business travel,Business,147,5,4,5,5,3,5,5,4,4,4,5,4,4,3,126,119.0,1
Male,Loyal Customer,51,Business travel,Business,2300,5,5,5,5,4,5,5,4,4,4,4,3,4,4,20,0.0,1
Male,Loyal Customer,13,Personal Travel,Eco,287,5,2,5,4,2,5,2,2,3,3,4,3,4,2,0,0.0,0
Female,Loyal Customer,23,Business travel,Business,3012,1,4,4,4,1,1,1,1,1,4,2,3,2,1,24,15.0,0
Female,Loyal Customer,66,Business travel,Eco,594,3,1,5,5,4,3,3,3,3,3,3,3,3,1,61,50.0,0
Female,Loyal Customer,71,Business travel,Eco,102,4,5,5,5,5,3,4,4,4,4,4,2,4,1,8,6.0,1
Male,Loyal Customer,57,Business travel,Business,879,5,5,5,5,4,5,5,3,3,3,3,5,3,3,0,0.0,1
Male,Loyal Customer,16,Personal Travel,Eco Plus,307,4,4,4,2,4,3,3,3,5,4,4,3,3,3,131,145.0,1
Female,Loyal Customer,49,Business travel,Eco,328,2,4,4,4,1,3,4,2,2,2,2,4,2,2,0,0.0,0
Male,Loyal Customer,30,Business travel,Business,3179,3,5,5,5,3,3,3,3,1,2,3,1,4,3,0,0.0,0
Male,Loyal Customer,29,Business travel,Business,1608,4,4,4,4,4,4,4,4,3,4,4,3,4,4,11,0.0,1
Male,Loyal Customer,27,Personal Travel,Eco,819,4,2,4,2,3,4,3,3,1,4,3,2,2,3,34,48.0,0
Male,Loyal Customer,45,Business travel,Business,3126,1,1,3,1,5,5,5,5,4,4,4,5,5,5,159,151.0,1
Male,Loyal Customer,24,Business travel,Business,642,3,5,5,5,3,3,3,3,3,3,3,2,3,3,10,0.0,0
Female,Loyal Customer,16,Personal Travel,Eco,957,3,5,3,2,1,3,1,1,4,4,5,4,5,1,0,0.0,0
Female,disloyal Customer,38,Business travel,Business,546,1,1,1,3,4,1,4,4,3,2,3,1,2,4,4,3.0,0
Female,Loyal Customer,45,Business travel,Business,2734,4,4,4,4,3,5,5,5,5,5,4,4,5,3,6,8.0,1
Male,Loyal Customer,49,Business travel,Eco,419,1,1,1,1,1,1,1,1,4,4,2,1,3,1,90,71.0,0
Male,Loyal Customer,43,Business travel,Business,3385,5,5,5,5,4,5,5,4,4,4,4,4,4,3,0,0.0,1
Male,Loyal Customer,8,Personal Travel,Eco Plus,140,2,5,2,3,5,2,5,5,5,5,5,1,3,5,0,0.0,1
Male,Loyal Customer,66,Personal Travel,Eco,1744,1,5,1,3,3,1,3,3,5,4,4,5,4,3,0,0.0,0
Female,Loyal Customer,32,Business travel,Business,1722,2,2,2,2,4,4,4,4,5,5,4,5,5,4,20,6.0,1
Female,Loyal Customer,58,Business travel,Eco,332,5,4,4,4,1,5,2,5,5,5,5,4,5,2,36,25.0,1
Female,Loyal Customer,17,Business travel,Business,95,2,2,4,2,4,4,3,4,2,3,3,1,4,4,0,0.0,0
Female,disloyal Customer,42,Business travel,Eco,259,3,3,3,3,3,3,3,3,4,2,4,2,3,3,68,60.0,0
Male,Loyal Customer,39,Business travel,Business,2436,1,2,2,2,4,4,3,1,1,1,1,4,1,2,0,13.0,0
Female,Loyal Customer,68,Personal Travel,Eco,977,3,5,3,3,4,4,4,3,3,3,3,3,3,3,0,0.0,1
Male,Loyal Customer,15,Personal Travel,Eco,2724,4,4,4,2,4,4,4,4,5,3,4,4,3,4,0,0.0,1
Female,Loyal Customer,28,Business travel,Business,632,1,1,1,1,1,1,1,1,3,3,3,1,3,1,42,41.0,0
Female,Loyal Customer,35,Business travel,Eco,500,4,4,3,3,4,4,4,4,5,4,4,3,2,4,11,0.0,1
Female,Loyal Customer,49,Personal Travel,Eco,2704,3,2,4,2,2,3,3,2,2,4,2,1,2,1,4,0.0,0
Male,Loyal Customer,65,Personal Travel,Eco,1773,2,4,1,3,3,1,3,3,3,4,3,4,2,3,0,12.0,0
Male,Loyal Customer,18,Personal Travel,Eco,1522,2,5,2,3,4,2,4,4,4,3,4,3,5,4,0,0.0,1
Female,Loyal Customer,61,Personal Travel,Eco,235,3,4,3,3,4,5,4,1,1,3,1,3,1,5,0,0.0,0
Female,disloyal Customer,30,Business travel,Eco Plus,991,1,1,1,3,4,1,2,4,4,2,3,3,4,4,13,12.0,0
Male,disloyal Customer,44,Business travel,Eco,109,3,1,3,3,3,3,3,3,3,4,4,4,3,3,0,0.0,0
Male,Loyal Customer,26,Personal Travel,Eco,187,2,5,2,2,1,2,1,1,4,3,4,3,5,1,0,0.0,0
Female,Loyal Customer,41,Personal Travel,Eco,899,1,4,1,5,1,1,1,1,5,5,4,5,5,1,0,0.0,0
Male,Loyal Customer,14,Personal Travel,Eco,125,3,4,0,3,1,0,1,1,2,5,4,2,3,1,0,0.0,0
Male,Loyal Customer,55,Personal Travel,Eco,561,1,4,1,2,3,1,3,3,4,5,5,3,5,3,0,12.0,0
Female,Loyal Customer,50,Business travel,Business,1590,1,5,5,5,1,1,1,4,1,4,3,1,3,1,134,113.0,0
Male,Loyal Customer,10,Business travel,Business,2448,2,3,3,3,3,2,2,1,1,4,3,2,1,2,208,204.0,0
Female,disloyal Customer,30,Business travel,Eco Plus,912,4,4,4,3,4,4,4,4,1,5,4,2,3,4,0,0.0,1
Female,Loyal Customer,23,Business travel,Eco,616,0,5,0,2,4,0,3,4,4,2,2,3,3,4,0,0.0,0
Female,Loyal Customer,26,Business travel,Business,603,2,2,2,2,4,4,4,4,4,5,5,5,4,4,0,0.0,1
Male,Loyal Customer,14,Personal Travel,Eco,584,3,4,3,3,2,3,2,2,3,3,4,5,4,2,0,0.0,0
Male,Loyal Customer,45,Business travel,Business,2164,4,4,4,4,2,5,5,4,4,4,4,5,4,3,0,0.0,1
Male,Loyal Customer,53,Business travel,Business,2634,5,5,1,5,4,4,4,3,3,4,3,4,3,5,0,0.0,1
Male,Loyal Customer,34,Personal Travel,Eco,113,2,5,2,2,3,2,3,3,2,1,3,2,1,3,0,0.0,0
Female,Loyal Customer,48,Personal Travel,Eco,650,1,5,1,1,2,3,5,1,1,1,2,1,1,1,0,0.0,0
Male,Loyal Customer,8,Personal Travel,Eco,993,2,3,2,4,2,2,2,2,4,5,3,3,4,2,0,5.0,0
Male,Loyal Customer,52,Personal Travel,Eco,2611,3,4,2,4,2,5,5,2,2,4,3,5,1,5,0,0.0,1
Male,Loyal Customer,32,Business travel,Business,2522,1,0,0,3,4,0,4,4,1,5,4,3,3,4,8,6.0,0
Female,disloyal Customer,21,Business travel,Eco,1428,3,3,3,3,5,3,5,5,3,1,4,2,4,5,111,99.0,1
Female,Loyal Customer,36,Personal Travel,Eco,746,3,4,3,3,4,3,4,4,3,3,4,4,5,4,0,6.0,1
Male,Loyal Customer,60,Personal Travel,Eco,175,3,5,3,4,2,3,1,2,4,4,2,1,4,2,2,6.0,0
Male,Loyal Customer,63,Business travel,Business,3579,2,1,1,1,5,3,4,1,1,1,2,4,1,2,11,0.0,0
Female,Loyal Customer,58,Personal Travel,Business,371,3,5,5,1,2,3,5,1,1,5,1,3,1,3,0,0.0,0
Male,Loyal Customer,55,Business travel,Eco Plus,495,3,2,5,2,2,3,2,2,4,1,3,1,3,2,0,0.0,0
Male,Loyal Customer,39,Personal Travel,Eco Plus,401,3,5,3,1,1,3,1,1,4,4,5,4,4,1,27,20.0,0
Male,Loyal Customer,34,Business travel,Eco,160,4,3,3,3,4,4,4,4,1,3,4,3,2,4,0,7.0,1
Female,Loyal Customer,41,Business travel,Business,3612,1,1,1,1,4,5,4,3,3,4,3,3,3,5,0,0.0,1
Female,disloyal Customer,20,Business travel,Eco,986,2,2,2,4,3,2,3,3,3,4,4,3,5,3,77,67.0,0
Male,Loyal Customer,55,Business travel,Business,1460,4,4,4,4,4,4,5,4,4,4,4,4,4,4,18,4.0,1
Female,Loyal Customer,21,Personal Travel,Eco,1249,3,5,3,2,5,3,3,5,5,4,4,5,4,5,81,109.0,1
Male,Loyal Customer,62,Business travel,Business,612,2,5,5,5,2,4,3,2,2,2,2,2,2,2,29,22.0,0
Male,Loyal Customer,69,Business travel,Business,2134,1,1,1,1,4,2,3,4,4,4,4,5,4,3,0,0.0,1
Male,Loyal Customer,40,Business travel,Business,2589,5,2,5,5,1,1,1,5,5,5,5,1,5,5,0,0.0,1
Female,Loyal Customer,34,Personal Travel,Eco,920,4,4,4,5,4,4,5,4,3,5,5,5,4,4,9,0.0,1
Male,Loyal Customer,68,Personal Travel,Eco,216,2,4,2,4,4,2,4,4,5,3,4,4,4,4,4,8.0,1
Female,Loyal Customer,44,Business travel,Business,226,0,0,0,3,5,5,4,4,4,4,4,4,4,5,11,19.0,1
Female,Loyal Customer,27,Personal Travel,Eco,349,1,5,4,3,4,4,4,4,3,3,5,3,5,4,26,16.0,1
Female,Loyal Customer,29,Business travel,Business,547,5,5,5,5,5,5,5,5,3,2,5,4,5,5,0,0.0,1
Male,Loyal Customer,12,Personal Travel,Eco,1476,1,4,1,1,4,1,1,4,4,2,4,4,4,4,69,85.0,0
Female,Loyal Customer,57,Personal Travel,Eco Plus,190,1,2,1,4,5,4,3,2,2,1,2,3,2,1,0,0.0,0
Male,Loyal Customer,41,Business travel,Business,157,5,5,5,5,5,5,5,5,5,5,5,4,5,4,0,0.0,1
Female,Loyal Customer,34,Business travel,Business,188,3,3,3,3,2,5,1,5,5,5,4,3,5,3,0,0.0,1
Female,Loyal Customer,31,Business travel,Business,641,3,2,2,2,3,3,3,3,1,5,3,2,4,3,82,114.0,0
Male,disloyal Customer,48,Business travel,Business,305,3,3,3,5,1,3,1,1,4,2,5,5,4,1,0,0.0,0
Female,Loyal Customer,56,Business travel,Eco,1068,3,5,1,1,3,2,3,3,3,3,3,2,3,3,0,0.0,0
Female,Loyal Customer,44,Business travel,Eco,1118,5,2,1,2,5,5,5,5,2,1,2,5,4,5,333,371.0,1
Male,Loyal Customer,35,Personal Travel,Eco,199,3,4,3,4,3,3,3,3,5,3,4,4,5,3,38,42.0,1
Male,Loyal Customer,44,Business travel,Business,3284,1,1,4,1,2,5,3,4,4,4,4,1,4,5,0,0.0,1
Male,Loyal Customer,53,Business travel,Business,3365,5,5,5,5,5,5,5,3,2,5,5,5,5,5,12,14.0,1
Female,disloyal Customer,20,Business travel,Eco,435,3,2,3,3,5,3,5,5,1,3,3,1,4,5,0,0.0,1
Male,disloyal Customer,22,Business travel,Eco,282,5,0,5,5,2,5,2,2,5,2,5,4,5,2,3,11.0,0
Female,disloyal Customer,23,Business travel,Eco,187,1,3,1,4,2,1,2,2,3,4,4,1,4,2,16,14.0,0
Male,Loyal Customer,31,Business travel,Business,3094,3,1,1,1,3,4,3,3,2,3,1,1,5,3,0,0.0,0
Male,disloyal Customer,34,Business travel,Business,3784,3,3,3,3,3,1,1,3,5,3,4,1,4,1,239,226.0,0
Female,Loyal Customer,27,Business travel,Eco,991,4,2,2,2,4,4,4,4,5,3,1,3,2,4,0,0.0,1
Female,disloyal Customer,32,Business travel,Business,271,3,3,3,4,3,3,3,3,4,5,4,5,5,3,0,0.0,1
Male,disloyal Customer,41,Business travel,Eco,739,4,4,4,2,2,4,1,2,1,2,3,1,2,2,15,7.0,0
Male,Loyal Customer,57,Business travel,Business,842,2,2,2,2,3,4,5,4,4,4,4,5,4,3,8,11.0,1
Female,Loyal Customer,31,Business travel,Business,368,5,5,5,5,4,4,4,4,3,4,5,5,5,4,19,13.0,1
Female,disloyal Customer,20,Business travel,Eco,425,2,3,2,3,2,2,2,2,4,4,4,3,4,2,0,0.0,0
Female,Loyal Customer,23,Personal Travel,Eco,666,3,0,3,5,3,3,3,3,5,3,5,3,5,3,0,0.0,1
Female,Loyal Customer,25,Business travel,Business,2089,2,5,5,5,2,2,2,2,3,1,3,1,4,2,12,27.0,0
Male,Loyal Customer,55,Business travel,Business,3142,1,1,4,1,3,2,5,4,4,4,4,4,4,1,0,0.0,1
Male,disloyal Customer,30,Business travel,Business,929,4,4,4,3,3,4,3,3,3,5,5,4,5,3,24,27.0,1
Male,disloyal Customer,21,Business travel,Eco,67,3,0,3,4,4,3,2,4,4,1,5,2,3,4,8,3.0,0
Female,Loyal Customer,38,Personal Travel,Eco,977,4,2,5,4,4,5,4,4,4,3,3,2,4,4,0,0.0,1
Female,Loyal Customer,9,Business travel,Business,2013,2,5,5,5,2,3,2,2,1,2,4,2,4,2,57,57.0,0
Male,Loyal Customer,14,Personal Travel,Eco,163,4,4,4,3,2,4,2,2,1,1,3,4,4,2,0,1.0,0
Female,Loyal Customer,12,Personal Travel,Eco,391,1,4,1,1,4,1,4,4,3,3,4,5,4,4,46,38.0,0
Male,disloyal Customer,21,Business travel,Eco,1444,5,4,4,1,5,1,1,4,4,5,4,1,3,1,1,2.0,0
Female,disloyal Customer,60,Personal Travel,Eco,250,3,3,3,2,2,3,1,2,3,3,3,1,3,2,2,3.0,0
Female,Loyal Customer,63,Personal Travel,Eco,811,1,2,1,3,1,4,3,5,5,1,5,2,5,1,12,1.0,0
Female,Loyal Customer,36,Business travel,Business,2159,1,1,1,1,1,3,3,5,5,5,5,1,5,3,0,1.0,1
Male,Loyal Customer,32,Business travel,Business,3488,2,2,2,2,5,5,5,5,4,3,4,2,5,5,0,0.0,1
Female,disloyal Customer,26,Business travel,Eco,607,2,3,2,3,2,2,2,2,3,5,3,2,2,2,0,0.0,0
Female,disloyal Customer,32,Business travel,Business,401,4,4,4,2,4,4,4,4,3,2,4,4,4,4,12,4.0,1
Male,Loyal Customer,52,Personal Travel,Eco,2165,4,5,3,2,1,3,1,1,3,4,5,4,5,1,0,0.0,0
Male,Loyal Customer,46,Business travel,Business,1829,5,5,5,5,2,5,4,5,5,5,5,4,5,5,50,26.0,1
Male,disloyal Customer,35,Business travel,Business,1067,2,2,2,3,3,2,3,3,5,1,2,4,4,3,7,0.0,0
Male,Loyal Customer,52,Personal Travel,Eco,1325,2,4,2,3,3,2,3,3,3,3,3,5,4,3,0,7.0,0
Female,Loyal Customer,55,Business travel,Business,954,2,3,2,3,1,3,2,2,2,2,2,1,2,2,0,10.0,0
Male,Loyal Customer,51,Business travel,Business,1627,2,2,2,2,2,4,5,4,4,4,4,4,4,3,0,0.0,1
Female,Loyal Customer,35,Business travel,Eco Plus,230,3,5,2,5,3,3,3,3,4,5,3,3,3,3,31,46.0,0
Male,Loyal Customer,11,Personal Travel,Eco Plus,472,2,5,2,5,5,2,4,5,5,5,5,5,4,5,0,0.0,1
Male,disloyal Customer,24,Business travel,Eco,569,4,0,4,3,3,4,3,3,3,2,5,4,4,3,19,9.0,1
Female,Loyal Customer,29,Business travel,Eco Plus,789,4,4,4,4,4,4,4,4,5,1,4,1,5,4,128,117.0,1
Female,Loyal Customer,54,Business travel,Business,632,3,3,3,3,2,3,3,3,2,4,5,3,4,3,125,138.0,0
Male,Loyal Customer,46,Business travel,Business,1250,3,2,2,2,3,4,4,3,3,3,3,1,3,3,8,15.0,0
Male,Loyal Customer,57,Business travel,Business,666,4,4,4,4,2,5,4,4,4,4,4,4,4,5,25,0.0,1
Male,Loyal Customer,46,Personal Travel,Eco,1076,1,5,1,3,5,1,5,5,4,5,4,3,4,5,20,18.0,1
Female,Loyal Customer,49,Personal Travel,Eco,468,3,4,2,2,4,4,4,3,3,2,3,4,3,4,17,24.0,1
Female,Loyal Customer,62,Personal Travel,Eco,551,3,2,3,3,3,3,4,1,1,3,1,3,1,4,6,14.0,0
Female,Loyal Customer,37,Business travel,Eco,481,4,3,3,3,4,4,4,4,1,5,1,4,3,4,0,14.0,1
Male,Loyal Customer,39,Business travel,Business,3220,3,3,3,3,3,4,5,4,4,4,4,5,4,3,11,5.0,1
Male,Loyal Customer,52,Business travel,Business,109,2,2,2,2,1,1,4,4,4,4,4,2,4,2,0,0.0,0
Female,Loyal Customer,31,Business travel,Business,2920,2,2,2,2,5,5,5,5,3,4,3,1,5,5,19,20.0,1
Female,Loyal Customer,30,Personal Travel,Eco,308,0,4,0,3,2,0,2,2,3,4,5,4,4,2,0,0.0,0
Male,Loyal Customer,60,Personal Travel,Eco,746,3,4,3,4,5,3,5,5,1,5,3,1,3,5,0,0.0,1
Male,Loyal Customer,46,Business travel,Business,338,5,5,5,5,3,4,4,4,4,4,4,3,4,5,0,0.0,1
Male,disloyal Customer,24,Business travel,Business,157,0,3,0,1,5,3,5,5,4,2,5,5,4,5,14,44.0,1
Female,disloyal Customer,20,Business travel,Eco,641,1,1,0,3,1,0,1,1,1,4,2,1,3,1,5,0.0,0
Female,Loyal Customer,49,Personal Travel,Eco,989,3,5,3,1,2,5,5,4,4,3,4,3,4,3,0,0.0,1
Female,Loyal Customer,52,Business travel,Business,1889,4,4,4,4,2,4,4,5,5,5,5,5,5,5,7,10.0,1
Female,disloyal Customer,42,Business travel,Eco,811,2,1,1,1,1,1,1,1,3,2,1,2,5,1,3,0.0,0
Female,disloyal Customer,36,Business travel,Eco,650,2,2,3,4,2,3,2,2,2,3,3,1,3,2,70,64.0,0
Male,Loyal Customer,24,Personal Travel,Eco,404,0,1,0,3,5,0,5,5,1,1,4,4,3,5,11,1.0,0
Female,disloyal Customer,24,Business travel,Eco Plus,1037,3,1,3,2,1,3,1,1,3,1,1,3,1,1,0,7.0,0
Male,Loyal Customer,59,Business travel,Business,1009,3,3,3,3,3,5,4,3,3,4,3,5,3,3,0,0.0,1
Male,Loyal Customer,68,Personal Travel,Eco,432,4,4,4,4,4,4,4,4,1,3,2,3,3,4,0,0.0,1
Male,Loyal Customer,58,Personal Travel,Eco,214,1,0,1,5,3,1,3,3,5,4,4,5,5,3,6,4.0,0
Male,Loyal Customer,44,Personal Travel,Eco,859,2,5,2,2,4,2,4,4,3,4,5,5,5,4,3,0.0,1
Male,Loyal Customer,50,Business travel,Eco Plus,687,4,5,5,5,4,4,4,4,2,5,4,3,4,4,0,0.0,1
Male,Loyal Customer,21,Personal Travel,Eco Plus,1012,3,2,3,2,4,3,4,4,1,2,3,3,2,4,12,12.0,0
Male,Loyal Customer,50,Business travel,Business,1747,1,2,2,2,3,3,2,1,1,1,1,3,1,2,40,33.0,0
Female,disloyal Customer,43,Business travel,Eco,609,3,3,3,1,1,3,1,1,1,3,4,4,5,1,0,0.0,0
Female,Loyal Customer,40,Business travel,Eco,387,4,4,2,4,4,4,4,4,1,2,5,4,5,4,8,0.0,1
Female,disloyal Customer,26,Business travel,Eco,533,1,0,2,3,2,2,2,2,5,2,3,3,4,2,0,9.0,0
Female,disloyal Customer,9,Business travel,Eco,590,1,2,2,3,2,2,2,2,2,4,3,2,4,2,11,47.0,0
Male,disloyal Customer,33,Business travel,Business,373,4,4,4,4,5,4,5,5,1,3,3,3,4,5,0,3.0,1
Female,Loyal Customer,60,Business travel,Eco,296,3,3,2,2,3,3,4,3,3,3,3,4,3,4,0,15.0,0
Male,Loyal Customer,39,Business travel,Business,2356,3,5,4,5,4,4,3,3,3,3,3,2,3,1,5,0.0,0
Female,Loyal Customer,52,Business travel,Business,1739,4,4,2,4,5,5,4,5,5,4,5,5,5,3,60,36.0,1
Female,Loyal Customer,60,Personal Travel,Business,589,2,3,1,2,4,3,5,1,1,1,1,2,1,2,0,0.0,0
Female,Loyal Customer,42,Business travel,Business,2055,3,3,3,3,5,5,4,4,4,4,4,5,4,4,0,1.0,1
Female,Loyal Customer,55,Business travel,Business,271,4,4,4,4,3,4,4,5,5,5,5,3,5,5,0,0.0,1
Male,Loyal Customer,56,Business travel,Business,3222,3,3,3,3,5,4,4,4,4,4,4,3,4,4,0,0.0,1
Female,Loyal Customer,52,Business travel,Business,3195,1,1,1,1,5,4,3,4,4,4,4,4,4,2,32,23.0,1
Female,Loyal Customer,52,Business travel,Business,1887,3,3,3,3,5,5,4,4,4,5,4,4,4,3,21,14.0,1
Female,disloyal Customer,28,Business travel,Business,925,3,3,3,2,5,3,5,5,5,3,4,3,4,5,31,6.0,1
Male,Loyal Customer,68,Personal Travel,Eco,524,4,1,4,4,5,4,5,5,3,3,4,3,4,5,14,19.0,1
Male,Loyal Customer,50,Business travel,Eco,102,4,3,3,3,4,4,4,4,5,2,3,2,2,4,0,0.0,1
Female,Loyal Customer,35,Business travel,Business,200,2,2,2,2,3,1,3,4,4,4,5,5,4,3,1,0.0,1
Female,Loyal Customer,31,Business travel,Business,3326,5,5,5,5,5,5,5,5,1,5,1,2,5,5,0,0.0,1
Male,disloyal Customer,23,Business travel,Eco,641,5,1,5,1,4,5,1,4,3,2,4,3,4,4,0,5.0,1
Male,disloyal Customer,39,Business travel,Business,1346,2,3,3,2,1,3,1,1,3,4,5,5,4,1,0,0.0,0
Male,Loyal Customer,24,Personal Travel,Eco,490,4,3,4,2,2,4,1,2,1,5,5,3,3,2,16,14.0,0
Female,disloyal Customer,26,Business travel,Business,228,2,2,2,2,2,1,1,3,4,2,3,1,3,1,157,153.0,0
Male,Loyal Customer,46,Business travel,Business,3667,2,2,2,2,2,5,4,4,4,4,4,5,4,4,0,0.0,1
Male,disloyal Customer,24,Business travel,Eco,834,2,2,2,1,2,3,3,2,2,1,3,3,3,3,131,135.0,0
Female,disloyal Customer,25,Business travel,Business,822,3,5,3,3,3,3,3,3,5,4,5,5,4,3,0,0.0,1
Male,Loyal Customer,25,Business travel,Business,522,2,2,3,2,5,5,5,5,3,4,2,4,2,5,0,0.0,1
Female,Loyal Customer,27,Business travel,Business,3169,2,4,4,4,2,2,2,2,1,5,1,3,2,2,38,29.0,0
Male,Loyal Customer,45,Personal Travel,Eco,1147,1,5,1,3,2,1,2,2,4,3,4,4,4,2,19,0.0,0
Female,Loyal Customer,49,Business travel,Business,2338,2,2,2,2,5,3,4,3,3,3,3,4,3,5,2,0.0,1
Male,Loyal Customer,15,Personal Travel,Eco,844,3,3,2,3,2,2,1,2,1,1,3,4,4,2,0,0.0,0
Female,disloyal Customer,48,Business travel,Business,1258,5,5,5,4,5,5,5,5,4,5,4,5,5,5,24,26.0,1
Female,Loyal Customer,12,Personal Travel,Eco,1605,3,5,3,1,3,3,3,3,5,5,5,5,5,3,17,8.0,1
Male,Loyal Customer,40,Personal Travel,Eco,912,2,4,2,3,2,2,3,2,3,2,4,3,4,2,0,3.0,0
Female,Loyal Customer,63,Business travel,Eco,403,3,3,4,4,2,2,1,3,3,3,3,2,3,1,3,17.0,0
Male,Loyal Customer,44,Business travel,Business,2941,5,5,5,5,5,4,5,5,5,5,5,4,5,3,5,0.0,1
Female,disloyal Customer,23,Business travel,Eco,936,0,0,0,4,4,0,1,4,5,5,5,3,4,4,0,0.0,0
Female,Loyal Customer,25,Business travel,Business,2358,1,1,1,1,4,5,4,4,3,4,3,5,4,4,8,0.0,1
Female,disloyal Customer,14,Business travel,Eco,550,3,1,3,4,5,3,5,5,4,4,4,2,4,5,23,16.0,1
Male,Loyal Customer,29,Personal Travel,Eco Plus,622,4,3,4,4,5,4,5,5,2,4,4,4,3,5,0,0.0,1
Female,Loyal Customer,50,Business travel,Business,2454,3,3,3,3,5,3,5,3,3,3,3,3,3,5,46,24.0,1
Male,Loyal Customer,9,Personal Travel,Eco,541,2,5,2,1,3,2,3,3,5,2,5,4,5,3,0,0.0,0
Female,Loyal Customer,69,Personal Travel,Eco,255,1,3,1,3,2,3,3,1,1,1,1,2,1,3,0,0.0,0
Male,Loyal Customer,43,Business travel,Business,2696,2,5,5,5,4,4,4,2,2,2,2,3,2,3,0,10.0,0
Female,Loyal Customer,57,Business travel,Eco,140,4,3,3,3,5,1,5,4,4,4,4,2,4,4,0,0.0,1
Female,Loyal Customer,30,Business travel,Business,680,3,3,3,3,4,4,4,4,4,2,1,4,3,4,0,1.0,1
Female,Loyal Customer,58,Personal Travel,Eco,937,1,4,1,2,4,5,5,5,5,1,5,3,5,5,31,23.0,1
Female,disloyal Customer,36,Business travel,Eco,326,3,1,3,4,3,3,4,3,4,4,3,4,3,3,13,49.0,0
Female,Loyal Customer,52,Business travel,Business,3858,0,0,0,3,3,5,4,4,4,4,4,3,4,4,24,16.0,1
Female,disloyal Customer,40,Business travel,Business,95,5,5,5,4,2,5,2,2,1,3,2,4,1,2,3,16.0,0
Male,Loyal Customer,44,Business travel,Eco,892,2,2,2,2,1,2,1,1,3,5,4,3,3,1,0,8.0,0
Male,Loyal Customer,9,Personal Travel,Business,1587,4,5,4,2,5,4,5,5,3,3,4,4,5,5,44,41.0,1
Male,disloyal Customer,28,Business travel,Business,395,4,4,4,5,4,4,4,4,5,2,5,4,5,4,0,0.0,1
Male,Loyal Customer,46,Personal Travel,Eco,364,2,4,2,3,3,2,3,3,5,5,4,4,4,3,9,16.0,1
Male,Loyal Customer,53,Business travel,Eco,493,4,4,4,4,3,4,3,3,4,1,3,5,1,3,0,0.0,0
Female,Loyal Customer,34,Personal Travel,Eco,351,2,5,2,3,4,2,5,4,3,2,5,5,5,4,0,0.0,1
Male,Loyal Customer,7,Personal Travel,Eco,763,2,4,2,3,4,2,4,4,2,2,5,3,1,4,0,0.0,0
Female,Loyal Customer,60,Business travel,Business,1464,1,2,1,1,5,5,5,4,4,4,4,3,4,4,0,7.0,1
Female,Loyal Customer,34,Business travel,Business,2553,5,5,5,5,3,5,5,5,5,5,4,4,5,3,0,0.0,1
Female,Loyal Customer,17,Personal Travel,Eco,594,3,4,3,4,5,3,5,5,2,5,4,2,4,5,21,9.0,1
Female,disloyal Customer,17,Business travel,Eco,1015,2,2,2,3,1,2,1,1,1,1,3,3,4,1,48,35.0,0
Female,Loyal Customer,12,Personal Travel,Eco Plus,290,5,5,5,3,5,5,5,5,3,2,5,3,5,5,0,0.0,1
Male,Loyal Customer,50,Business travel,Business,2230,3,3,3,3,2,5,4,5,5,5,5,5,5,4,11,0.0,1
Female,Loyal Customer,57,Business travel,Business,1721,5,5,5,5,3,3,5,4,4,4,4,5,4,5,19,24.0,1
Female,Loyal Customer,44,Personal Travel,Eco,762,3,5,3,2,5,5,5,5,5,3,5,5,5,3,21,25.0,1
Male,Loyal Customer,46,Business travel,Business,1440,5,5,5,5,2,5,4,4,4,4,4,4,4,5,4,0.0,1
Male,Loyal Customer,41,Business travel,Business,2124,1,1,1,1,3,4,4,5,5,5,5,4,5,4,5,4.0,1
Male,disloyal Customer,22,Business travel,Eco,101,1,0,1,2,3,1,2,3,1,2,4,5,5,3,0,0.0,0
Male,Loyal Customer,45,Business travel,Business,1944,3,1,5,1,4,2,3,3,3,4,3,4,3,4,0,0.0,1
Female,Loyal Customer,41,Personal Travel,Eco,719,3,3,3,3,2,3,2,2,3,1,4,2,3,2,0,0.0,0
Female,Loyal Customer,44,Business travel,Business,1310,4,4,4,4,5,4,5,2,2,2,2,5,2,5,0,0.0,1
Male,Loyal Customer,46,Business travel,Business,1733,5,5,5,5,3,4,5,4,4,4,4,3,4,3,0,3.0,1
Female,Loyal Customer,25,Business travel,Business,647,1,1,1,1,1,1,1,1,1,2,4,1,4,1,16,7.0,0
Female,Loyal Customer,11,Personal Travel,Eco Plus,833,2,5,2,1,3,2,2,3,5,5,4,5,4,3,0,0.0,0
Female,Loyal Customer,39,Business travel,Business,1426,1,1,1,1,2,4,4,5,5,5,5,4,5,4,0,0.0,1
Female,Loyal Customer,37,Business travel,Business,2582,4,3,3,3,3,3,3,4,4,4,4,3,4,1,0,0.0,1
Female,Loyal Customer,51,Business travel,Business,1584,1,1,1,1,3,5,5,5,5,5,5,3,5,3,0,6.0,1
Female,Loyal Customer,47,Business travel,Business,1555,5,5,5,5,4,5,4,4,4,4,4,3,4,4,0,29.0,1
Male,disloyal Customer,38,Business travel,Eco,496,3,4,3,1,1,3,1,1,4,3,2,4,2,1,0,12.0,0
Female,Loyal Customer,45,Business travel,Business,3398,5,5,5,5,5,4,5,3,3,3,3,5,3,5,0,0.0,1
Female,Loyal Customer,60,Business travel,Eco Plus,423,2,2,2,2,2,3,3,2,2,2,2,4,2,1,0,16.0,0
Female,Loyal Customer,50,Business travel,Business,1075,1,1,1,1,4,4,4,1,1,1,1,3,1,4,0,0.0,0
Male,Loyal Customer,18,Business travel,Business,1487,4,2,2,2,4,4,4,4,2,3,4,1,3,4,0,27.0,1
Male,Loyal Customer,39,Business travel,Eco,341,2,3,3,3,2,2,2,2,3,3,3,1,4,2,0,0.0,0
Female,disloyal Customer,27,Business travel,Business,328,1,1,1,5,1,1,3,5,5,4,5,3,4,3,171,159.0,0
Female,disloyal Customer,21,Business travel,Eco,327,4,2,4,2,1,4,1,1,4,1,2,4,3,1,0,0.0,0
Female,Loyal Customer,34,Business travel,Business,1892,1,1,1,1,3,3,2,5,5,5,5,2,5,3,14,0.0,1
Male,Loyal Customer,13,Personal Travel,Eco,985,1,4,1,5,4,1,3,4,5,3,5,5,4,4,0,0.0,1
Male,Loyal Customer,54,Business travel,Business,224,5,5,3,5,3,5,5,4,4,4,4,4,4,3,16,14.0,1
Male,Loyal Customer,24,Business travel,Business,1496,4,4,4,4,4,4,4,4,5,2,4,5,5,4,0,0.0,1
Female,Loyal Customer,27,Business travel,Eco,633,4,1,1,1,4,4,4,4,3,1,3,1,2,4,68,58.0,0
Female,Loyal Customer,52,Personal Travel,Eco,305,0,1,0,4,4,3,4,5,5,0,5,3,5,4,0,0.0,1
Female,disloyal Customer,39,Business travel,Business,817,2,2,2,4,1,2,1,1,3,1,3,2,4,1,0,0.0,0
Female,Loyal Customer,64,Personal Travel,Business,495,3,4,3,5,5,4,5,4,4,3,2,5,4,3,8,11.0,1
Female,Loyal Customer,51,Personal Travel,Eco,1463,3,5,4,3,4,3,4,3,3,4,3,5,3,4,10,0.0,1
Male,disloyal Customer,31,Business travel,Eco,994,4,4,4,3,5,4,5,5,1,5,3,1,4,5,36,41.0,1
Female,Loyal Customer,35,Business travel,Business,697,2,2,2,2,4,5,5,3,3,3,3,4,3,3,0,0.0,1
Female,Loyal Customer,51,Business travel,Business,2425,1,1,1,1,2,5,4,5,5,5,5,5,5,4,0,0.0,1
Male,Loyal Customer,23,Personal Travel,Eco,272,1,4,1,3,5,1,5,5,5,4,5,4,4,5,0,0.0,1
Male,Loyal Customer,43,Personal Travel,Eco,280,2,5,2,3,3,2,3,3,5,3,5,3,4,3,0,6.0,0
Male,Loyal Customer,37,Business travel,Eco,853,2,4,4,4,2,2,2,2,4,3,4,4,4,2,0,0.0,0
Female,disloyal Customer,20,Business travel,Eco,985,3,3,3,3,2,3,2,2,4,5,5,4,5,2,0,0.0,0
Female,Loyal Customer,57,Business travel,Business,2714,4,4,4,4,1,2,5,2,2,2,2,4,2,1,0,0.0,0
Female,Loyal Customer,27,Personal Travel,Eco,224,3,4,3,4,1,3,1,1,4,5,5,4,5,1,0,0.0,0
Female,Loyal Customer,46,Personal Travel,Eco,1222,2,1,3,3,4,3,3,5,5,3,4,4,5,4,13,2.0,1
Male,Loyal Customer,18,Business travel,Business,2835,4,4,4,4,4,4,4,4,4,2,4,5,4,4,0,0.0,1
Female,Loyal Customer,16,Personal Travel,Business,177,3,4,3,4,3,1,1,4,4,4,3,1,3,1,169,166.0,0
Male,disloyal Customer,16,Business travel,Business,1892,5,0,5,1,1,5,5,1,4,2,3,4,4,1,6,0.0,0
Female,disloyal Customer,33,Business travel,Business,214,3,3,3,3,4,3,4,4,3,2,4,4,4,4,0,0.0,1
Female,Loyal Customer,53,Business travel,Business,733,4,4,4,4,3,5,4,5,5,5,5,3,5,3,0,0.0,1
Male,Loyal Customer,40,Business travel,Business,785,4,4,4,4,2,5,4,5,5,5,5,5,5,4,0,0.0,1
Female,Loyal Customer,24,Personal Travel,Eco,1189,2,5,2,4,5,2,3,5,3,4,3,5,5,5,0,0.0,1
Female,disloyal Customer,11,Business travel,Eco,895,1,1,1,4,3,1,3,3,4,2,3,2,3,3,102,113.0,0
Female,disloyal Customer,49,Business travel,Eco,776,1,2,2,5,2,2,2,2,1,4,3,5,3,2,0,0.0,0
Male,Loyal Customer,23,Personal Travel,Eco,727,2,3,2,2,2,2,2,2,2,2,1,1,4,2,0,0.0,0
Female,disloyal Customer,22,Business travel,Eco,1055,4,4,4,2,5,4,4,5,5,3,4,5,5,5,0,0.0,1
Female,Loyal Customer,33,Business travel,Business,883,3,4,4,4,3,3,3,4,1,3,2,3,2,3,181,169.0,0
Male,Loyal Customer,47,Business travel,Eco,141,5,3,3,3,5,5,5,3,2,5,5,5,4,5,142,158.0,1
Male,Loyal Customer,52,Business travel,Business,2902,4,4,4,4,5,5,4,4,4,4,4,5,4,3,0,0.0,1
Female,Loyal Customer,36,Personal Travel,Eco,862,2,3,2,3,2,2,3,2,2,2,3,1,2,2,65,49.0,0
Female,Loyal Customer,40,Personal Travel,Eco,1379,1,5,0,3,3,0,3,3,5,5,3,3,5,3,0,14.0,0
Female,Loyal Customer,55,Business travel,Eco Plus,373,1,5,5,5,2,4,4,1,1,1,1,4,1,1,65,63.0,0
Male,Loyal Customer,62,Personal Travel,Eco,2521,4,5,4,3,4,1,1,5,3,5,4,1,4,1,7,30.0,0
Female,Loyal Customer,50,Business travel,Business,2737,4,4,4,4,3,5,5,4,4,4,4,3,4,3,0,0.0,1
Female,Loyal Customer,43,Business travel,Business,2504,4,4,4,4,4,4,5,3,3,4,3,5,3,3,5,0.0,1
Male,Loyal Customer,61,Personal Travel,Eco,948,0,0,0,1,2,0,2,2,4,4,5,4,5,2,1,0.0,0
Female,Loyal Customer,57,Business travel,Business,1697,3,3,3,3,4,4,5,2,2,2,2,3,2,3,0,0.0,0
Female,Loyal Customer,24,Personal Travel,Eco,1972,3,0,3,3,3,3,2,3,5,5,5,3,5,3,40,57.0,1
Female,disloyal Customer,23,Business travel,Eco,184,2,2,2,3,4,2,4,4,3,4,4,2,4,4,0,0.0,1
Female,Loyal Customer,39,Business travel,Eco,251,3,2,2,2,3,3,3,3,4,2,4,3,4,3,15,18.0,0
Male,Loyal Customer,37,Business travel,Business,3640,3,4,4,4,4,4,3,3,3,3,3,2,3,2,4,0.0,0
Female,Loyal Customer,49,Business travel,Business,3996,2,2,2,2,5,4,5,5,5,5,5,5,5,3,46,56.0,1
Male,Loyal Customer,34,Business travel,Business,2848,4,3,4,4,5,4,4,4,4,4,4,4,4,2,0,0.0,1
Female,disloyal Customer,28,Business travel,Eco,1428,1,2,2,1,3,1,3,3,4,1,2,2,1,3,9,14.0,0
Male,Loyal Customer,49,Business travel,Business,1809,3,4,4,4,2,3,3,3,3,3,3,2,3,3,65,43.0,0
Female,Loyal Customer,42,Business travel,Business,2475,3,3,3,3,4,4,5,5,5,5,5,5,5,4,0,0.0,1
Female,Loyal Customer,35,Business travel,Business,2063,2,2,2,2,4,4,4,5,5,4,5,5,5,4,0,0.0,1
Female,Loyal Customer,47,Business travel,Business,3450,2,2,2,2,3,4,4,4,4,4,4,5,4,3,0,0.0,1
Male,disloyal Customer,46,Business travel,Business,1023,3,3,3,4,4,3,4,4,3,2,4,4,5,4,3,0.0,1
Male,Loyal Customer,14,Personal Travel,Eco,446,2,4,2,4,4,2,4,4,4,4,2,5,2,4,0,0.0,1
Female,Loyal Customer,63,Business travel,Eco,628,2,2,4,2,4,4,3,2,2,2,2,3,2,4,0,0.0,0
Male,Loyal Customer,29,Personal Travel,Eco Plus,929,2,2,2,2,1,2,1,1,3,1,3,4,2,1,0,0.0,0
Female,Loyal Customer,47,Business travel,Business,337,0,0,0,3,5,5,4,2,2,2,2,3,2,5,7,6.0,0
Female,Loyal Customer,57,Business travel,Business,1390,2,2,2,2,3,5,4,4,4,4,4,3,4,4,0,0.0,1
Male,disloyal Customer,36,Business travel,Business,226,1,1,1,1,2,1,2,2,3,4,5,5,4,2,0,0.0,0
Female,disloyal Customer,37,Business travel,Eco,438,3,0,3,1,5,3,5,5,2,5,5,1,1,5,0,0.0,1
Female,disloyal Customer,28,Business travel,Business,562,3,3,3,4,5,3,5,5,1,4,3,1,3,5,115,116.0,1
Male,Loyal Customer,74,Business travel,Business,3321,1,5,5,5,4,1,2,1,1,1,1,3,1,1,19,48.0,0
Male,Loyal Customer,33,Business travel,Eco Plus,305,0,0,0,2,3,0,1,3,4,3,2,4,5,3,0,0.0,0
Female,Loyal Customer,32,Business travel,Business,308,3,3,3,3,5,5,5,5,4,2,4,4,5,5,0,0.0,1
Male,Loyal Customer,47,Personal Travel,Eco Plus,237,2,4,2,2,1,2,1,1,5,2,4,4,4,1,0,0.0,0
Male,Loyal Customer,18,Business travel,Business,446,2,5,5,5,2,2,2,2,4,2,3,3,4,2,23,27.0,0
Female,Loyal Customer,44,Business travel,Business,1995,4,4,5,4,5,5,5,4,4,4,4,4,4,3,0,0.0,1
Female,Loyal Customer,11,Business travel,Business,2288,4,4,4,4,3,4,3,3,5,5,5,3,5,3,0,0.0,1
Female,Loyal Customer,49,Business travel,Business,2399,2,2,2,2,2,4,5,4,4,4,4,5,4,5,0,0.0,1
Female,Loyal Customer,44,Business travel,Business,408,3,1,3,3,4,4,5,4,4,4,4,4,4,4,0,3.0,1
Male,Loyal Customer,59,Business travel,Business,2527,1,1,1,1,5,4,5,4,4,4,4,3,4,4,0,0.0,1
Male,disloyal Customer,23,Business travel,Eco,1256,4,4,4,4,4,4,4,4,3,4,4,3,5,4,0,0.0,1
Male,Loyal Customer,33,Business travel,Business,358,2,2,2,2,3,3,3,3,1,5,5,3,5,3,0,1.0,0
Female,Loyal Customer,8,Personal Travel,Eco,784,3,2,2,2,5,2,2,5,3,2,2,1,3,5,0,0.0,0
Female,Loyal Customer,50,Business travel,Business,192,4,3,4,4,3,5,5,5,5,5,5,4,5,3,9,6.0,1
Male,Loyal Customer,40,Personal Travel,Eco,2704,5,1,5,4,3,5,3,3,1,5,3,2,3,3,21,0.0,0
Male,disloyal Customer,25,Business travel,Business,255,4,0,5,1,4,5,4,4,4,4,5,5,5,4,24,17.0,1
Male,Loyal Customer,30,Business travel,Business,280,3,3,3,3,5,5,5,5,4,3,5,3,5,5,0,0.0,1
Male,disloyal Customer,27,Business travel,Business,550,5,5,5,4,5,3,4,3,4,4,4,4,5,4,145,132.0,1
Male,Loyal Customer,23,Business travel,Business,323,3,3,3,3,4,4,4,4,5,4,5,4,5,4,0,5.0,1
Female,Loyal Customer,23,Business travel,Eco,860,3,1,1,1,3,3,3,1,3,3,3,3,1,3,143,123.0,0
Male,Loyal Customer,31,Personal Travel,Eco,987,3,1,2,3,5,2,5,5,3,4,3,2,4,5,0,9.0,1
Male,Loyal Customer,70,Personal Travel,Eco,844,1,4,1,3,2,1,2,2,3,3,4,3,5,2,0,2.0,0
Male,disloyal Customer,26,Business travel,Eco,548,2,0,2,3,4,2,4,4,4,4,3,4,5,4,0,0.0,1
Male,Loyal Customer,56,Business travel,Business,1617,1,1,1,1,4,5,5,5,5,5,5,5,5,5,0,0.0,1
Female,disloyal Customer,22,Business travel,Eco,109,3,1,3,2,3,1,1,3,1,3,3,1,4,1,235,235.0,0
Male,disloyal Customer,47,Business travel,Business,864,4,4,4,2,3,4,3,3,3,2,4,5,4,3,0,0.0,1
Male,Loyal Customer,41,Business travel,Business,441,4,4,3,4,5,5,4,5,5,4,5,3,5,4,0,0.0,1
Female,Loyal Customer,21,Business travel,Business,3732,2,2,2,2,3,4,3,3,4,2,5,4,4,3,0,0.0,1
Male,Loyal Customer,41,Business travel,Eco,759,4,2,2,2,4,4,4,4,2,5,4,1,4,4,0,2.0,1
Female,disloyal Customer,50,Business travel,Business,441,2,2,2,1,2,2,2,2,5,2,4,3,5,2,0,5.0,0
Female,Loyal Customer,54,Business travel,Business,3654,4,5,3,5,4,4,4,4,4,4,4,3,4,1,25,19.0,1
Female,Loyal Customer,70,Personal Travel,Eco,1562,2,5,2,2,3,4,4,1,1,2,1,3,1,5,35,24.0,0
Female,Loyal Customer,72,Business travel,Business,3008,2,4,4,4,5,2,3,2,2,2,2,4,2,2,6,7.0,0
Male,Loyal Customer,28,Business travel,Business,281,1,5,5,5,1,1,1,1,1,4,4,4,3,1,9,13.0,0
Female,Loyal Customer,30,Personal Travel,Eco Plus,2402,2,3,2,3,2,4,4,2,1,3,4,4,3,4,0,0.0,0
Male,Loyal Customer,30,Business travel,Business,3462,4,2,4,4,4,4,4,4,5,4,4,5,4,4,0,0.0,1
Male,disloyal Customer,32,Business travel,Eco,170,2,0,2,2,2,2,2,2,1,2,2,1,5,2,30,15.0,0
Male,Loyal Customer,14,Personal Travel,Eco Plus,529,1,4,1,3,1,1,1,1,3,4,5,4,5,1,12,3.0,0
Male,Loyal Customer,26,Business travel,Eco,1050,3,2,2,2,3,4,3,3,2,4,3,3,1,3,0,0.0,0
Female,Loyal Customer,51,Business travel,Business,3513,5,5,5,5,2,5,4,4,4,4,4,4,4,5,0,0.0,1
Female,disloyal Customer,30,Business travel,Business,846,5,5,5,4,3,5,3,3,3,3,4,5,4,3,0,37.0,1
Male,Loyal Customer,43,Business travel,Eco,1428,5,1,1,1,3,5,3,3,2,5,2,3,5,3,0,0.0,1
Female,Loyal Customer,44,Personal Travel,Eco,680,1,5,1,1,4,5,5,3,3,1,3,4,3,3,6,0.0,0
Male,Loyal Customer,51,Business travel,Business,3232,1,1,1,1,3,4,5,5,5,5,5,5,5,4,13,5.0,1
Female,Loyal Customer,25,Business travel,Business,900,4,4,4,4,5,5,5,5,3,1,3,2,5,5,33,16.0,1
Female,Loyal Customer,43,Business travel,Eco,944,5,2,2,2,3,5,4,4,4,5,4,1,4,2,0,0.0,1
Male,disloyal Customer,45,Business travel,Business,304,2,1,1,4,2,2,2,2,4,4,4,3,4,2,0,0.0,0
Male,disloyal Customer,35,Business travel,Eco,1747,2,2,2,3,5,2,1,5,3,4,3,3,1,5,11,0.0,0
Male,Loyal Customer,28,Business travel,Business,680,5,5,5,5,1,2,1,1,4,1,3,1,4,1,0,0.0,0
Male,Loyal Customer,55,Personal Travel,Eco,529,4,5,4,2,1,4,1,1,5,2,4,3,5,1,0,0.0,0
Female,Loyal Customer,46,Business travel,Business,444,3,1,1,1,4,2,3,3,3,3,3,2,3,1,0,0.0,0
Male,disloyal Customer,39,Business travel,Eco,671,4,4,4,3,1,4,1,1,2,3,4,1,4,1,12,4.0,0
Male,Loyal Customer,45,Business travel,Business,258,0,0,0,5,3,5,4,5,5,5,5,5,5,5,36,35.0,1
Female,Loyal Customer,41,Business travel,Business,854,3,5,5,5,4,4,4,3,3,3,3,3,3,3,0,0.0,1
Female,Loyal Customer,42,Business travel,Eco,634,2,2,2,2,3,3,3,3,3,2,3,1,3,3,0,0.0,0
Male,Loyal Customer,42,Business travel,Business,1454,2,2,2,2,5,5,5,4,4,4,4,5,4,4,0,0.0,1
Male,Loyal Customer,29,Business travel,Business,1691,3,3,3,3,4,5,4,4,4,2,2,3,2,4,0,0.0,1
Male,Loyal Customer,67,Personal Travel,Eco,997,5,4,5,2,2,5,2,2,3,4,5,5,5,2,0,0.0,1
Female,Loyal Customer,37,Personal Travel,Eco,2717,3,4,3,4,3,2,2,3,4,3,4,2,5,2,0,0.0,0
Male,Loyal Customer,49,Personal Travel,Eco,399,4,3,4,4,5,4,5,5,1,2,3,1,4,5,0,1.0,1
Male,Loyal Customer,40,Business travel,Eco,563,4,4,4,4,4,4,4,4,4,4,3,2,4,4,8,0.0,1
Male,Loyal Customer,39,Business travel,Eco,1448,4,3,5,3,4,4,4,4,5,3,1,2,4,4,0,0.0,1
Male,Loyal Customer,43,Business travel,Business,2419,2,2,2,2,4,5,5,2,4,5,3,5,4,5,53,62.0,1
Female,Loyal Customer,35,Personal Travel,Eco Plus,1197,2,3,2,3,3,2,3,3,2,4,1,3,2,3,1,0.0,0
Male,disloyal Customer,21,Business travel,Eco,950,2,3,3,5,3,3,3,3,3,4,5,3,4,3,0,0.0,0
Male,Loyal Customer,46,Business travel,Eco,1107,2,2,2,2,2,2,2,2,4,4,3,1,3,2,12,3.0,0
Female,Loyal Customer,51,Business travel,Eco,1089,2,5,5,5,2,4,3,3,3,2,3,1,3,2,0,0.0,0
Female,Loyal Customer,7,Personal Travel,Eco,646,5,2,5,4,2,5,2,2,4,3,4,2,4,2,0,0.0,0
Male,disloyal Customer,34,Business travel,Eco,409,4,1,4,3,3,4,1,3,3,3,3,4,3,3,0,50.0,0
Male,Loyal Customer,64,Business travel,Business,1491,4,3,3,3,4,4,4,4,4,4,4,4,4,4,133,158.0,1
Female,disloyal Customer,33,Business travel,Eco,134,2,0,1,3,4,1,4,4,2,1,4,4,3,4,0,0.0,0
Female,Loyal Customer,53,Business travel,Business,2122,1,1,1,1,2,4,5,4,4,4,4,4,4,3,0,0.0,1
Male,Loyal Customer,58,Business travel,Business,2352,3,3,3,3,4,5,4,4,4,4,4,5,4,4,22,16.0,1
Female,Loyal Customer,37,Personal Travel,Eco,255,3,1,3,4,3,3,3,3,1,4,4,1,3,3,0,0.0,0
Female,Loyal Customer,48,Business travel,Business,2976,4,4,4,4,2,4,4,5,5,5,5,5,5,5,3,9.0,1
Male,Loyal Customer,52,Business travel,Business,1846,4,4,4,4,5,5,5,3,3,3,3,4,3,4,55,39.0,1
Male,Loyal Customer,40,Business travel,Business,719,5,5,5,5,4,5,4,2,2,2,2,4,2,3,37,36.0,0
Male,Loyal Customer,70,Personal Travel,Eco,944,3,2,3,3,5,3,5,5,4,2,4,1,4,5,16,0.0,1
Male,Loyal Customer,40,Business travel,Business,445,4,4,4,4,1,4,5,4,4,4,4,1,4,2,0,0.0,1
Male,Loyal Customer,15,Personal Travel,Eco,1074,1,4,1,2,3,1,3,3,4,3,4,3,5,3,0,0.0,0
Female,Loyal Customer,36,Personal Travel,Eco,365,1,4,1,4,4,1,3,4,5,3,5,5,4,4,0,0.0,1
Male,Loyal Customer,44,Personal Travel,Eco,86,2,4,2,3,2,2,2,2,3,3,4,5,4,2,0,0.0,0
Female,disloyal Customer,19,Business travel,Eco,594,1,2,2,4,4,2,4,4,1,5,3,2,3,4,0,0.0,0
Female,Loyal Customer,54,Business travel,Business,3830,2,4,2,2,4,4,5,5,5,5,5,4,5,4,2,2.0,1
Male,disloyal Customer,26,Business travel,Eco,965,2,2,2,4,2,2,1,2,4,2,4,1,4,2,39,35.0,0
Male,Loyal Customer,58,Business travel,Business,1554,1,1,1,1,5,5,4,4,4,4,4,4,4,5,20,4.0,1
Male,Loyal Customer,28,Business travel,Business,488,5,4,5,5,5,5,5,5,2,3,5,4,5,5,72,76.0,1
Male,Loyal Customer,20,Business travel,Business,2703,5,5,4,5,3,3,3,3,4,4,5,4,4,3,0,0.0,1
Male,Loyal Customer,17,Business travel,Business,2234,2,5,5,5,2,1,2,2,2,5,3,2,3,2,0,0.0,0
Male,Loyal Customer,65,Business travel,Business,442,1,1,1,1,2,2,2,5,5,5,5,4,5,3,4,0.0,1
Male,Loyal Customer,46,Personal Travel,Eco,591,4,4,4,5,1,4,1,1,1,4,5,5,3,1,5,0.0,0
Female,Loyal Customer,41,Business travel,Business,3857,2,1,1,1,5,4,3,2,2,2,2,3,2,4,0,0.0,0
Female,Loyal Customer,33,Business travel,Business,1379,3,3,3,3,2,5,5,3,3,4,3,4,3,4,0,8.0,1
Male,Loyal Customer,34,Business travel,Business,3418,5,5,5,5,5,5,5,4,2,4,4,5,5,5,320,320.0,1
Female,Loyal Customer,55,Personal Travel,Eco,397,2,2,2,3,5,4,3,1,1,2,1,3,1,2,24,13.0,0
Male,Loyal Customer,49,Business travel,Business,461,3,3,3,3,3,3,3,3,3,4,3,2,3,2,6,13.0,0
Female,disloyal Customer,50,Business travel,Eco,446,2,4,2,3,4,2,4,4,4,3,4,2,3,4,12,9.0,1
Male,Loyal Customer,25,Business travel,Business,1235,1,1,1,1,2,2,2,2,4,3,4,5,4,2,12,1.0,0
Female,disloyal Customer,20,Business travel,Eco,239,4,0,4,4,1,4,3,1,3,3,5,3,4,1,0,0.0,0
Male,Loyal Customer,59,Business travel,Business,2639,2,2,5,2,4,4,5,4,4,4,4,4,4,3,90,80.0,1
Female,Loyal Customer,38,Business travel,Business,216,5,5,5,5,4,4,4,5,5,5,3,2,5,3,0,0.0,1
Male,Loyal Customer,56,Business travel,Business,2028,4,4,1,4,3,5,4,5,5,5,5,3,5,4,18,10.0,1
Male,Loyal Customer,39,Business travel,Eco,345,3,4,1,4,3,3,3,3,3,3,4,2,3,3,29,26.0,0
Male,disloyal Customer,29,Business travel,Business,2611,3,3,3,3,3,3,3,5,2,3,5,3,5,3,11,1.0,1
Female,Loyal Customer,59,Business travel,Business,308,1,1,1,1,4,5,4,5,5,5,5,4,5,3,16,22.0,1
Male,Loyal Customer,35,Business travel,Eco,200,3,1,1,1,3,3,3,3,4,5,5,2,2,3,22,16.0,0
Male,Loyal Customer,33,Business travel,Eco,1034,0,0,0,2,2,0,2,2,4,3,3,1,4,2,21,7.0,0
Female,Loyal Customer,42,Personal Travel,Eco,1250,3,4,3,4,5,3,4,4,4,3,3,4,4,4,0,0.0,1
Female,disloyal Customer,35,Business travel,Eco,314,2,4,3,3,2,3,2,2,4,3,3,3,4,2,0,0.0,0
Female,Loyal Customer,45,Business travel,Eco,788,2,3,3,3,5,2,3,2,2,2,2,4,2,5,7,0.0,0
Male,disloyal Customer,22,Business travel,Business,231,5,0,5,4,5,5,5,5,3,4,4,3,1,5,0,0.0,1
Female,Loyal Customer,28,Personal Travel,Eco Plus,2409,3,4,3,3,2,3,2,2,3,1,4,4,4,2,0,0.0,0
Female,Loyal Customer,56,Business travel,Eco,337,2,3,3,3,5,4,3,2,2,2,2,4,2,3,0,0.0,0
Male,Loyal Customer,46,Business travel,Business,3531,4,4,4,4,5,5,5,5,5,5,5,4,5,5,8,0.0,1
Female,Loyal Customer,33,Personal Travel,Eco Plus,762,3,1,3,3,3,3,2,3,3,5,2,2,2,3,0,0.0,0
Male,Loyal Customer,22,Business travel,Business,1590,4,4,4,4,4,5,4,4,4,4,4,3,4,4,0,0.0,1
Male,Loyal Customer,22,Personal Travel,Eco,1197,4,5,4,5,2,4,2,2,4,2,4,4,4,2,0,0.0,0
Male,Loyal Customer,42,Business travel,Business,3624,2,2,2,2,3,2,1,5,5,5,5,3,5,4,0,0.0,1
Female,disloyal Customer,38,Business travel,Eco,386,1,1,1,4,4,1,4,4,2,2,4,4,4,4,19,12.0,0
Male,Loyal Customer,50,Business travel,Business,1464,5,5,2,5,3,4,4,4,4,4,4,4,4,3,0,5.0,1
Female,Loyal Customer,46,Business travel,Eco,399,2,2,2,2,1,2,3,2,2,2,2,4,2,2,0,0.0,0
Female,disloyal Customer,21,Business travel,Eco Plus,350,3,4,3,2,1,3,1,1,4,3,4,1,1,1,0,0.0,0
Female,disloyal Customer,43,Business travel,Eco,328,3,1,3,4,2,3,2,2,4,1,4,3,3,2,29,35.0,0
Male,Loyal Customer,19,Business travel,Business,3515,2,4,2,2,4,4,4,4,4,3,1,4,1,4,0,0.0,1
Female,Loyal Customer,24,Business travel,Business,2961,2,2,4,2,4,4,4,4,5,3,4,5,1,4,0,7.0,1
Male,disloyal Customer,24,Business travel,Eco,320,3,3,3,1,4,3,3,4,1,2,5,4,4,4,0,0.0,1
Male,Loyal Customer,46,Business travel,Business,308,3,3,3,3,3,5,5,4,4,4,4,4,4,5,4,0.0,1
Female,Loyal Customer,46,Business travel,Business,803,3,1,1,1,1,3,3,3,3,3,3,3,3,1,0,7.0,0
Female,Loyal Customer,59,Personal Travel,Eco,1660,2,5,2,1,2,5,4,3,3,2,3,5,3,5,9,0.0,1
Male,Loyal Customer,19,Personal Travel,Eco,888,1,1,1,3,4,1,4,4,4,4,2,4,3,4,0,0.0,0
Female,disloyal Customer,37,Business travel,Eco,355,1,5,0,2,3,0,3,3,2,5,2,1,1,3,0,0.0,0
Male,Loyal Customer,21,Business travel,Business,3924,3,3,3,3,5,5,5,5,4,4,5,3,5,5,1,0.0,1
Female,Loyal Customer,35,Business travel,Business,1918,5,5,5,5,4,4,5,4,4,4,4,4,4,5,45,62.0,1
Female,Loyal Customer,38,Business travel,Eco,160,5,3,5,3,5,5,5,5,1,3,1,2,2,5,0,0.0,1
Male,Loyal Customer,20,Personal Travel,Eco,666,1,5,1,1,2,1,2,2,3,2,5,2,4,2,0,14.0,0
Male,Loyal Customer,22,Business travel,Eco,222,3,3,3,3,3,3,1,3,1,1,2,1,2,3,0,13.0,0
Female,Loyal Customer,50,Business travel,Business,2296,2,2,2,2,3,4,5,4,4,4,4,3,4,5,0,0.0,1
Female,disloyal Customer,25,Business travel,Business,1011,2,0,2,4,1,2,1,1,5,5,4,5,4,1,34,25.0,0
Male,Loyal Customer,50,Business travel,Business,920,4,4,4,4,5,5,5,4,4,4,4,4,4,4,0,0.0,1
Female,Loyal Customer,31,Personal Travel,Eco,2475,1,2,1,4,2,1,2,2,3,2,3,2,4,2,6,90.0,0
Female,Loyal Customer,32,Business travel,Eco Plus,493,2,2,2,2,2,2,2,2,2,2,3,1,4,2,0,0.0,0
Female,Loyal Customer,20,Business travel,Business,2860,5,3,5,5,2,2,2,2,4,3,4,3,5,2,0,0.0,0
Male,Loyal Customer,62,Business travel,Eco,689,4,5,5,5,4,4,4,2,1,3,4,4,5,4,144,122.0,1
Female,disloyal Customer,45,Business travel,Eco,356,2,3,2,3,3,2,3,3,1,1,4,2,3,3,0,0.0,0
Male,Loyal Customer,35,Personal Travel,Eco,581,2,5,2,5,1,2,1,1,5,2,4,1,2,1,0,0.0,0
Male,Loyal Customer,14,Personal Travel,Eco,235,3,5,0,2,3,0,3,3,4,3,4,3,5,3,3,0.0,0
Female,Loyal Customer,29,Business travel,Business,1717,4,4,3,4,4,3,4,4,1,3,3,4,4,4,7,8.0,1
Male,disloyal Customer,41,Business travel,Business,1214,5,5,5,3,1,5,1,1,4,4,4,5,5,1,0,0.0,0
Female,Loyal Customer,59,Business travel,Business,1020,1,1,1,1,2,5,4,4,4,4,4,3,4,3,0,0.0,1
Female,Loyal Customer,38,Business travel,Business,209,1,1,1,1,5,5,2,4,4,4,5,4,4,3,0,0.0,1
Female,Loyal Customer,52,Business travel,Eco,222,3,2,2,2,5,4,2,3,3,3,3,5,3,2,0,0.0,0
Male,Loyal Customer,44,Business travel,Business,3357,4,4,4,4,3,4,5,4,4,4,4,3,4,4,0,0.0,1
Male,Loyal Customer,59,Business travel,Business,2659,5,5,5,5,4,4,5,5,5,4,5,5,5,5,0,0.0,1
Female,disloyal Customer,27,Business travel,Eco,321,4,3,4,3,5,4,1,5,3,2,4,4,4,5,11,8.0,1
Female,Loyal Customer,77,Business travel,Eco Plus,290,2,5,5,5,3,4,4,2,2,2,2,3,2,3,0,0.0,0
Female,Loyal Customer,20,Personal Travel,Eco,152,0,5,0,1,5,0,3,5,4,3,5,3,5,5,0,0.0,1
Male,Loyal Customer,47,Personal Travel,Eco,363,4,5,4,4,4,4,4,4,5,4,4,5,5,4,6,14.0,1
Female,Loyal Customer,57,Business travel,Business,2924,1,1,1,1,3,5,4,5,5,4,5,4,5,4,0,0.0,1
Male,Loyal Customer,45,Business travel,Business,2930,2,5,5,5,5,4,3,2,2,2,2,1,2,4,12,3.0,0
Male,Loyal Customer,19,Personal Travel,Eco,328,3,0,3,4,1,3,1,1,1,4,4,3,4,1,12,1.0,0
Male,Loyal Customer,62,Personal Travel,Eco,438,2,4,2,1,5,2,5,5,5,2,4,5,5,5,0,14.0,1
Male,Loyal Customer,36,Personal Travel,Eco,908,2,2,2,3,2,2,3,2,1,4,4,2,3,2,0,0.0,0
Female,Loyal Customer,50,Personal Travel,Eco,552,2,4,2,2,4,4,4,3,3,2,3,4,3,5,1,0.0,1
Female,Loyal Customer,28,Business travel,Business,432,2,2,2,2,4,4,4,4,3,3,3,3,1,4,0,9.0,1
Female,Loyal Customer,56,Personal Travel,Eco,397,3,4,5,1,4,5,5,1,1,5,1,3,1,4,0,0.0,0
Female,Loyal Customer,55,Personal Travel,Business,903,3,5,3,4,2,5,5,1,1,3,1,3,1,3,34,4.0,0
Female,Loyal Customer,55,Business travel,Business,3599,5,5,5,5,3,4,5,4,4,5,4,4,4,5,0,0.0,1
Male,disloyal Customer,55,Business travel,Business,270,2,2,2,4,2,2,2,4,2,3,4,2,4,2,328,330.0,0
Female,Loyal Customer,16,Personal Travel,Eco,1587,3,5,3,2,3,3,3,3,4,4,3,4,5,3,0,3.0,1
Female,Loyal Customer,49,Business travel,Eco,1065,2,1,1,1,1,3,3,2,2,2,2,2,2,4,0,0.0,0
Female,disloyal Customer,15,Business travel,Eco Plus,495,3,2,3,3,5,3,5,5,1,5,4,1,3,5,25,20.0,1
Female,Loyal Customer,29,Business travel,Business,481,5,5,5,5,5,4,5,5,3,3,4,4,4,5,27,43.0,1
Female,Loyal Customer,56,Business travel,Business,3853,1,1,1,1,5,4,4,4,4,4,4,4,4,4,0,0.0,1
Female,Loyal Customer,32,Business travel,Eco,1674,5,5,5,5,5,5,5,5,1,1,3,1,1,5,0,0.0,1
Male,Loyal Customer,51,Business travel,Business,3131,4,4,4,4,5,5,5,5,5,5,5,3,5,5,53,66.0,1
Female,Loyal Customer,45,Business travel,Business,3810,1,1,1,1,4,5,4,4,4,4,4,3,4,3,70,111.0,1
Female,Loyal Customer,55,Business travel,Eco,692,4,5,5,5,3,4,4,4,4,4,4,4,4,2,3,11.0,1
Male,Loyal Customer,57,Business travel,Business,946,1,2,2,2,3,4,3,1,1,1,1,2,1,4,0,0.0,0
Female,Loyal Customer,52,Business travel,Eco,2370,4,2,2,2,4,4,4,2,3,2,4,4,2,4,0,0.0,1
Male,disloyal Customer,32,Business travel,Business,309,3,3,3,2,4,3,4,4,5,4,5,3,5,4,0,0.0,1
Female,Loyal Customer,55,Personal Travel,Eco,214,2,4,2,3,4,4,4,1,1,2,1,2,1,2,0,0.0,0
Male,Loyal Customer,20,Business travel,Business,542,4,4,2,4,5,5,5,5,3,3,3,3,1,5,0,0.0,1
Female,disloyal Customer,20,Business travel,Business,190,4,0,4,5,4,4,4,4,4,4,5,3,5,4,1,0.0,1
Male,Loyal Customer,65,Personal Travel,Eco,168,2,5,0,4,5,0,5,5,1,3,5,1,5,5,0,0.0,1
Male,disloyal Customer,24,Business travel,Eco,134,5,3,5,3,5,5,5,5,5,4,4,4,5,5,14,14.0,1
Male,Loyal Customer,12,Personal Travel,Eco,1770,3,4,3,3,1,3,1,1,2,4,1,4,1,1,0,11.0,0
Male,Loyal Customer,20,Personal Travel,Eco,2342,1,2,1,2,3,1,3,3,2,2,2,1,1,3,15,6.0,0
Male,Loyal Customer,62,Business travel,Business,3054,4,4,4,4,2,5,5,5,5,5,5,4,5,3,0,0.0,1
Female,Loyal Customer,52,Business travel,Eco Plus,991,3,2,2,2,4,4,4,3,3,3,3,4,3,1,33,19.0,0
Male,Loyal Customer,53,Business travel,Business,2517,1,1,1,1,5,1,1,4,4,4,4,3,4,5,1,0.0,1
Female,Loyal Customer,57,Personal Travel,Eco,1020,2,5,2,1,1,4,2,1,1,2,1,1,1,2,0,0.0,0
Female,disloyal Customer,23,Business travel,Eco,686,3,3,3,4,4,3,4,4,2,5,4,2,3,4,14,18.0,1
Male,Loyal Customer,56,Personal Travel,Eco,562,3,5,3,2,2,3,2,2,4,2,5,5,4,2,2,0.0,0
Male,disloyal Customer,26,Business travel,Eco,878,2,2,2,4,2,2,2,2,1,4,3,2,1,2,6,14.0,0
Female,Loyal Customer,48,Personal Travel,Eco,867,3,3,3,3,1,3,3,3,3,3,3,1,3,4,0,2.0,0
Male,disloyal Customer,37,Business travel,Business,214,5,5,5,4,5,5,5,5,4,5,4,4,5,5,0,0.0,1
Male,Loyal Customer,44,Business travel,Eco,567,5,4,4,4,5,5,5,5,3,1,2,1,5,5,0,0.0,1
Female,Loyal Customer,53,Business travel,Eco,1222,5,3,3,3,1,2,3,5,5,5,5,1,5,4,11,0.0,1
Female,Loyal Customer,39,Business travel,Eco,147,4,5,4,4,4,4,4,4,5,4,1,5,4,4,0,0.0,1
Male,Loyal Customer,56,Business travel,Business,3817,1,1,1,1,4,2,2,5,5,5,5,3,5,1,0,41.0,1
Male,Loyal Customer,41,Business travel,Business,2211,5,5,5,5,3,5,5,4,4,4,4,5,4,5,0,18.0,1
Female,Loyal Customer,56,Personal Travel,Eco,1055,2,4,2,2,4,3,1,3,3,2,3,3,3,4,1,0.0,0
Female,disloyal Customer,35,Business travel,Business,671,3,3,3,1,5,3,3,5,4,2,4,4,5,5,0,0.0,1
Female,Loyal Customer,59,Business travel,Business,1464,2,1,5,1,1,3,4,2,2,2,2,1,2,2,2,7.0,0
Female,Loyal Customer,26,Business travel,Business,3846,1,1,1,1,4,4,4,4,3,2,5,4,4,4,16,7.0,1
Male,Loyal Customer,66,Personal Travel,Eco,862,3,5,3,1,5,3,5,5,3,4,5,4,5,5,31,16.0,1
Male,Loyal Customer,65,Business travel,Eco,297,3,5,5,5,4,3,4,4,2,4,3,4,4,4,40,26.0,1
Male,Loyal Customer,46,Business travel,Eco,819,4,3,3,3,4,4,4,4,1,3,4,1,3,4,14,4.0,1
Female,disloyal Customer,26,Business travel,Eco Plus,867,3,3,3,4,2,3,2,2,1,3,4,2,3,2,0,0.0,0
Female,Loyal Customer,21,Business travel,Business,3461,3,3,3,3,5,5,5,5,4,4,1,2,4,5,32,30.0,1
Male,Loyal Customer,51,Business travel,Eco,472,2,4,4,4,2,2,2,2,4,5,4,4,3,2,3,23.0,0
Male,Loyal Customer,43,Business travel,Business,3699,5,5,2,5,3,1,5,5,5,5,5,5,5,3,10,21.0,1
Female,Loyal Customer,49,Business travel,Business,925,5,5,5,5,5,5,4,4,4,4,4,3,4,4,28,20.0,1
Male,Loyal Customer,55,Business travel,Eco,391,4,3,3,3,4,4,4,4,1,4,4,2,3,4,0,10.0,1
Female,Loyal Customer,37,Business travel,Business,1688,3,1,1,1,5,3,3,3,3,3,3,4,3,2,3,8.0,0
Female,Loyal Customer,45,Business travel,Eco,397,4,4,4,4,3,3,2,4,4,4,4,2,4,1,1,6.0,0
Female,disloyal Customer,26,Business travel,Eco,301,1,5,1,2,4,1,3,4,2,1,1,1,5,4,4,0.0,0
Male,Loyal Customer,19,Personal Travel,Business,399,2,4,2,2,4,2,1,4,3,4,5,5,4,4,0,0.0,1
Female,Loyal Customer,32,Personal Travel,Eco,337,2,3,2,2,2,2,2,2,2,2,1,3,5,2,11,8.0,0
Male,Loyal Customer,45,Business travel,Business,624,5,5,5,5,5,5,5,3,3,3,3,3,3,5,0,0.0,1
Female,Loyal Customer,38,Personal Travel,Business,761,2,4,2,3,5,5,4,5,5,2,3,5,5,3,0,0.0,1
Female,Loyal Customer,24,Business travel,Business,2442,1,1,1,1,5,5,5,5,5,3,5,4,5,5,7,0.0,1
Male,Loyal Customer,23,Business travel,Business,2355,5,1,5,5,4,4,4,4,1,5,5,2,2,4,0,0.0,1
Female,Loyal Customer,48,Business travel,Business,3558,1,3,3,3,1,1,1,2,4,3,3,1,3,1,134,125.0,0
Male,Loyal Customer,45,Business travel,Eco,416,4,4,4,4,4,4,4,4,1,1,1,4,5,4,2,0.0,1
Female,Loyal Customer,50,Business travel,Business,2472,3,1,1,1,2,2,1,3,3,3,3,3,3,1,0,0.0,0
Male,disloyal Customer,10,Business travel,Eco,1075,5,5,5,4,4,5,4,4,1,5,2,3,4,4,0,0.0,1
Female,Loyal Customer,73,Business travel,Eco Plus,447,1,4,4,4,2,3,3,1,1,1,1,4,1,4,0,0.0,0
Female,disloyal Customer,41,Business travel,Eco,1205,1,1,1,3,1,1,5,1,2,3,3,3,4,1,0,1.0,0
Male,Loyal Customer,41,Business travel,Business,2231,2,2,2,2,2,4,5,5,5,5,5,5,5,4,12,4.0,1
Male,Loyal Customer,10,Personal Travel,Eco,490,3,4,3,3,2,3,2,2,5,1,2,1,2,2,3,0.0,0
Female,Loyal Customer,22,Business travel,Business,602,1,2,2,2,2,1,1,3,1,4,3,1,1,1,139,130.0,0
Male,Loyal Customer,41,Business travel,Business,528,3,1,3,3,4,3,2,3,3,3,3,4,3,3,0,0.0,0
Male,Loyal Customer,53,Business travel,Eco,2400,1,3,3,3,2,1,2,2,1,1,1,4,2,2,0,0.0,0
Female,disloyal Customer,38,Business travel,Business,2342,4,4,4,2,1,4,5,1,3,5,4,4,5,1,0,14.0,0
Female,Loyal Customer,38,Personal Travel,Eco Plus,628,3,5,3,3,1,3,5,1,5,2,4,3,5,1,2,0.0,0
Female,Loyal Customer,29,Business travel,Business,3240,4,2,2,2,4,3,4,4,3,1,3,4,3,4,0,0.0,1
Male,Loyal Customer,51,Personal Travel,Eco,700,3,4,3,2,3,3,3,3,5,5,4,3,4,3,0,0.0,1
Female,disloyal Customer,48,Business travel,Business,628,5,5,5,2,5,5,5,5,4,4,4,3,5,5,0,0.0,1
Female,Loyal Customer,60,Business travel,Eco Plus,531,1,1,1,1,5,3,3,1,1,1,1,4,1,4,37,30.0,0
Female,Loyal Customer,52,Business travel,Business,2399,4,4,5,4,4,5,4,4,4,4,4,3,4,5,0,0.0,1
Male,Loyal Customer,55,Business travel,Business,337,3,3,3,3,5,4,4,3,3,4,3,4,3,4,3,5.0,1
Female,Loyal Customer,56,Personal Travel,Eco,551,3,4,2,3,2,3,3,2,2,2,2,3,2,5,0,0.0,0
Male,Loyal Customer,9,Personal Travel,Eco Plus,838,3,4,3,3,1,3,1,1,3,4,4,4,5,1,33,23.0,0
Female,Loyal Customer,64,Personal Travel,Eco,2370,3,5,3,4,2,4,4,2,2,3,1,3,2,4,0,0.0,0
Male,Loyal Customer,29,Personal Travel,Eco,363,3,1,3,4,1,3,5,1,1,5,4,1,3,1,2,14.0,0
Male,Loyal Customer,29,Business travel,Business,683,5,5,5,5,4,4,4,4,5,3,5,5,5,4,0,4.0,1
Female,Loyal Customer,32,Business travel,Business,1068,1,1,1,1,4,4,4,4,5,2,5,3,3,4,8,0.0,1
Female,Loyal Customer,43,Business travel,Eco,508,4,3,3,3,5,3,5,4,4,4,4,1,4,5,6,0.0,1
Female,Loyal Customer,52,Personal Travel,Eco,641,4,5,4,1,1,3,3,3,3,4,5,4,3,4,2,2.0,0
Male,disloyal Customer,28,Business travel,Business,972,3,3,3,3,1,3,1,1,4,5,5,5,4,1,0,0.0,0
Male,Loyal Customer,42,Personal Travel,Eco Plus,109,4,5,4,2,3,4,3,3,3,4,1,4,4,3,10,2.0,0
Male,Loyal Customer,48,Business travel,Business,3777,1,1,1,1,5,1,2,5,5,5,5,3,5,2,0,22.0,1
Female,Loyal Customer,34,Business travel,Business,2082,2,4,4,4,2,2,2,4,1,3,4,2,3,2,286,281.0,0
Female,Loyal Customer,63,Personal Travel,Eco,358,3,5,3,5,3,5,4,4,4,3,4,5,4,5,10,0.0,1
Female,Loyal Customer,44,Business travel,Business,2521,3,3,4,3,2,4,5,4,4,4,4,1,4,5,15,10.0,1
Female,Loyal Customer,45,Personal Travel,Eco,223,4,2,4,3,3,3,4,1,1,4,1,3,1,2,5,4.0,0
Female,disloyal Customer,62,Business travel,Business,462,1,1,1,2,1,1,1,1,3,5,5,3,4,1,0,0.0,0
Female,Loyal Customer,65,Personal Travel,Eco,903,2,4,2,1,3,4,5,2,2,2,2,5,2,3,24,20.0,0
Male,Loyal Customer,36,Business travel,Business,2681,5,5,5,5,1,5,3,4,4,4,4,4,4,2,0,0.0,1
Male,Loyal Customer,53,Personal Travel,Eco,77,2,5,2,3,1,2,1,1,5,4,4,4,4,1,28,31.0,0
Female,Loyal Customer,66,Personal Travel,Business,759,2,5,2,5,2,4,4,3,3,2,3,3,3,4,12,0.0,0
Female,Loyal Customer,30,Business travel,Eco,238,4,4,4,4,4,4,4,4,4,4,1,4,3,4,0,4.0,1
Male,Loyal Customer,37,Personal Travel,Eco,2704,3,5,3,3,4,3,4,4,5,4,1,4,5,4,0,0.0,1
Female,Loyal Customer,59,Business travel,Business,2400,2,2,2,2,5,5,5,4,5,4,5,5,5,5,0,0.0,1
Male,Loyal Customer,41,Business travel,Business,1534,5,5,5,5,4,3,3,4,3,5,4,3,3,3,157,127.0,1
Female,disloyal Customer,35,Business travel,Eco,789,2,2,2,3,1,2,1,1,2,4,4,4,4,1,31,22.0,0
Female,Loyal Customer,52,Business travel,Business,1942,3,3,5,3,4,5,4,5,5,5,5,4,5,3,0,0.0,1
Female,Loyal Customer,55,Business travel,Business,967,5,5,5,5,4,5,5,3,3,4,3,5,3,4,102,91.0,1
Female,Loyal Customer,55,Business travel,Business,3234,5,5,3,5,2,5,5,5,5,5,5,3,5,3,3,0.0,1
Female,Loyal Customer,62,Personal Travel,Eco,383,2,4,2,5,5,5,4,5,5,2,5,4,5,3,0,0.0,1
Female,Loyal Customer,12,Personal Travel,Eco Plus,406,1,5,1,2,3,1,3,3,4,5,5,3,5,3,0,14.0,0
Male,Loyal Customer,39,Business travel,Business,3383,3,3,5,3,2,4,4,4,4,4,4,3,4,5,0,0.0,1
Male,Loyal Customer,33,Business travel,Business,338,1,2,3,2,1,1,1,1,4,3,3,2,3,1,20,12.0,0
Male,Loyal Customer,19,Business travel,Business,2606,2,2,2,2,5,5,5,5,3,3,4,4,5,5,8,25.0,1
Male,Loyal Customer,31,Personal Travel,Eco,196,3,2,3,4,5,3,5,5,4,4,3,2,3,5,0,11.0,1
Female,disloyal Customer,42,Business travel,Eco,214,3,2,3,3,4,3,1,4,3,3,4,1,3,4,0,0.0,0
Female,Loyal Customer,48,Business travel,Business,719,3,5,4,5,4,3,3,3,3,3,3,4,3,3,55,41.0,0
Male,Loyal Customer,12,Personal Travel,Eco,592,4,2,4,3,3,4,3,3,2,4,4,1,4,3,0,0.0,0
Female,Loyal Customer,49,Business travel,Business,2380,1,3,2,3,3,4,3,1,1,1,1,3,1,3,0,0.0,0
Male,Loyal Customer,63,Personal Travel,Eco,189,4,4,4,1,4,4,4,4,5,5,5,2,3,4,20,14.0,1
Female,Loyal Customer,52,Business travel,Business,2088,1,1,1,1,4,3,5,5,5,5,5,5,5,4,0,0.0,1
Male,Loyal Customer,47,Business travel,Business,3827,3,3,3,3,3,5,5,4,4,4,4,3,4,3,10,13.0,1
Male,Loyal Customer,48,Business travel,Business,1514,1,1,1,1,2,4,5,3,3,3,3,3,3,3,0,0.0,0
Male,disloyal Customer,45,Business travel,Business,862,1,2,2,1,4,1,4,4,5,4,5,3,5,4,4,4.0,1
Female,Loyal Customer,37,Business travel,Eco,455,1,4,4,4,1,1,1,1,1,4,3,4,4,1,4,12.0,0
Male,Loyal Customer,40,Business travel,Business,946,1,1,5,1,2,5,4,5,5,5,5,3,5,4,46,35.0,1
Male,Loyal Customer,14,Personal Travel,Eco,77,3,4,3,3,1,3,1,1,4,2,5,4,5,1,0,0.0,0
Female,Loyal Customer,15,Personal Travel,Eco,187,3,5,3,2,3,3,3,3,4,4,5,4,4,3,0,0.0,1
Female,Loyal Customer,43,Business travel,Business,2279,3,3,3,3,2,3,5,4,4,4,4,5,4,4,0,0.0,1
Male,Loyal Customer,32,Personal Travel,Eco,507,2,1,2,3,4,2,4,4,4,3,3,3,4,4,5,10.0,1
Female,disloyal Customer,26,Business travel,Eco,353,3,5,3,3,2,3,2,2,4,1,1,3,5,2,0,0.0,0
Female,Loyal Customer,16,Personal Travel,Eco,153,3,4,3,3,5,3,5,5,3,2,5,4,5,5,33,33.0,1
Female,Loyal Customer,56,Business travel,Eco Plus,109,5,1,3,1,2,3,1,5,5,5,5,4,5,2,31,28.0,1
Male,Loyal Customer,32,Business travel,Business,3174,2,2,2,2,5,5,5,5,5,4,5,3,5,5,0,0.0,1
Female,Loyal Customer,26,Business travel,Business,899,2,2,2,2,5,5,5,5,2,2,2,1,4,5,25,24.0,1
Male,disloyal Customer,20,Business travel,Eco,991,3,3,3,3,3,3,3,3,5,4,4,3,5,3,83,70.0,1
Male,disloyal Customer,38,Business travel,Business,187,2,2,2,4,3,2,3,3,4,4,5,5,5,3,17,9.0,1
Male,Loyal Customer,52,Business travel,Business,2238,1,1,1,1,2,4,4,4,4,4,4,4,4,4,0,0.0,1
Male,Loyal Customer,34,Business travel,Business,2079,4,4,4,4,5,5,4,5,5,5,5,4,5,3,0,21.0,1
Male,disloyal Customer,40,Business travel,Business,594,1,0,0,1,1,0,1,1,3,5,5,4,5,1,25,9.0,0
Male,disloyal Customer,43,Business travel,Business,361,3,3,3,3,3,3,1,3,2,3,3,5,3,3,0,0.0,0
Female,Loyal Customer,62,Personal Travel,Eco,1576,1,5,1,1,3,5,4,4,4,1,4,3,4,5,0,2.0,1
Male,disloyal Customer,64,Business travel,Business,229,3,3,3,4,1,3,1,1,2,1,4,1,4,1,0,0.0,0
Male,Loyal Customer,29,Personal Travel,Eco,369,5,1,5,4,5,5,5,5,3,2,3,2,4,5,0,0.0,1
Male,Loyal Customer,30,Business travel,Business,2308,3,3,3,3,3,3,3,3,5,4,4,3,4,3,0,0.0,1
Male,Loyal Customer,32,Personal Travel,Eco,961,1,5,2,3,2,5,5,3,5,5,5,5,3,5,472,446.0,1
Female,Loyal Customer,11,Personal Travel,Eco,853,5,4,5,1,2,5,2,2,3,2,5,4,5,2,0,0.0,0
Female,Loyal Customer,41,Personal Travel,Eco,762,1,5,1,1,3,1,4,3,5,3,5,3,5,3,0,0.0,0
Male,Loyal Customer,41,Business travel,Business,2293,1,1,1,1,3,5,4,4,4,4,4,3,4,5,0,5.0,1
Female,Loyal Customer,35,Business travel,Eco Plus,585,4,3,5,3,4,4,4,4,4,5,4,2,4,4,47,50.0,1
Female,Loyal Customer,47,Personal Travel,Business,1084,4,4,4,3,2,4,5,4,4,4,4,4,4,5,0,0.0,1
Female,Loyal Customer,57,Business travel,Business,2994,1,1,1,1,4,5,5,5,4,5,5,5,4,5,0,0.0,1
Female,disloyal Customer,17,Business travel,Eco,641,3,2,3,4,5,3,5,5,3,1,3,4,3,5,0,0.0,1
Male,Loyal Customer,14,Personal Travel,Eco,201,1,3,1,4,2,1,5,2,5,5,4,1,5,2,4,8.0,0
Female,Loyal Customer,59,Business travel,Eco,1562,5,1,1,1,1,4,1,5,5,5,5,1,5,4,35,27.0,1
Male,Loyal Customer,36,Personal Travel,Eco,1562,1,2,1,3,5,1,4,5,4,4,2,4,4,5,0,3.0,1
Female,Loyal Customer,7,Personal Travel,Eco Plus,667,2,4,2,3,1,2,4,1,4,2,3,1,4,1,26,26.0,0
Female,disloyal Customer,23,Business travel,Eco,169,1,2,1,4,1,1,4,1,3,5,3,3,4,1,0,0.0,0
Male,Loyal Customer,47,Business travel,Business,2030,1,1,1,1,5,5,4,4,4,4,4,5,4,4,0,10.0,1
Female,Loyal Customer,46,Business travel,Eco,862,4,1,1,1,4,2,1,4,4,4,4,3,4,2,0,9.0,0
Female,disloyal Customer,47,Business travel,Eco,391,1,0,1,4,3,1,3,3,1,1,1,4,4,3,0,0.0,0
Female,Loyal Customer,47,Business travel,Eco,236,4,5,5,5,2,3,1,4,4,4,4,3,4,4,0,0.0,1
Male,Loyal Customer,40,Business travel,Business,199,2,2,2,2,4,5,4,5,5,5,4,5,5,4,4,0.0,1
Male,Loyal Customer,25,Business travel,Business,1727,2,2,2,2,5,5,5,5,3,4,1,1,5,5,0,5.0,1
Male,Loyal Customer,40,Personal Travel,Eco,728,4,3,3,4,1,3,4,1,1,1,3,4,4,1,0,0.0,0
Female,Loyal Customer,68,Personal Travel,Eco,533,1,5,1,3,2,4,5,2,2,1,2,3,2,3,13,10.0,0
Female,Loyal Customer,68,Personal Travel,Eco,228,1,4,1,1,2,4,4,1,1,1,1,4,1,5,0,0.0,0
Female,Loyal Customer,54,Business travel,Business,3601,4,4,4,4,5,5,4,5,5,5,5,5,5,4,0,0.0,1
Female,disloyal Customer,24,Business travel,Eco,895,4,4,4,2,4,4,4,4,5,3,5,3,2,4,25,13.0,1
Male,Loyal Customer,26,Business travel,Eco Plus,533,3,2,2,2,3,3,1,3,3,3,4,3,4,3,1,6.0,0
Male,Loyal Customer,35,Business travel,Business,744,3,3,3,3,4,5,5,5,5,5,5,4,5,5,0,0.0,1
Female,Loyal Customer,49,Business travel,Business,444,4,4,4,4,5,5,4,5,5,5,5,5,5,3,30,26.0,1
Female,Loyal Customer,56,Business travel,Business,432,4,4,4,4,4,5,4,4,4,4,4,4,4,3,0,0.0,1
Female,Loyal Customer,52,Personal Travel,Eco,758,4,2,4,3,2,3,3,3,3,4,3,4,3,3,0,0.0,0
Female,Loyal Customer,45,Personal Travel,Eco,223,3,3,3,1,3,5,5,5,5,3,2,3,5,4,18,10.0,1
Male,Loyal Customer,38,Business travel,Eco,280,1,3,3,3,1,1,1,1,3,4,3,4,4,1,16,35.0,0
Male,Loyal Customer,37,Business travel,Business,1187,2,2,2,2,4,3,3,5,5,5,5,5,5,2,8,0.0,1
Female,Loyal Customer,34,Business travel,Business,1569,2,2,2,2,3,1,3,3,3,4,3,3,3,3,0,0.0,0
Male,Loyal Customer,41,Business travel,Business,888,1,1,1,1,2,4,5,4,4,4,4,3,4,3,19,4.0,1
Male,Loyal Customer,38,Business travel,Eco,744,2,3,5,5,2,3,2,2,2,1,5,2,1,2,13,21.0,0
Female,Loyal Customer,57,Business travel,Business,925,2,2,2,2,5,5,5,4,4,5,4,5,4,3,0,0.0,1
Female,disloyal Customer,39,Business travel,Business,1195,4,5,5,5,1,5,1,1,1,4,3,3,5,1,10,6.0,0
Female,Loyal Customer,64,Personal Travel,Eco,1709,3,4,4,3,5,3,3,2,2,4,2,4,2,1,0,0.0,0
Female,disloyal Customer,18,Business travel,Eco,163,3,1,3,4,4,3,3,4,4,2,3,4,4,4,0,0.0,1
Female,Loyal Customer,69,Business travel,Eco,109,4,4,4,4,1,3,4,4,4,4,4,3,4,2,14,36.0,1
Male,Loyal Customer,50,Business travel,Eco Plus,493,4,4,4,4,4,4,4,4,5,2,4,4,1,4,0,0.0,1
Female,Loyal Customer,49,Business travel,Business,861,2,3,3,3,1,2,2,2,2,2,2,1,2,4,17,3.0,0
Female,disloyal Customer,24,Business travel,Eco,1056,4,4,4,3,4,4,4,4,3,1,2,3,4,4,0,0.0,1
Male,Loyal Customer,44,Business travel,Business,213,0,4,0,5,5,4,4,5,5,5,5,5,5,3,0,5.0,1
Female,Loyal Customer,60,Business travel,Business,1041,2,2,2,2,5,4,4,4,4,4,4,4,4,3,0,3.0,1
Female,Loyal Customer,18,Personal Travel,Eco,895,2,3,2,4,5,2,5,5,3,2,4,2,3,5,0,0.0,1
Female,Loyal Customer,57,Business travel,Business,577,2,2,2,2,3,4,4,5,5,5,5,3,5,4,0,0.0,1
Female,Loyal Customer,56,Business travel,Business,283,4,4,4,4,3,4,5,4,4,5,4,4,4,5,0,0.0,1
Male,Loyal Customer,12,Personal Travel,Eco,1050,2,1,2,2,3,2,3,3,3,4,2,2,2,3,16,18.0,0
Male,Loyal Customer,43,Personal Travel,Eco,337,3,5,3,4,2,3,2,2,4,2,2,5,3,2,0,0.0,0
Male,Loyal Customer,25,Personal Travel,Eco,926,3,4,3,1,3,4,4,5,3,5,5,4,3,4,299,313.0,1
Male,Loyal Customer,69,Personal Travel,Eco,341,2,5,2,5,5,2,5,5,5,3,5,4,5,5,7,12.0,1
Male,disloyal Customer,27,Business travel,Business,515,3,3,3,2,4,3,4,4,3,4,5,5,4,4,30,42.0,1
Male,Loyal Customer,28,Personal Travel,Eco Plus,488,3,0,3,1,5,3,5,5,5,2,4,5,4,5,0,0.0,1
Male,Loyal Customer,42,Business travel,Business,3445,3,3,3,3,3,2,2,3,3,3,3,3,3,2,3,8.0,0
Male,Loyal Customer,23,Business travel,Eco Plus,602,2,5,5,5,2,2,1,2,3,4,4,4,4,2,21,44.0,0
Male,Loyal Customer,57,Business travel,Business,2576,5,5,5,5,5,5,5,4,2,4,5,5,3,5,146,135.0,1
Female,disloyal Customer,29,Business travel,Eco,1052,3,3,3,1,4,3,4,4,1,3,3,4,1,4,3,7.0,0
Female,Loyal Customer,61,Business travel,Eco,327,2,2,5,5,2,4,4,2,2,2,2,2,2,2,37,30.0,0
Female,Loyal Customer,23,Business travel,Business,1931,3,3,3,3,4,4,4,4,4,3,4,5,4,4,30,23.0,1
Female,Loyal Customer,50,Business travel,Eco,581,4,3,5,5,4,2,1,4,4,4,4,3,4,1,22,19.0,0
Female,Loyal Customer,27,Personal Travel,Eco,689,2,5,2,2,2,2,2,2,4,5,4,3,4,2,111,110.0,0
Male,disloyal Customer,23,Business travel,Business,1434,5,0,5,1,3,5,3,3,3,2,5,4,5,3,17,20.0,1
Male,Loyal Customer,41,Business travel,Eco,762,4,3,3,3,4,4,4,4,5,3,3,1,5,4,0,0.0,1
Female,disloyal Customer,20,Business travel,Eco,409,3,1,3,4,1,3,1,1,3,4,3,3,4,1,7,0.0,0
Female,Loyal Customer,44,Business travel,Business,575,1,1,1,1,3,5,5,2,2,2,2,4,2,3,0,0.0,0
Male,Loyal Customer,61,Business travel,Business,2528,1,4,4,4,2,3,2,1,1,2,1,3,1,2,3,1.0,0
Male,Loyal Customer,51,Business travel,Business,1200,4,4,4,4,4,4,5,3,3,3,3,4,3,4,0,0.0,1
Female,disloyal Customer,27,Business travel,Eco,1061,3,3,3,4,5,3,5,5,3,3,4,3,4,5,4,13.0,1
Female,Loyal Customer,44,Business travel,Business,1775,3,3,3,3,5,5,5,4,4,5,4,4,4,3,21,11.0,1
Female,Loyal Customer,43,Personal Travel,Eco,102,1,1,0,4,3,4,3,5,5,0,5,3,5,4,0,0.0,1
Female,Loyal Customer,43,Business travel,Business,3876,2,1,1,1,1,2,3,2,2,1,2,4,2,4,70,66.0,0
Female,Loyal Customer,32,Business travel,Eco Plus,89,4,1,1,1,4,4,4,4,5,4,1,2,3,4,0,11.0,1
Female,Loyal Customer,29,Business travel,Eco,201,5,1,1,1,5,5,5,5,2,2,4,5,5,5,0,0.0,1
Female,Loyal Customer,28,Business travel,Business,1703,4,4,4,4,4,4,4,4,4,5,4,5,4,4,22,2.0,1
Female,Loyal Customer,39,Business travel,Business,2390,2,2,2,2,5,5,4,5,5,5,4,3,5,4,0,0.0,1
Female,Loyal Customer,64,Personal Travel,Eco,986,4,4,4,4,4,2,4,5,2,5,4,4,5,4,134,121.0,1
Male,Loyal Customer,41,Business travel,Business,2611,5,5,5,5,5,4,5,4,4,4,4,3,4,5,3,0.0,1
Male,Loyal Customer,58,Business travel,Eco,1188,2,2,2,2,2,2,2,2,3,1,2,3,2,2,8,8.0,0
Male,disloyal Customer,21,Business travel,Eco,453,1,1,1,2,3,1,3,3,3,3,1,1,1,3,0,25.0,0
Female,Loyal Customer,51,Personal Travel,Eco,594,2,4,1,3,1,3,4,2,2,1,2,2,2,1,0,0.0,0
Female,Loyal Customer,35,Business travel,Business,337,2,5,5,5,2,3,3,2,2,2,2,1,2,4,0,0.0,0
Male,Loyal Customer,40,Business travel,Eco,859,5,1,1,1,5,5,5,5,2,3,5,1,1,5,0,0.0,1
Female,Loyal Customer,43,Business travel,Business,3542,4,4,4,4,2,4,4,5,5,5,5,3,5,4,51,78.0,1
Female,Loyal Customer,11,Personal Travel,Eco,602,2,1,2,2,4,2,4,4,4,3,2,3,2,4,0,1.0,0
Female,disloyal Customer,32,Business travel,Business,302,3,3,3,2,3,3,3,3,3,2,5,4,5,3,0,0.0,1
Female,disloyal Customer,21,Business travel,Eco,1250,4,3,3,3,1,3,1,1,5,2,4,3,5,1,14,0.0,0
Male,Loyal Customer,33,Business travel,Business,2724,4,4,4,4,5,5,5,5,3,2,4,3,5,5,2,5.0,1
Male,Loyal Customer,53,Business travel,Business,919,1,1,1,1,2,5,4,4,4,4,4,3,4,4,74,84.0,1
Female,disloyal Customer,25,Business travel,Eco,1043,2,2,2,3,2,2,2,1,2,4,4,2,4,2,0,11.0,0
Female,disloyal Customer,24,Business travel,Eco,303,0,4,0,2,3,0,3,3,2,2,2,4,4,3,0,0.0,0
Male,Loyal Customer,35,Personal Travel,Eco,247,3,5,3,4,1,3,1,1,4,2,4,4,4,1,0,0.0,0
Male,disloyal Customer,24,Business travel,Eco,391,3,5,2,2,2,2,2,2,3,4,5,4,5,2,1,0.0,0
Male,disloyal Customer,22,Business travel,Business,695,4,0,4,4,3,4,1,3,4,4,5,5,5,3,0,0.0,1
Female,disloyal Customer,47,Business travel,Eco,421,2,0,2,1,2,2,4,2,2,5,4,1,1,2,15,13.0,0
Male,Loyal Customer,24,Personal Travel,Eco,1020,3,3,3,4,3,3,3,3,2,1,4,1,3,3,14,9.0,0
Female,Loyal Customer,24,Personal Travel,Eco,874,3,1,3,4,4,3,1,4,4,1,3,3,4,4,3,2.0,0
Male,Loyal Customer,32,Business travel,Business,2092,4,4,4,4,4,4,4,4,3,5,3,4,5,4,0,0.0,1
Female,Loyal Customer,59,Business travel,Business,3005,2,2,2,2,3,5,5,5,5,5,5,3,5,3,0,17.0,1
Female,Loyal Customer,70,Business travel,Eco Plus,432,4,2,2,2,1,4,4,4,4,4,4,1,4,1,0,0.0,0
Male,Loyal Customer,36,Personal Travel,Eco,1009,1,4,1,1,5,1,5,5,3,2,4,5,4,5,0,0.0,1
Male,Loyal Customer,44,Personal Travel,Eco,936,3,4,2,3,5,2,2,5,4,4,4,4,5,5,0,0.0,1
Female,Loyal Customer,47,Business travel,Business,2708,5,3,5,5,5,5,4,5,5,5,5,5,5,5,4,0.0,1
Male,Loyal Customer,48,Personal Travel,Eco Plus,304,1,4,3,3,3,3,3,3,4,3,4,4,5,3,0,0.0,0
Female,Loyal Customer,45,Business travel,Business,450,1,1,1,1,5,1,1,5,5,5,5,1,5,5,29,32.0,1
Female,disloyal Customer,24,Business travel,Eco,229,2,1,2,2,5,2,1,5,4,1,2,1,2,5,0,6.0,0
Male,Loyal Customer,42,Business travel,Business,1930,1,1,1,1,3,5,4,4,4,4,4,5,4,4,24,33.0,1
Male,Loyal Customer,15,Personal Travel,Eco,634,3,4,3,4,5,3,5,5,3,1,3,4,3,5,0,18.0,1
Male,Loyal Customer,39,Personal Travel,Eco,197,2,5,2,1,4,2,4,4,5,2,4,3,5,4,25,18.0,1
Male,Loyal Customer,33,Business travel,Business,2447,4,5,5,5,4,4,4,4,3,4,3,3,3,4,0,0.0,1
Female,Loyal Customer,48,Personal Travel,Eco,677,2,5,2,3,3,4,5,2,2,2,2,4,2,5,0,0.0,0
Male,Loyal Customer,39,Business travel,Business,3170,1,1,3,1,2,2,2,4,2,4,5,2,5,2,350,318.0,0
Male,Loyal Customer,44,Business travel,Business,3288,3,3,3,3,5,5,5,4,4,4,4,1,4,4,0,0.0,1
Female,Loyal Customer,18,Personal Travel,Eco Plus,583,3,4,3,1,4,3,1,4,5,3,5,3,4,4,35,27.0,1
Female,Loyal Customer,45,Personal Travel,Eco,1379,3,1,3,3,3,2,2,5,5,3,5,1,5,1,0,95.0,0
Female,Loyal Customer,33,Business travel,Business,3372,2,3,3,3,5,4,4,2,2,2,2,4,2,2,88,75.0,0
Female,Loyal Customer,15,Personal Travel,Eco,719,3,5,3,4,1,3,2,1,4,2,5,4,5,1,6,0.0,0
Female,Loyal Customer,63,Personal Travel,Eco,551,2,1,2,1,3,1,2,5,5,2,5,3,5,3,0,0.0,0
Female,Loyal Customer,60,Personal Travel,Eco,1074,3,4,3,1,3,5,4,4,4,3,4,5,4,5,0,0.0,1
Male,disloyal Customer,35,Business travel,Business,1050,2,2,2,3,4,2,4,4,3,4,5,3,4,4,19,20.0,1
Female,Loyal Customer,44,Business travel,Business,2249,4,4,4,4,3,4,5,4,4,4,4,5,4,3,0,0.0,1
Female,disloyal Customer,38,Business travel,Eco Plus,86,4,4,4,2,2,4,2,2,5,2,3,2,4,2,0,0.0,0
Male,disloyal Customer,25,Business travel,Business,522,4,0,3,3,5,3,5,5,3,5,5,3,5,5,0,0.0,1
Female,Loyal Customer,45,Business travel,Business,2327,2,2,2,2,2,4,5,4,4,4,4,5,4,5,8,9.0,1
Female,Loyal Customer,17,Personal Travel,Eco,1056,3,5,3,2,4,3,4,4,4,2,4,5,5,4,0,0.0,1
Female,Loyal Customer,13,Personal Travel,Eco,304,4,1,4,4,1,4,5,1,1,2,4,2,4,1,0,0.0,0
Female,Loyal Customer,40,Business travel,Business,954,3,3,3,3,5,5,5,5,5,5,5,5,5,3,0,10.0,1
Female,Loyal Customer,66,Business travel,Eco,224,2,2,2,2,5,3,4,2,2,2,2,3,2,1,7,19.0,0
Female,Loyal Customer,22,Personal Travel,Eco,1671,0,3,0,3,3,0,3,3,2,3,1,3,1,3,12,5.0,0
Male,disloyal Customer,22,Business travel,Eco,399,5,1,5,3,4,1,4,4,1,2,4,2,5,4,0,8.0,1
Male,Loyal Customer,8,Personal Travel,Eco Plus,2300,1,4,1,3,1,1,1,1,3,5,3,3,4,1,10,18.0,0
Male,Loyal Customer,40,Business travel,Business,1916,4,4,4,4,3,4,5,5,5,5,5,4,5,3,46,44.0,1
Male,Loyal Customer,60,Business travel,Business,945,1,4,4,4,2,3,4,1,1,1,1,4,1,2,7,16.0,0
Male,disloyal Customer,22,Business travel,Eco,413,2,0,2,5,1,2,1,1,4,5,3,4,4,1,0,0.0,0
Male,Loyal Customer,16,Personal Travel,Eco,1085,3,4,3,3,4,3,4,4,4,2,5,3,5,4,0,2.0,1
Male,Loyal Customer,41,Personal Travel,Eco,1020,2,4,2,3,2,2,2,2,4,2,3,2,4,2,5,6.0,0
Male,disloyal Customer,25,Business travel,Eco,288,3,2,3,2,3,4,4,3,4,2,3,4,1,4,152,142.0,0
Female,disloyal Customer,15,Business travel,Eco,1352,4,4,4,2,2,4,2,2,4,3,5,3,5,2,0,0.0,0
Female,disloyal Customer,27,Business travel,Business,226,1,1,1,5,2,1,2,2,5,2,5,3,4,2,0,0.0,0
Male,Loyal Customer,40,Personal Travel,Eco Plus,930,2,5,2,4,2,2,2,2,5,3,5,3,4,2,4,0.0,0
Female,Loyal Customer,39,Business travel,Business,3361,5,5,5,5,5,5,5,4,4,4,4,4,4,4,0,0.0,1
Female,Loyal Customer,54,Business travel,Business,3969,4,4,4,4,5,4,4,5,5,5,5,4,5,3,6,0.0,1
Male,disloyal Customer,27,Business travel,Business,364,5,5,5,1,5,5,4,5,5,2,5,4,4,5,0,4.0,1
Male,Loyal Customer,54,Business travel,Business,711,2,2,2,2,4,4,5,4,4,4,4,5,4,4,15,0.0,1
Male,Loyal Customer,47,Business travel,Business,3239,0,3,0,1,5,3,1,4,4,4,4,3,4,3,0,10.0,1
Female,disloyal Customer,9,Business travel,Eco,970,5,5,5,3,1,5,1,1,5,4,4,5,5,1,0,0.0,0
Female,Loyal Customer,25,Personal Travel,Eco Plus,125,1,3,0,2,2,0,2,2,5,1,2,2,3,2,0,0.0,0
Female,Loyal Customer,47,Business travel,Business,3892,3,3,3,3,3,5,4,4,4,4,4,3,4,4,0,0.0,1
Male,Loyal Customer,43,Business travel,Eco Plus,562,3,2,2,2,4,3,4,4,3,3,4,3,4,4,0,0.0,1
Female,Loyal Customer,68,Personal Travel,Eco,1788,3,4,3,4,4,5,5,4,4,3,2,5,4,3,0,0.0,1
Male,disloyal Customer,59,Business travel,Eco,409,4,2,4,4,3,4,3,3,3,4,5,3,5,3,0,5.0,1
Female,disloyal Customer,25,Business travel,Eco,2586,3,3,3,2,3,1,4,4,3,1,3,4,4,4,0,0.0,0
Male,Loyal Customer,53,Business travel,Eco Plus,101,4,3,3,3,5,4,5,5,1,5,3,4,3,5,2,10.0,1
Male,Loyal Customer,49,Business travel,Eco,590,2,2,2,2,2,2,2,2,4,1,3,2,4,2,0,0.0,0
Female,Loyal Customer,42,Business travel,Business,1595,4,4,4,4,5,5,5,4,4,4,4,3,4,5,30,0.0,1
Female,Loyal Customer,36,Business travel,Business,223,4,4,4,4,5,5,4,5,5,5,5,3,5,5,3,4.0,1
Female,Loyal Customer,40,Business travel,Business,861,1,1,1,1,5,5,4,3,3,3,3,3,3,4,0,0.0,1
Female,Loyal Customer,59,Personal Travel,Eco,1096,2,3,2,4,5,3,3,2,2,2,2,3,2,3,0,0.0,0
Female,disloyal Customer,37,Business travel,Eco,894,3,3,3,1,2,3,2,2,1,1,3,2,1,2,0,0.0,0
Female,Loyal Customer,35,Business travel,Eco,370,4,5,3,5,4,3,4,4,4,4,3,3,4,4,27,44.0,1
Male,Loyal Customer,30,Personal Travel,Eco,600,2,5,2,3,1,2,1,1,2,2,4,1,3,1,12,0.0,0
Female,Loyal Customer,24,Personal Travel,Eco,2133,2,4,2,4,5,2,5,5,3,3,4,2,3,5,0,0.0,1
Male,Loyal Customer,61,Personal Travel,Eco,432,3,1,3,1,5,3,5,5,3,5,2,4,1,5,0,0.0,1
Female,Loyal Customer,64,Personal Travel,Eco,1205,2,1,2,4,2,3,4,4,4,2,4,2,4,4,6,0.0,1
Male,Loyal Customer,40,Personal Travel,Eco,650,5,4,5,3,3,5,3,3,5,1,3,3,2,3,0,0.0,0
Female,Loyal Customer,13,Personal Travel,Eco,403,2,3,2,2,1,2,1,1,5,2,1,2,5,1,0,4.0,0
Female,Loyal Customer,17,Personal Travel,Business,410,3,3,3,5,4,3,4,4,5,5,1,5,5,4,0,4.0,1
Female,disloyal Customer,22,Business travel,Eco,669,1,0,1,3,5,1,5,5,1,5,4,1,3,5,2,0.0,1
Male,Loyal Customer,12,Personal Travel,Eco,500,3,4,3,3,5,3,5,5,3,2,4,5,4,5,0,7.0,1
Male,Loyal Customer,22,Personal Travel,Eco,1635,3,2,3,4,4,3,4,4,3,3,4,4,3,4,30,7.0,1
Female,disloyal Customer,23,Business travel,Eco,317,3,0,3,4,1,3,1,1,1,3,3,3,4,1,67,57.0,0
Male,Loyal Customer,53,Business travel,Business,2204,3,2,3,3,2,5,5,5,5,5,5,3,5,3,18,14.0,1
Female,Loyal Customer,40,Business travel,Eco,700,2,4,1,4,2,2,2,2,4,1,3,3,4,2,0,0.0,0
Female,disloyal Customer,25,Business travel,Business,991,4,2,4,1,2,4,2,2,5,5,5,4,5,2,0,0.0,1
Female,disloyal Customer,21,Business travel,Eco,957,2,2,2,3,5,2,3,5,3,4,4,5,5,5,20,4.0,1
Female,Loyal Customer,28,Business travel,Business,1352,5,1,5,5,5,5,5,5,4,3,5,5,4,5,0,0.0,1
Female,Loyal Customer,52,Business travel,Business,594,2,2,2,2,5,4,5,4,4,4,4,5,4,3,3,0.0,1
Male,Loyal Customer,51,Business travel,Eco,449,1,3,3,3,1,2,2,2,1,3,3,2,2,2,145,166.0,0
Male,Loyal Customer,74,Business travel,Business,251,3,5,5,5,2,3,3,3,3,3,3,1,3,4,6,12.0,0
Female,Loyal Customer,42,Business travel,Business,2930,5,5,5,5,5,5,5,4,4,4,4,3,4,4,8,11.0,1
Female,Loyal Customer,58,Business travel,Eco,1069,2,5,5,5,1,3,3,2,2,2,2,3,2,3,83,68.0,0
Male,Loyal Customer,55,Business travel,Business,762,2,4,2,2,5,4,5,4,4,4,4,4,4,3,0,0.0,1
Female,Loyal Customer,31,Business travel,Business,3188,5,5,5,5,5,5,5,5,4,4,5,5,4,5,0,0.0,1
Female,disloyal Customer,40,Business travel,Business,733,3,3,3,1,4,3,5,4,3,4,4,3,4,4,60,55.0,1
Male,Loyal Customer,54,Business travel,Business,1164,5,5,4,5,4,4,5,4,4,4,4,3,4,5,0,0.0,1
Female,disloyal Customer,26,Business travel,Business,2556,1,1,1,3,4,1,4,4,4,4,4,4,4,4,0,0.0,1
Female,disloyal Customer,21,Business travel,Eco,1212,4,4,4,4,1,4,1,1,2,5,4,2,4,1,18,21.0,0
Female,disloyal Customer,13,Business travel,Eco,1237,2,2,2,4,1,2,1,1,3,1,3,4,4,1,2,11.0,0
Female,Loyal Customer,41,Personal Travel,Eco,1587,3,4,3,3,4,3,4,4,3,4,3,3,4,4,0,0.0,1
Female,Loyal Customer,41,Personal Travel,Eco,628,4,4,4,2,4,4,4,4,3,5,4,3,4,4,52,49.0,1
Male,Loyal Customer,40,Business travel,Business,500,4,4,4,4,5,4,4,3,3,3,3,5,3,4,47,26.0,1
Female,Loyal Customer,23,Business travel,Business,2712,2,1,1,1,2,2,2,2,4,1,4,4,3,2,0,0.0,0
Male,Loyal Customer,47,Business travel,Business,2437,1,1,1,1,3,5,5,5,5,5,5,4,5,5,14,0.0,1
Male,Loyal Customer,56,Business travel,Business,1918,1,1,1,1,2,5,4,4,4,4,4,4,4,3,0,0.0,1
Male,Loyal Customer,25,Business travel,Business,2028,2,2,2,2,4,4,4,4,5,3,4,5,4,4,15,7.0,1
Male,Loyal Customer,46,Business travel,Business,393,2,2,2,2,5,5,4,4,4,5,4,5,4,4,0,0.0,1
Female,Loyal Customer,26,Business travel,Business,3169,5,5,4,5,4,4,4,4,5,5,4,5,5,4,0,0.0,1
Female,Loyal Customer,46,Personal Travel,Eco,814,2,0,2,3,1,3,3,1,1,2,1,1,1,3,0,0.0,0
Female,Loyal Customer,53,Personal Travel,Eco,1810,1,3,1,3,3,3,4,1,1,1,1,4,1,2,1,16.0,0
Female,Loyal Customer,41,Business travel,Business,1838,4,2,3,3,3,2,3,4,4,4,4,1,4,3,0,23.0,1
Female,Loyal Customer,25,Business travel,Business,1506,4,4,4,4,5,5,5,5,5,5,5,3,4,5,0,0.0,1
Female,disloyal Customer,25,Business travel,Business,456,2,0,2,2,3,2,3,3,4,3,4,5,5,3,0,6.0,0
Female,Loyal Customer,41,Business travel,Eco,948,2,2,2,2,2,2,2,2,1,1,3,1,3,2,74,55.0,0
Male,Loyal Customer,14,Personal Travel,Eco Plus,967,0,5,1,1,3,1,3,3,3,5,5,3,5,3,4,0.0,0
Female,Loyal Customer,52,Business travel,Eco,459,1,3,3,3,2,3,3,1,1,1,1,3,1,3,0,3.0,0
Female,disloyal Customer,54,Business travel,Eco,1031,5,5,5,4,4,5,4,4,5,3,1,5,3,4,0,8.0,1
Male,disloyal Customer,27,Business travel,Business,224,3,3,3,4,3,3,3,3,1,4,3,2,3,3,0,0.0,0
Male,Loyal Customer,51,Business travel,Business,1773,2,2,2,2,3,4,5,5,5,5,5,3,5,3,7,8.0,1
Female,Loyal Customer,51,Business travel,Business,432,3,3,2,3,2,5,4,4,4,4,4,3,4,4,0,0.0,1
Male,Loyal Customer,19,Business travel,Business,1416,3,3,3,3,4,4,4,4,3,5,4,3,4,4,0,0.0,1
Female,disloyal Customer,30,Business travel,Business,846,2,2,2,3,3,2,3,3,2,2,4,3,3,3,0,0.0,0
Female,Loyal Customer,43,Personal Travel,Eco,2172,4,4,4,3,3,4,4,2,2,4,2,3,2,4,0,0.0,0
Male,Loyal Customer,58,Business travel,Eco,2556,2,3,3,3,2,2,2,3,5,2,2,2,1,2,0,21.0,0
Male,Loyal Customer,39,Business travel,Eco,73,4,5,4,5,4,4,4,4,5,3,4,4,3,4,28,41.0,1
Female,Loyal Customer,33,Business travel,Business,937,1,1,1,1,2,5,3,4,4,4,4,4,4,5,26,5.0,1
Male,Loyal Customer,8,Personal Travel,Eco,1117,1,4,0,4,1,0,1,1,3,4,3,1,3,1,0,0.0,0
Female,Loyal Customer,23,Business travel,Business,1513,4,4,4,4,4,4,4,4,1,3,3,2,4,4,3,0.0,1
Male,Loyal Customer,57,Business travel,Business,3164,5,5,2,5,3,5,4,5,5,5,5,5,5,5,1,0.0,1
Female,disloyal Customer,22,Business travel,Eco,493,3,0,3,4,2,3,2,2,4,5,2,5,4,2,0,2.0,0
Male,Loyal Customer,32,Business travel,Eco,1303,3,3,3,3,3,3,3,3,2,3,2,2,3,3,0,40.0,0
Female,disloyal Customer,21,Business travel,Business,228,5,0,5,2,2,5,2,2,2,4,1,3,3,2,0,0.0,0
Male,Loyal Customer,59,Business travel,Business,577,3,3,3,3,5,4,4,4,4,4,4,3,4,5,0,0.0,1
Male,disloyal Customer,26,Business travel,Business,235,1,0,1,2,5,1,5,5,4,2,5,3,5,5,0,5.0,1
Male,disloyal Customer,48,Business travel,Business,641,5,5,5,1,5,5,5,5,4,2,4,4,5,5,0,0.0,1
Male,Loyal Customer,34,Personal Travel,Eco Plus,349,1,1,1,4,1,1,1,1,3,1,4,2,4,1,25,12.0,0
Male,Loyal Customer,24,Business travel,Eco,337,3,3,3,3,3,3,3,3,2,4,4,4,4,3,8,2.0,0
Male,Loyal Customer,39,Business travel,Eco,612,4,5,2,5,4,4,4,4,5,3,3,3,5,4,0,3.0,1
Female,Loyal Customer,48,Business travel,Business,3071,1,1,1,1,3,4,4,3,3,4,3,5,3,4,15,22.0,1
Female,Loyal Customer,18,Business travel,Business,1546,3,3,3,3,4,4,4,4,4,3,5,2,2,4,95,105.0,1
Female,Loyal Customer,40,Business travel,Business,2704,3,3,3,3,3,3,3,5,2,4,5,3,4,3,17,0.0,1
Female,Loyal Customer,28,Business travel,Business,3513,3,3,4,3,4,5,4,4,2,1,3,2,5,4,28,41.0,1
Male,Loyal Customer,53,Business travel,Eco,1065,4,5,5,5,3,4,3,3,5,1,2,2,5,3,0,4.0,1
Female,Loyal Customer,49,Business travel,Business,1950,5,5,5,5,4,3,2,4,4,4,5,1,4,3,0,0.0,1
Male,Loyal Customer,32,Business travel,Business,2305,1,1,1,1,4,4,4,4,5,3,4,3,4,4,0,0.0,1
Female,Loyal Customer,67,Personal Travel,Eco,588,4,4,4,3,3,5,4,3,3,4,3,4,3,4,15,5.0,1
Female,Loyal Customer,19,Personal Travel,Eco,1062,2,2,2,4,2,2,2,2,2,3,4,1,3,2,11,10.0,0
Female,disloyal Customer,40,Business travel,Business,317,2,2,2,3,4,2,3,4,3,3,4,5,5,4,53,49.0,1
Male,Loyal Customer,48,Business travel,Eco,752,5,5,3,3,5,5,5,5,1,5,4,3,4,5,45,48.0,1
Female,Loyal Customer,40,Business travel,Business,2704,4,4,5,4,5,5,5,4,3,4,4,5,4,5,7,22.0,1
Male,Loyal Customer,60,Personal Travel,Eco,369,2,1,4,2,3,4,3,3,2,4,2,3,3,3,10,0.0,0
Male,Loyal Customer,30,Business travel,Eco Plus,184,1,2,2,2,1,1,1,1,1,1,4,2,3,1,0,11.0,0
Male,Loyal Customer,9,Personal Travel,Eco,295,4,4,4,2,5,4,5,5,4,3,5,5,5,5,0,7.0,1
Male,Loyal Customer,23,Personal Travel,Eco,594,1,4,1,1,2,1,2,2,1,4,1,4,2,2,78,67.0,0
Female,Loyal Customer,48,Personal Travel,Eco,1089,1,3,1,4,2,4,1,5,5,1,4,4,5,4,13,0.0,0
Male,Loyal Customer,30,Personal Travel,Eco,290,4,4,2,1,4,2,4,4,3,4,5,3,4,4,0,0.0,1
Female,Loyal Customer,28,Personal Travel,Eco,226,4,4,0,4,4,0,4,4,3,3,5,4,4,4,0,1.0,1
Male,disloyal Customer,22,Business travel,Eco,189,4,1,3,3,4,3,4,4,1,4,4,3,4,4,0,0.0,1
Female,disloyal Customer,20,Business travel,Eco,562,4,2,3,4,4,3,4,4,3,1,3,1,3,4,0,2.0,0
Female,Loyal Customer,68,Personal Travel,Eco,110,1,3,1,1,3,2,4,3,3,1,4,5,3,4,0,0.0,0
Male,Loyal Customer,54,Business travel,Business,1545,2,2,2,2,5,5,5,5,5,5,5,4,5,4,1,0.0,1
Female,Loyal Customer,45,Business travel,Business,780,4,3,3,3,1,3,2,4,4,4,4,1,4,2,0,12.0,0
Female,Loyal Customer,41,Business travel,Business,2548,2,2,2,2,4,5,4,5,5,5,5,3,5,3,3,0.0,1
Male,Loyal Customer,32,Personal Travel,Eco,628,3,1,3,2,5,3,5,5,2,3,3,4,3,5,20,14.0,1
Male,Loyal Customer,22,Personal Travel,Eco,289,3,5,3,3,5,3,5,5,3,5,4,3,4,5,0,6.0,1
Male,Loyal Customer,44,Business travel,Business,901,1,1,1,1,3,4,5,4,4,4,4,4,4,1,39,53.0,1
Male,Loyal Customer,52,Business travel,Business,2300,3,3,3,3,5,5,5,5,5,4,5,4,5,3,0,0.0,1
Male,Loyal Customer,48,Business travel,Business,2704,5,5,5,5,5,5,4,5,5,5,5,3,5,3,0,0.0,1
Male,Loyal Customer,42,Business travel,Business,528,5,5,4,5,3,4,5,5,5,5,5,3,5,5,0,0.0,1
Male,Loyal Customer,48,Business travel,Business,2758,2,3,3,3,3,4,3,2,2,2,2,1,2,3,0,0.0,0
Female,Loyal Customer,18,Personal Travel,Eco,599,1,4,1,4,3,1,3,3,2,1,3,2,3,3,0,0.0,0
Male,Loyal Customer,54,Business travel,Business,1703,3,5,5,5,2,2,2,3,3,3,3,4,3,2,50,27.0,0
Male,disloyal Customer,23,Business travel,Business,1189,4,0,4,5,1,4,1,1,5,2,5,3,4,1,0,0.0,0
Male,Loyal Customer,41,Personal Travel,Eco,1598,3,5,3,1,3,3,3,3,5,4,4,3,4,3,31,13.0,1
Male,Loyal Customer,51,Business travel,Eco,151,4,2,5,5,4,4,4,4,1,5,4,3,1,4,0,0.0,1
Male,disloyal Customer,37,Business travel,Eco,404,1,3,1,4,3,1,3,3,3,3,3,2,3,3,20,16.0,0
Male,Loyal Customer,34,Business travel,Business,3036,3,3,3,3,2,5,4,5,5,5,3,4,5,3,0,0.0,1
Female,disloyal Customer,36,Business travel,Eco,352,1,3,1,4,2,1,5,2,4,3,2,4,3,2,0,0.0,0
Female,disloyal Customer,50,Business travel,Business,1452,1,1,1,4,1,1,1,1,4,2,5,4,4,1,1,4.0,0
Male,Loyal Customer,30,Business travel,Business,3565,1,2,5,2,1,1,1,1,4,2,3,3,3,1,0,0.0,0
Male,Loyal Customer,43,Business travel,Business,3396,4,4,4,4,2,4,5,4,4,4,4,5,4,4,0,0.0,1
Female,Loyal Customer,49,Business travel,Business,1582,4,4,3,4,4,4,4,5,5,5,5,5,5,3,0,27.0,1
Female,Loyal Customer,49,Business travel,Eco,1132,4,5,5,5,1,2,2,4,4,4,4,3,4,5,0,12.0,1
Female,Loyal Customer,31,Business travel,Eco Plus,587,4,2,2,2,4,3,4,4,3,4,3,1,3,4,0,0.0,1
Female,disloyal Customer,28,Business travel,Business,1293,5,5,5,1,2,5,2,2,5,4,3,5,4,2,1,0.0,1
Male,disloyal Customer,30,Business travel,Eco,987,3,3,3,1,2,3,2,2,1,5,3,1,5,2,5,13.0,0
Female,Loyal Customer,37,Business travel,Business,1846,5,5,5,5,2,5,5,4,4,4,4,4,4,4,43,36.0,1
Male,disloyal Customer,23,Business travel,Eco,691,1,1,1,4,2,1,1,2,3,2,5,4,4,2,3,0.0,0
Male,Loyal Customer,33,Business travel,Business,1831,2,2,2,2,4,4,4,4,3,3,5,3,5,4,0,1.0,1
Male,disloyal Customer,21,Business travel,Eco,431,3,4,3,4,3,3,3,3,1,5,4,3,3,3,0,0.0,0
Male,Loyal Customer,34,Business travel,Business,1525,5,5,5,5,4,3,2,5,5,5,5,2,5,2,0,0.0,1
Female,Loyal Customer,43,Business travel,Business,3873,4,4,4,4,3,2,3,4,4,3,4,1,4,4,13,8.0,1
Female,Loyal Customer,32,Personal Travel,Eco,143,5,4,0,3,1,0,1,1,5,5,5,3,5,1,0,2.0,0
Male,Loyal Customer,10,Personal Travel,Eco,554,3,5,3,3,4,3,4,4,3,5,4,4,4,4,0,1.0,1
Female,Loyal Customer,13,Personal Travel,Eco,528,1,4,1,1,5,1,5,5,5,4,4,3,5,5,0,0.0,1
Male,disloyal Customer,22,Business travel,Eco,226,3,0,3,2,3,3,3,3,4,4,5,4,5,3,21,25.0,1
Female,Loyal Customer,53,Business travel,Business,846,2,2,2,2,5,4,4,4,4,4,4,4,4,4,4,3.0,1
Male,Loyal Customer,39,Business travel,Business,587,4,4,4,4,2,4,5,5,5,5,5,3,5,5,42,42.0,1
Male,Loyal Customer,35,Business travel,Business,2846,3,3,3,3,2,4,4,4,4,4,4,5,4,3,18,8.0,1
Female,disloyal Customer,39,Business travel,Eco,483,3,4,3,3,4,3,4,4,2,5,4,1,4,4,29,7.0,1
Male,Loyal Customer,36,Personal Travel,Eco,1017,1,4,1,4,4,1,4,4,4,4,2,4,3,4,0,0.0,0
Female,Loyal Customer,26,Personal Travel,Eco,480,2,3,2,4,3,2,3,3,4,4,4,2,4,3,16,13.0,0
Male,disloyal Customer,25,Business travel,Eco,620,1,0,1,1,2,1,2,2,4,4,4,4,3,2,103,75.0,0
Female,Loyal Customer,65,Business travel,Business,927,4,3,3,3,3,2,3,4,4,4,4,3,4,3,0,0.0,1
Female,Loyal Customer,61,Business travel,Business,2976,5,2,5,5,5,2,4,5,5,5,5,5,5,5,0,0.0,1
Male,Loyal Customer,48,Business travel,Business,994,2,2,2,2,4,4,5,3,3,4,3,4,3,5,0,0.0,1
Female,Loyal Customer,50,Business travel,Business,2434,3,3,3,3,3,4,5,4,4,5,4,3,4,3,2,0.0,1
Male,Loyal Customer,7,Personal Travel,Eco,328,4,1,4,1,2,4,2,2,2,1,1,1,1,2,0,0.0,0
Male,disloyal Customer,23,Business travel,Eco,2172,3,3,3,3,4,3,4,4,3,4,4,3,5,4,0,0.0,1
Female,Loyal Customer,22,Personal Travel,Eco,1709,3,5,3,4,5,3,5,5,4,3,2,5,4,5,3,0.0,1
Male,Loyal Customer,21,Personal Travel,Business,646,4,5,4,1,5,4,5,5,5,1,5,5,1,5,66,78.0,1
Male,Loyal Customer,50,Personal Travel,Eco,370,5,4,1,4,2,1,2,2,1,3,3,1,3,2,0,0.0,0
Male,Loyal Customer,70,Personal Travel,Eco,325,3,2,3,3,3,3,3,3,4,1,3,3,3,3,0,0.0,0
Male,Loyal Customer,33,Business travel,Business,3537,1,5,4,5,1,1,1,1,1,1,4,2,3,1,69,67.0,0
Female,Loyal Customer,28,Business travel,Business,3306,5,5,5,5,5,5,5,5,5,3,4,5,5,5,13,5.0,1
Male,Loyal Customer,31,Business travel,Business,3774,1,5,2,5,1,1,1,1,4,4,4,1,3,1,0,17.0,0
Male,Loyal Customer,43,Business travel,Business,308,2,2,2,2,1,3,4,2,2,2,2,2,2,1,0,0.0,0
Male,Loyal Customer,40,Business travel,Business,588,3,2,2,2,5,3,3,3,3,3,3,1,3,1,0,0.0,0
Female,Loyal Customer,27,Business travel,Business,3984,2,2,2,2,5,5,5,5,4,2,5,3,5,5,0,0.0,1
Female,Loyal Customer,47,Business travel,Eco,1044,2,2,2,2,5,4,3,2,2,2,2,2,2,4,5,8.0,0
Female,Loyal Customer,27,Personal Travel,Eco Plus,479,3,2,3,4,5,3,2,5,3,2,3,4,3,5,23,12.0,1
Female,Loyal Customer,39,Business travel,Business,2521,1,2,1,1,2,2,2,4,4,4,4,2,5,2,32,11.0,0
Female,disloyal Customer,26,Business travel,Eco,377,2,3,2,3,3,2,3,3,3,1,4,4,3,3,20,62.0,0
Female,Loyal Customer,40,Business travel,Business,1977,2,2,2,2,2,4,5,5,5,5,5,4,5,3,0,0.0,1
Female,Loyal Customer,19,Business travel,Business,1560,4,4,4,4,5,5,5,5,4,5,4,2,1,5,0,30.0,1
Female,Loyal Customer,53,Business travel,Business,989,1,1,1,1,4,5,5,5,5,5,5,4,5,5,0,5.0,1
Male,Loyal Customer,60,Personal Travel,Eco,500,4,5,3,3,5,3,5,5,5,3,5,5,5,5,0,8.0,1
Female,Loyal Customer,43,Business travel,Eco,680,1,3,3,3,4,2,3,1,1,1,1,4,1,4,0,13.0,0
Male,Loyal Customer,23,Business travel,Eco,2442,2,2,2,2,2,1,2,1,2,2,4,2,2,2,283,273.0,0
Male,Loyal Customer,45,Business travel,Business,227,5,5,5,5,2,4,1,5,5,5,5,1,5,2,0,0.0,1
Female,Loyal Customer,27,Personal Travel,Eco,345,2,5,2,4,1,2,1,1,1,2,2,3,4,1,0,0.0,0
Female,Loyal Customer,42,Business travel,Business,3480,3,3,3,3,2,5,4,4,4,4,4,5,4,5,0,0.0,1
Female,Loyal Customer,32,Personal Travel,Eco,201,1,4,1,4,1,1,1,1,3,3,3,1,4,1,63,66.0,0
Female,Loyal Customer,62,Personal Travel,Eco,204,1,2,0,4,3,4,4,2,2,0,2,3,2,3,3,1.0,0
Male,Loyal Customer,42,Business travel,Business,1784,5,5,5,5,3,4,5,4,4,4,5,5,4,3,0,0.0,1
Female,Loyal Customer,25,Business travel,Eco,434,4,5,5,5,4,4,5,4,4,5,1,5,3,4,44,34.0,1
Female,Loyal Customer,41,Business travel,Business,787,2,2,2,2,3,5,4,5,5,5,5,5,5,3,7,14.0,1
Female,Loyal Customer,27,Business travel,Eco Plus,859,4,5,5,5,4,4,4,4,1,5,1,4,3,4,23,0.0,1
Female,disloyal Customer,27,Business travel,Business,908,3,3,3,5,4,3,1,4,5,2,4,3,5,4,0,0.0,1
Male,Loyal Customer,54,Personal Travel,Eco,522,3,4,3,3,1,3,3,1,3,2,4,4,5,1,0,0.0,0
Female,Loyal Customer,58,Business travel,Business,666,3,5,1,1,1,4,4,3,3,3,3,1,3,2,0,0.0,0
Male,disloyal Customer,47,Business travel,Eco,448,3,2,3,4,2,3,2,2,1,5,3,3,4,2,52,46.0,0
Female,Loyal Customer,7,Personal Travel,Eco,837,2,1,2,3,1,2,1,1,2,5,3,2,4,1,2,12.0,0
Male,Loyal Customer,33,Business travel,Eco,630,1,1,1,1,1,1,1,2,1,1,1,1,3,1,131,143.0,0
Male,disloyal Customer,49,Business travel,Business,1372,4,4,4,5,4,4,4,4,3,4,4,4,5,4,13,0.0,1
Male,disloyal Customer,38,Business travel,Eco,838,1,1,1,3,2,1,2,2,3,3,4,4,4,2,0,0.0,0
Male,Loyal Customer,25,Personal Travel,Eco,417,1,3,1,2,2,1,2,2,5,1,3,2,2,2,0,0.0,0
Male,disloyal Customer,38,Business travel,Eco,315,5,0,5,1,3,5,3,3,5,1,3,2,3,3,3,16.0,0
Male,Loyal Customer,38,Personal Travel,Eco,1235,1,2,1,1,2,1,2,2,4,1,1,4,1,2,18,22.0,0
Male,Loyal Customer,19,Business travel,Business,2990,2,1,3,1,2,2,2,2,1,4,3,2,4,2,0,0.0,0
Male,Loyal Customer,44,Business travel,Business,631,5,5,5,5,3,4,4,5,5,5,5,3,5,4,0,0.0,1
Female,Loyal Customer,12,Personal Travel,Business,566,3,5,3,5,2,3,2,2,3,4,4,4,5,2,0,21.0,0
Male,Loyal Customer,56,Business travel,Eco,762,2,4,4,4,2,2,2,2,4,4,4,4,3,2,0,0.0,0
Male,Loyal Customer,24,Business travel,Business,3902,2,2,2,2,3,4,3,3,5,3,4,3,5,3,2,4.0,1
Male,disloyal Customer,42,Business travel,Business,452,5,5,5,1,5,5,1,5,4,5,5,4,4,5,93,83.0,1
Female,Loyal Customer,69,Business travel,Eco,762,5,4,4,4,4,2,3,4,4,5,4,2,4,3,5,0.0,1
Female,Loyal Customer,44,Business travel,Business,3145,1,1,1,1,3,4,4,5,5,5,5,4,5,5,41,21.0,1
Female,Loyal Customer,14,Personal Travel,Eco,209,4,5,4,4,4,4,1,4,1,2,2,3,4,4,11,3.0,0
Male,Loyal Customer,52,Business travel,Eco,1892,1,2,2,2,1,1,1,1,3,3,4,3,4,1,14,0.0,0
Male,Loyal Customer,20,Personal Travel,Eco,1194,2,4,2,1,1,2,1,1,5,3,5,5,5,1,0,0.0,0
Male,Loyal Customer,60,Business travel,Business,3822,5,5,5,5,2,4,5,4,4,4,4,4,4,4,2,0.0,1
Female,Loyal Customer,46,Business travel,Business,2829,4,4,4,4,3,5,4,4,4,4,4,5,4,4,0,0.0,1
Male,Loyal Customer,37,Business travel,Business,2458,4,3,4,3,2,4,4,3,3,3,4,2,3,1,0,0.0,0
Female,disloyal Customer,25,Business travel,Eco,216,2,0,2,3,4,2,4,4,4,5,3,1,3,4,0,5.0,0
Female,Loyal Customer,41,Business travel,Business,2951,1,1,1,1,2,5,4,4,4,4,4,5,4,3,0,0.0,1
Female,disloyal Customer,29,Business travel,Eco,853,1,1,1,4,3,1,3,3,4,2,4,3,3,3,5,21.0,0
Female,Loyal Customer,39,Business travel,Business,409,4,4,4,4,3,4,5,4,4,4,4,4,4,4,0,7.0,1
Male,Loyal Customer,58,Business travel,Business,1428,3,5,5,5,2,2,3,3,3,3,3,2,3,3,54,42.0,0
Male,Loyal Customer,46,Personal Travel,Eco,2300,2,4,3,1,4,3,4,4,2,3,4,2,2,4,12,1.0,1
Male,Loyal Customer,52,Business travel,Business,646,2,4,2,2,2,5,4,5,5,5,5,5,5,4,0,0.0,1
Female,Loyal Customer,16,Personal Travel,Eco,252,4,4,4,2,3,4,3,3,5,3,4,5,4,3,0,0.0,1
Female,Loyal Customer,12,Personal Travel,Eco,419,5,2,1,2,2,1,2,2,2,1,2,2,2,2,0,0.0,0
Female,Loyal Customer,18,Personal Travel,Eco,802,4,2,4,3,5,4,5,5,2,3,3,3,4,5,10,4.0,1
Male,Loyal Customer,55,Business travel,Eco Plus,304,2,1,3,1,3,2,3,3,3,3,3,3,3,3,0,0.0,0
Female,Loyal Customer,64,Personal Travel,Eco Plus,990,2,3,2,4,4,2,5,1,1,2,1,2,1,5,4,0.0,0
Male,Loyal Customer,67,Business travel,Eco Plus,499,2,1,1,1,2,2,2,2,4,5,4,3,3,2,26,17.0,0
Female,Loyal Customer,28,Personal Travel,Eco,252,3,4,0,4,5,0,5,5,1,1,4,4,3,5,0,0.0,1
Male,Loyal Customer,63,Personal Travel,Eco,1491,1,5,1,5,1,1,1,1,4,5,5,3,4,1,0,53.0,0
Male,Loyal Customer,44,Business travel,Business,1807,4,4,1,4,4,4,5,2,2,2,2,5,2,5,0,0.0,1
Male,Loyal Customer,43,Personal Travel,Eco,1501,3,5,2,2,4,2,4,4,5,4,5,5,5,4,0,0.0,1
Female,disloyal Customer,20,Business travel,Eco,502,1,0,1,3,2,1,2,2,5,4,4,5,5,2,1,0.0,0
Female,Loyal Customer,69,Personal Travel,Eco,317,3,2,3,3,2,4,3,4,4,3,5,4,4,1,0,2.0,0
Female,disloyal Customer,22,Business travel,Eco,108,4,5,4,5,2,4,2,2,3,2,1,5,3,2,0,0.0,0
Male,disloyal Customer,27,Business travel,Eco,546,1,0,1,4,4,1,4,4,5,5,2,1,5,4,0,0.0,1
Female,disloyal Customer,45,Business travel,Eco,455,2,0,2,4,2,2,5,2,2,2,1,3,3,2,0,0.0,0
Male,Loyal Customer,58,Business travel,Eco,719,1,2,2,2,1,1,1,1,1,1,3,1,3,1,36,33.0,0
Female,Loyal Customer,46,Personal Travel,Eco,366,3,5,3,1,2,4,4,4,4,3,2,5,4,5,0,0.0,1
Male,Loyal Customer,40,Personal Travel,Eco,1020,3,4,3,3,2,3,2,2,5,3,4,3,4,2,7,0.0,0
Female,Loyal Customer,23,Business travel,Eco,758,3,2,2,2,3,3,4,3,4,4,3,2,4,3,0,3.0,0
Female,Loyal Customer,65,Personal Travel,Eco,258,2,5,2,1,2,4,3,3,3,2,5,5,3,5,21,4.0,1
Female,Loyal Customer,61,Business travel,Eco,1943,2,2,2,2,5,3,3,2,2,2,2,4,2,2,0,0.0,0
Male,Loyal Customer,56,Business travel,Eco,383,2,4,4,4,1,2,1,1,4,2,3,2,4,1,0,0.0,0
Male,Loyal Customer,38,Business travel,Business,2940,2,2,2,2,4,4,4,5,2,4,5,4,5,4,233,223.0,1
Male,Loyal Customer,38,Business travel,Eco Plus,838,5,1,1,1,5,5,5,5,3,4,2,2,3,5,0,0.0,1
Female,disloyal Customer,32,Business travel,Eco,936,2,2,2,4,3,2,3,3,3,3,5,2,3,3,10,8.0,0
Female,Loyal Customer,65,Personal Travel,Eco,578,2,4,3,4,2,4,4,3,3,3,3,4,3,3,99,101.0,0
Male,Loyal Customer,17,Personal Travel,Business,899,2,5,2,5,2,2,2,2,4,2,5,5,5,2,12,34.0,0
Female,Loyal Customer,59,Personal Travel,Eco,731,2,3,3,4,1,4,4,4,4,3,1,3,4,3,4,0.0,0
Male,Loyal Customer,47,Personal Travel,Eco,627,2,5,2,3,1,2,1,1,3,3,5,3,4,1,0,7.0,0
Male,Loyal Customer,42,Business travel,Business,1558,4,4,4,4,3,5,5,5,5,5,5,4,5,4,2,0.0,1
Female,Loyal Customer,48,Business travel,Business,2745,4,4,4,4,4,4,5,4,4,4,4,5,4,3,0,0.0,1
Female,Loyal Customer,29,Business travel,Business,2663,1,0,0,4,0,3,3,1,2,3,3,3,2,3,162,162.0,0
Male,disloyal Customer,22,Business travel,Eco,325,5,5,5,4,3,5,3,3,2,4,4,4,1,3,0,0.0,0
Male,disloyal Customer,27,Business travel,Eco,183,3,3,3,3,2,3,2,2,3,3,3,4,2,2,0,0.0,0
Male,Loyal Customer,60,Business travel,Business,3887,5,5,5,5,2,4,4,5,5,5,5,3,5,5,0,0.0,1
Female,Loyal Customer,39,Personal Travel,Eco,1197,1,5,1,3,4,1,3,4,4,2,5,4,4,4,0,11.0,1
Female,Loyal Customer,54,Business travel,Business,2217,5,5,5,5,2,5,4,3,3,4,3,4,3,4,9,11.0,1
Male,Loyal Customer,22,Business travel,Business,2785,4,1,1,1,4,4,4,4,2,4,3,4,3,4,14,19.0,1
Male,Loyal Customer,59,Business travel,Business,1379,3,1,1,1,4,3,3,3,3,3,3,2,3,1,1,0.0,0
Male,Loyal Customer,42,Business travel,Business,2154,1,3,1,1,5,5,4,5,5,5,5,5,5,4,2,0.0,1
Female,Loyal Customer,30,Business travel,Business,2402,4,4,4,4,5,5,5,5,2,4,5,2,2,5,8,0.0,1
Male,Loyal Customer,41,Business travel,Business,3467,1,1,1,1,3,3,3,4,4,4,4,2,4,5,1,0.0,1
Male,disloyal Customer,25,Business travel,Business,216,3,0,3,3,5,3,5,5,4,3,5,4,4,5,0,0.0,1
Female,Loyal Customer,23,Business travel,Business,1846,5,5,5,5,3,3,3,3,5,4,4,4,4,3,1,0.0,1
Female,Loyal Customer,44,Business travel,Business,696,5,5,5,5,5,4,4,4,4,4,4,3,4,3,21,26.0,1
Female,Loyal Customer,61,Personal Travel,Eco,1045,0,3,0,3,2,3,2,4,4,0,4,4,4,5,0,3.0,0
Male,Loyal Customer,55,Business travel,Eco,516,1,1,1,1,1,1,1,1,2,1,4,2,4,1,37,31.0,0
Male,disloyal Customer,17,Business travel,Eco,842,4,3,3,2,3,3,3,3,4,2,5,3,4,3,21,14.0,0
Male,Loyal Customer,17,Personal Travel,Eco Plus,1069,2,2,2,4,5,2,4,5,4,4,3,3,4,5,31,29.0,1
Female,Loyal Customer,30,Business travel,Eco Plus,1069,4,5,5,5,4,4,4,4,1,5,5,3,1,4,3,8.0,1
Male,Loyal Customer,49,Personal Travel,Eco,125,3,5,0,3,5,0,5,5,4,3,5,2,1,5,58,45.0,1
Female,Loyal Customer,25,Personal Travel,Eco,323,2,1,2,3,4,2,3,4,2,1,2,1,3,4,3,0.0,0
Female,Loyal Customer,49,Business travel,Business,3784,4,3,4,3,3,4,3,4,4,3,4,2,4,1,10,14.0,1
Male,disloyal Customer,23,Business travel,Eco,926,0,0,0,2,3,0,3,3,5,4,4,4,4,3,46,52.0,0
Male,Loyal Customer,49,Business travel,Business,2746,5,5,5,5,2,5,4,5,5,5,5,3,5,5,2,6.0,1
Male,Loyal Customer,61,Personal Travel,Eco,2133,2,5,3,3,1,3,1,1,3,5,5,3,4,1,0,0.0,0
Male,Loyal Customer,29,Personal Travel,Eco,546,0,2,0,4,5,0,5,5,3,2,4,4,4,5,0,0.0,1
Female,disloyal Customer,35,Business travel,Eco,1085,1,1,1,3,3,1,3,3,4,4,3,2,3,3,0,9.0,0
Male,Loyal Customer,18,Personal Travel,Eco,516,2,1,2,3,1,2,1,1,4,2,3,2,3,1,0,6.0,0
Male,Loyal Customer,32,Business travel,Business,150,0,4,0,3,4,1,1,4,4,2,3,1,1,4,0,0.0,0
Female,Loyal Customer,53,Personal Travel,Eco,992,5,4,5,4,5,4,5,4,4,5,4,5,4,4,28,20.0,1
Male,Loyal Customer,53,Business travel,Business,3933,2,2,2,2,3,4,5,5,5,5,5,4,5,5,0,42.0,1
Female,Loyal Customer,28,Personal Travel,Eco,950,2,3,2,4,3,2,3,3,3,4,3,2,3,3,39,17.0,0
Female,Loyal Customer,27,Personal Travel,Eco,1009,2,5,2,1,3,2,3,3,3,5,4,4,2,3,0,0.0,0
Female,disloyal Customer,45,Business travel,Business,1389,4,4,4,2,4,4,4,4,3,5,4,4,5,4,0,0.0,1
Male,disloyal Customer,46,Business travel,Eco,406,3,4,3,4,4,3,2,4,1,2,1,2,1,4,94,99.0,0
Female,Loyal Customer,47,Business travel,Eco,522,5,5,5,5,2,1,1,5,5,5,5,2,5,2,0,1.0,1
Female,Loyal Customer,60,Business travel,Business,1521,3,3,3,3,5,5,5,4,5,5,5,5,5,5,166,264.0,1
Female,Loyal Customer,40,Business travel,Eco,488,4,1,1,1,4,4,4,4,4,5,4,4,3,4,0,0.0,1
Female,disloyal Customer,23,Business travel,Eco,2454,2,2,2,3,2,4,4,1,5,2,3,4,4,4,0,33.0,0
Female,Loyal Customer,39,Business travel,Business,2976,5,5,4,5,3,4,4,2,2,2,2,4,2,3,0,0.0,0
Male,Loyal Customer,38,Business travel,Eco Plus,120,5,5,5,5,5,5,5,5,5,5,3,1,3,5,0,0.0,1
Male,disloyal Customer,11,Business travel,Eco,793,4,4,4,4,3,4,3,3,4,4,4,1,4,3,6,15.0,1
Female,Loyal Customer,9,Business travel,Eco,645,4,4,2,4,4,4,1,4,4,4,2,3,3,4,3,16.0,0
Female,disloyal Customer,21,Business travel,Eco,735,4,4,4,2,2,4,2,2,4,4,2,2,3,2,43,34.0,0
Male,Loyal Customer,30,Personal Travel,Eco,258,4,3,4,4,2,4,3,2,2,3,4,3,4,2,0,0.0,0
Female,Loyal Customer,66,Personal Travel,Eco,277,1,5,1,3,2,4,2,1,1,1,1,4,1,3,0,1.0,0
Female,Loyal Customer,32,Business travel,Business,363,3,3,3,3,2,2,2,2,5,2,4,3,5,2,0,0.0,0
Female,Loyal Customer,22,Personal Travel,Eco,31,2,5,2,3,5,2,5,5,3,2,4,5,4,5,0,0.0,1
Female,Loyal Customer,45,Business travel,Eco,852,4,5,1,1,1,2,2,4,4,4,4,2,4,2,0,42.0,0
Female,Loyal Customer,42,Business travel,Business,3694,2,2,5,2,2,4,4,4,4,4,4,3,4,4,0,0.0,1
Female,Loyal Customer,34,Business travel,Business,3389,1,1,1,1,3,5,5,5,5,5,5,5,5,5,40,24.0,1
Female,Loyal Customer,54,Personal Travel,Eco,528,4,1,4,2,1,2,2,1,1,4,2,1,1,1,101,72.0,0
Male,Loyal Customer,67,Personal Travel,Eco,363,3,5,3,3,5,3,5,5,4,4,4,5,4,5,5,2.0,1
Female,Loyal Customer,23,Personal Travel,Eco,643,3,4,3,3,5,3,5,5,4,3,1,2,5,5,0,3.0,1
Male,Loyal Customer,23,Business travel,Business,1919,2,2,2,2,2,2,2,2,3,4,3,5,4,2,0,0.0,0
Female,Loyal Customer,40,Personal Travel,Eco,1034,2,5,2,3,2,2,5,2,4,5,5,5,5,2,0,0.0,1
Male,Loyal Customer,51,Business travel,Business,3472,3,3,3,3,5,5,4,3,3,3,3,4,3,5,0,0.0,1
Female,Loyal Customer,18,Personal Travel,Eco,589,3,4,3,1,4,3,4,4,3,4,4,4,4,4,4,0.0,1
Female,Loyal Customer,52,Personal Travel,Eco Plus,1014,4,3,4,5,5,3,3,1,1,4,1,4,1,4,6,4.0,0
Male,Loyal Customer,24,Personal Travel,Eco,805,3,4,3,3,2,3,2,2,1,5,3,3,3,2,125,129.0,0
Female,Loyal Customer,55,Business travel,Business,1694,3,3,3,3,2,5,4,4,4,4,4,3,4,5,9,15.0,1
Male,Loyal Customer,50,Business travel,Business,993,2,2,2,2,3,4,4,4,4,4,4,5,4,5,0,0.0,1
Female,Loyal Customer,26,Business travel,Business,1056,3,3,2,3,4,4,4,4,3,3,5,4,5,4,8,12.0,1
Male,Loyal Customer,53,Business travel,Business,1820,1,1,1,1,2,4,4,4,4,4,4,3,4,3,1,15.0,1
Male,Loyal Customer,49,Personal Travel,Eco,543,2,5,3,2,5,3,5,5,2,3,5,4,3,5,17,11.0,1
Female,Loyal Customer,24,Personal Travel,Eco,1617,1,4,2,4,2,2,2,2,5,2,3,5,4,2,25,28.0,0
Female,Loyal Customer,34,Business travel,Eco,125,4,2,2,2,4,4,4,4,3,2,4,2,3,4,0,0.0,1
Male,Loyal Customer,53,Personal Travel,Eco Plus,2454,1,1,1,3,2,1,2,2,4,5,3,4,2,2,9,0.0,0
Female,Loyal Customer,58,Business travel,Business,1605,4,4,3,4,2,5,5,3,3,3,3,4,3,5,5,0.0,1
Male,Loyal Customer,55,Business travel,Business,3694,3,1,3,3,2,5,5,4,4,4,4,4,4,4,0,0.0,1
Female,Loyal Customer,27,Personal Travel,Eco,964,1,4,1,4,2,1,2,2,5,3,4,4,5,2,0,0.0,0
Male,Loyal Customer,59,Business travel,Eco,406,4,2,2,2,4,4,4,4,2,2,3,2,2,4,6,0.0,0
Female,Loyal Customer,34,Personal Travel,Eco,265,4,3,4,3,5,4,5,5,2,5,2,1,4,5,0,23.0,1
Male,Loyal Customer,34,Business travel,Eco,143,4,5,3,5,4,4,4,4,3,2,4,2,4,4,0,0.0,1
Female,Loyal Customer,47,Business travel,Business,406,4,4,4,4,4,5,5,4,4,5,4,3,4,5,0,0.0,1
Female,disloyal Customer,23,Business travel,Eco,1147,3,3,3,1,1,3,1,1,3,5,4,5,5,1,22,0.0,0
Female,Loyal Customer,33,Business travel,Business,2143,3,2,4,2,1,3,1,2,3,4,4,1,3,1,138,129.0,0
Female,Loyal Customer,53,Business travel,Business,3995,5,5,1,5,4,5,5,4,4,5,4,4,4,3,0,0.0,1
Female,Loyal Customer,50,Business travel,Eco,737,5,3,3,3,1,2,5,5,5,5,5,3,5,5,0,0.0,1
Male,Loyal Customer,54,Business travel,Business,3293,2,2,2,2,5,4,5,4,4,4,4,5,4,4,36,9.0,1
Female,Loyal Customer,50,Business travel,Business,2154,4,4,4,4,5,4,5,5,5,5,5,4,5,3,0,0.0,1
Male,Loyal Customer,27,Business travel,Business,430,2,2,2,2,4,4,4,4,2,3,1,5,2,4,1,10.0,0
Female,Loyal Customer,41,Business travel,Eco Plus,829,4,1,1,1,1,1,1,4,4,4,4,1,4,4,0,5.0,0
Male,Loyal Customer,58,Personal Travel,Eco,852,1,5,1,3,2,1,4,2,4,2,5,3,4,2,0,0.0,0
Male,Loyal Customer,10,Personal Travel,Eco,550,2,4,2,4,4,2,1,4,3,1,3,4,3,4,0,0.0,0
Female,Loyal Customer,63,Personal Travel,Eco,1237,3,5,3,5,4,3,5,2,2,3,2,4,2,3,0,51.0,0
Female,Loyal Customer,66,Personal Travel,Eco,369,1,3,1,1,1,2,2,2,1,2,4,2,3,2,145,164.0,0
Female,disloyal Customer,21,Business travel,Eco,258,0,0,0,4,3,0,3,3,3,2,5,4,4,3,0,0.0,0
Female,Loyal Customer,58,Personal Travel,Eco,2399,2,2,2,3,5,1,3,5,5,2,5,3,5,1,0,0.0,1
Female,Loyal Customer,42,Personal Travel,Eco,401,3,5,3,3,3,4,4,1,1,3,1,5,1,3,105,96.0,0
Male,Loyal Customer,37,Personal Travel,Eco Plus,2586,2,5,2,3,4,2,4,4,3,2,4,5,4,4,1,0.0,1
Female,Loyal Customer,64,Personal Travel,Eco,2454,3,2,3,3,3,1,1,1,2,3,4,1,4,1,3,16.0,0
Male,disloyal Customer,22,Business travel,Eco,1064,2,2,2,2,4,2,4,4,1,2,3,2,2,4,0,0.0,0
Female,Loyal Customer,47,Business travel,Eco,416,2,1,3,3,1,4,3,2,2,2,2,3,2,1,8,11.0,0
Male,Loyal Customer,69,Personal Travel,Eco,192,4,5,4,2,3,4,3,3,5,2,5,4,5,3,33,25.0,1
Female,disloyal Customer,42,Business travel,Eco,1013,1,1,1,3,3,1,3,3,1,1,4,4,3,3,8,0.0,0
Female,disloyal Customer,21,Business travel,Eco,173,3,0,3,1,2,3,2,2,3,3,5,4,4,2,0,0.0,0
Male,Loyal Customer,19,Business travel,Business,321,3,1,1,1,3,3,3,3,4,5,3,1,4,3,0,0.0,0
Female,Loyal Customer,69,Business travel,Eco,449,3,2,2,2,2,3,4,3,3,3,3,3,3,1,2,0.0,0
Male,Loyal Customer,54,Business travel,Eco,646,3,5,5,5,3,3,3,3,2,2,3,4,3,3,0,0.0,0
Male,Loyal Customer,62,Business travel,Eco,458,4,4,4,4,4,4,4,4,3,5,3,5,4,4,47,38.0,1
Female,Loyal Customer,69,Personal Travel,Eco,369,3,4,3,3,1,3,3,4,4,3,4,1,4,2,0,0.0,0
Female,Loyal Customer,52,Business travel,Business,229,2,2,2,2,2,4,5,4,4,4,4,3,4,3,0,0.0,1
Female,Loyal Customer,66,Personal Travel,Eco,2422,1,5,1,2,1,3,3,3,5,4,4,3,5,3,13,6.0,0
Female,Loyal Customer,56,Business travel,Business,1846,3,3,3,3,2,4,5,3,3,3,3,3,3,4,28,3.0,1
Male,Loyal Customer,23,Business travel,Business,3968,2,3,3,3,2,1,2,2,1,1,3,3,3,2,59,56.0,0
Female,disloyal Customer,38,Business travel,Business,134,1,0,0,4,1,0,1,1,3,3,4,2,3,1,0,17.0,0
Female,Loyal Customer,31,Business travel,Eco,1774,1,5,5,5,1,1,1,1,2,3,1,2,3,1,0,0.0,0
Male,Loyal Customer,58,Business travel,Business,1593,3,3,3,3,3,5,5,2,2,2,2,3,2,5,0,0.0,1
Female,Loyal Customer,37,Business travel,Business,134,3,3,3,3,5,2,1,5,5,5,5,5,5,1,20,27.0,1
Male,Loyal Customer,58,Personal Travel,Eco,369,3,5,3,1,2,3,2,2,5,5,1,3,2,2,1,1.0,0
Female,Loyal Customer,16,Personal Travel,Eco,175,2,4,2,3,5,2,5,5,4,5,4,3,4,5,0,0.0,1
Female,Loyal Customer,54,Business travel,Business,930,3,3,3,3,4,4,5,4,4,4,4,4,4,3,120,121.0,1
Male,disloyal Customer,40,Business travel,Business,282,4,4,4,1,3,4,5,3,4,3,5,5,4,3,0,0.0,1
Male,disloyal Customer,27,Business travel,Business,1199,2,2,2,5,4,2,4,4,5,2,5,5,5,4,20,4.0,1
Female,Loyal Customer,41,Business travel,Business,1731,0,0,0,5,5,5,4,2,2,2,2,4,2,5,24,6.0,0
Male,Loyal Customer,43,Business travel,Business,2954,3,2,2,2,5,4,4,2,2,1,3,3,2,3,0,0.0,0
Female,Loyal Customer,43,Business travel,Eco Plus,888,3,2,2,2,2,2,3,3,3,3,3,2,3,2,17,4.0,0
Female,disloyal Customer,38,Business travel,Eco,569,2,0,2,1,3,2,4,3,4,2,1,1,5,3,0,57.0,0
Female,Loyal Customer,12,Business travel,Eco,612,3,3,3,3,3,3,3,3,3,3,3,1,3,3,0,0.0,0
Female,disloyal Customer,21,Business travel,Eco,118,3,2,3,3,2,3,2,2,1,2,4,2,3,2,0,0.0,0
Female,Loyal Customer,35,Business travel,Business,530,3,5,2,2,1,4,3,3,3,4,3,3,3,1,0,1.0,0
Male,Loyal Customer,42,Business travel,Business,675,5,5,5,5,3,4,4,4,4,4,4,5,4,3,74,62.0,1
Female,Loyal Customer,52,Business travel,Business,1598,2,2,2,2,4,3,5,4,4,5,4,3,4,3,0,0.0,1
Female,Loyal Customer,45,Personal Travel,Eco,590,1,2,1,3,2,4,3,4,4,1,4,3,4,4,3,4.0,0
Female,Loyal Customer,43,Business travel,Business,1999,0,5,0,1,3,2,5,2,2,2,2,2,2,4,4,22.0,0
Male,Loyal Customer,23,Personal Travel,Eco,383,2,5,2,1,3,2,3,3,2,2,2,5,5,3,0,0.0,0
Female,Loyal Customer,8,Personal Travel,Eco Plus,496,4,5,4,1,3,4,3,3,4,2,5,3,4,3,5,0.0,1
Female,Loyal Customer,48,Business travel,Business,3551,5,5,5,5,5,4,4,5,5,5,5,3,5,3,0,1.0,1
Female,Loyal Customer,35,Business travel,Business,2588,3,2,2,2,3,3,3,3,4,3,2,3,1,3,1,1.0,0
Female,Loyal Customer,19,Personal Travel,Eco,1303,3,2,3,4,4,3,4,4,1,5,3,3,3,4,0,0.0,1
Female,Loyal Customer,29,Business travel,Business,1703,1,2,2,2,1,1,1,1,3,4,3,1,3,1,36,26.0,0
Female,disloyal Customer,21,Business travel,Eco,402,2,0,2,3,1,2,1,1,2,1,3,1,4,1,0,0.0,0
Female,Loyal Customer,66,Personal Travel,Eco,1096,2,1,2,3,1,3,3,2,2,2,2,3,2,1,0,0.0,0
Male,Loyal Customer,60,Business travel,Eco Plus,331,4,3,2,3,4,4,4,4,3,4,3,3,5,4,2,0.0,1
Male,Loyal Customer,50,Business travel,Business,3281,3,3,3,3,5,4,5,4,4,4,4,4,4,3,0,0.0,1
Male,disloyal Customer,16,Business travel,Eco,1037,5,5,5,1,2,5,2,2,3,5,5,3,3,2,0,2.0,0
Male,Loyal Customer,56,Personal Travel,Eco,1590,3,5,3,2,1,3,1,1,3,3,4,5,5,1,6,0.0,0
Male,Loyal Customer,61,Business travel,Business,118,3,3,3,3,2,4,5,5,5,5,4,3,5,5,4,0.0,1
Female,Loyal Customer,41,Business travel,Business,2419,2,2,2,2,2,3,4,4,4,4,4,5,4,3,0,4.0,1
Male,Loyal Customer,23,Business travel,Business,447,2,2,2,2,2,2,2,2,4,2,4,1,4,2,0,0.0,0
Male,Loyal Customer,52,Business travel,Business,2814,2,2,2,2,4,5,4,4,4,4,4,4,4,3,0,0.0,1
Female,Loyal Customer,23,Business travel,Business,1532,2,2,2,2,4,4,4,4,5,3,4,4,5,4,25,50.0,1
Male,Loyal Customer,43,Business travel,Business,2815,2,2,2,2,3,5,4,4,4,4,4,5,4,4,0,7.0,1
Male,Loyal Customer,45,Personal Travel,Eco,626,1,5,1,1,2,1,2,2,3,5,5,3,4,2,0,0.0,0
Female,Loyal Customer,45,Personal Travel,Eco,1514,2,4,2,4,5,1,3,5,5,2,5,1,5,3,1,0.0,1
Female,Loyal Customer,27,Personal Travel,Eco Plus,531,2,5,5,1,2,5,2,2,4,2,4,5,4,2,2,0.0,0
Female,Loyal Customer,55,Business travel,Business,199,5,5,5,5,3,5,5,5,5,5,5,5,5,4,0,0.0,1
Male,Loyal Customer,43,Business travel,Business,544,4,4,4,4,4,4,5,4,4,4,4,5,4,3,0,0.0,1
Female,Loyal Customer,31,Business travel,Business,1747,2,2,2,2,2,2,2,2,4,2,3,4,3,2,24,17.0,0
Male,Loyal Customer,32,Business travel,Business,679,3,3,3,3,5,5,5,5,3,4,5,5,4,5,0,0.0,1
Male,Loyal Customer,7,Personal Travel,Eco,432,3,3,3,4,5,3,5,5,4,5,4,2,3,5,41,29.0,1
Female,disloyal Customer,61,Personal Travel,Eco,1065,3,4,3,5,2,3,2,2,5,3,4,3,4,2,35,12.0,0
Female,Loyal Customer,17,Personal Travel,Eco,399,2,5,2,4,4,2,4,4,5,3,4,5,4,4,0,0.0,1
Male,Loyal Customer,34,Business travel,Business,3224,4,4,4,4,2,5,5,5,5,5,5,5,5,3,0,0.0,1
Male,Loyal Customer,43,Business travel,Business,3774,1,1,1,1,4,4,5,5,5,5,5,3,5,4,67,72.0,1
Male,Loyal Customer,49,Business travel,Business,3527,4,4,4,4,1,1,4,4,4,4,4,5,4,1,34,24.0,1
Male,Loyal Customer,47,Business travel,Business,1513,2,2,2,2,4,5,5,4,4,4,4,4,4,3,12,0.0,1
Female,disloyal Customer,38,Business travel,Eco,919,3,3,3,4,4,3,4,4,4,2,4,1,3,4,0,0.0,1
Female,Loyal Customer,29,Personal Travel,Eco,544,1,5,1,4,5,1,5,5,4,1,5,4,2,5,0,0.0,1
Male,Loyal Customer,16,Personal Travel,Eco,926,1,4,1,3,4,1,4,4,3,3,5,3,4,4,0,1.0,1
Male,Loyal Customer,45,Business travel,Business,762,4,4,4,4,4,4,4,5,5,5,5,4,5,3,31,27.0,1
Female,Loyal Customer,64,Personal Travel,Eco,1107,3,3,2,3,5,5,4,4,4,2,4,3,4,5,15,23.0,1
Male,Loyal Customer,42,Business travel,Business,356,4,3,4,4,3,5,4,4,4,4,4,4,4,5,0,5.0,1
Female,Loyal Customer,34,Business travel,Business,590,3,3,3,3,3,1,5,5,5,5,5,4,5,4,0,10.0,1
Female,Loyal Customer,26,Business travel,Business,2998,5,5,5,5,4,4,4,4,4,5,4,4,5,4,3,2.0,1
Male,Loyal Customer,16,Personal Travel,Business,1259,2,5,2,4,5,2,5,5,4,5,3,4,5,5,0,0.0,1
Male,Loyal Customer,15,Personal Travel,Eco,325,2,4,2,2,2,2,5,2,4,2,4,5,5,2,0,0.0,0
Female,disloyal Customer,25,Business travel,Eco,488,3,4,3,3,1,3,1,1,2,1,3,4,4,1,10,0.0,0
Female,disloyal Customer,21,Business travel,Business,853,2,1,3,3,3,3,3,3,2,4,3,1,3,3,0,0.0,0
Female,Loyal Customer,37,Business travel,Eco,151,1,4,4,4,1,2,1,1,1,3,4,4,4,1,0,0.0,0
Female,Loyal Customer,16,Personal Travel,Eco,74,1,5,1,4,3,1,3,3,5,2,5,5,5,3,58,56.0,0
Male,Loyal Customer,41,Business travel,Business,2052,2,2,2,2,3,4,5,3,3,3,3,3,3,5,4,0.0,1
Female,Loyal Customer,64,Personal Travel,Business,965,3,5,3,3,5,5,5,1,1,3,1,5,1,5,11,4.0,0
Female,Loyal Customer,47,Business travel,Business,455,4,4,4,4,3,4,4,5,5,5,5,5,5,5,0,16.0,1
Female,disloyal Customer,21,Business travel,Eco,270,3,0,3,1,4,3,4,4,4,2,3,1,3,4,0,0.0,0
Female,Loyal Customer,36,Personal Travel,Eco,447,2,4,2,3,5,2,5,5,3,5,4,3,4,5,16,15.0,1
Male,Loyal Customer,28,Personal Travel,Eco,1005,2,5,2,2,4,2,4,4,3,5,1,5,3,4,8,16.0,1
Male,Loyal Customer,37,Business travel,Eco,1384,4,5,5,5,4,4,4,4,3,3,5,4,5,4,0,29.0,1
Male,Loyal Customer,50,Personal Travel,Eco Plus,1249,3,2,3,4,3,3,3,3,4,2,4,4,4,3,8,0.0,0
Female,Loyal Customer,19,Personal Travel,Eco,507,2,5,2,1,3,2,3,3,3,4,4,3,5,3,62,60.0,0
Female,disloyal Customer,27,Business travel,Business,325,1,1,1,2,4,1,4,4,4,3,3,4,2,4,16,14.0,0
Male,Loyal Customer,37,Business travel,Business,468,1,3,3,3,2,3,3,1,1,1,1,2,1,1,0,0.0,0
Male,disloyal Customer,56,Business travel,Business,223,2,2,2,2,5,2,5,5,4,4,5,4,5,5,10,10.0,1
Female,Loyal Customer,51,Business travel,Business,946,3,3,1,3,3,5,5,4,4,4,4,5,4,4,8,18.0,1
Female,disloyal Customer,25,Business travel,Eco,533,5,0,5,4,3,5,3,3,1,2,1,2,2,3,0,4.0,0
Female,Loyal Customer,48,Personal Travel,Eco,626,5,5,5,1,2,5,4,1,1,5,1,5,1,4,0,0.0,0
Female,Loyal Customer,45,Personal Travel,Eco,473,3,1,3,4,4,3,4,3,3,3,3,3,3,1,0,0.0,0
Female,disloyal Customer,39,Business travel,Business,300,3,3,3,3,4,3,4,4,2,4,3,4,4,4,23,39.0,1
Male,disloyal Customer,60,Business travel,Eco,801,4,4,4,4,4,4,4,4,2,4,4,3,4,4,0,0.0,1
Female,Loyal Customer,46,Business travel,Business,1510,4,4,4,4,4,4,4,4,4,4,4,4,4,3,1,0.0,1
Female,Loyal Customer,45,Personal Travel,Eco,552,3,1,3,4,4,5,5,5,5,3,5,4,5,5,0,0.0,1
Female,Loyal Customer,52,Personal Travel,Eco,417,1,4,3,4,3,3,3,4,4,3,4,3,4,1,22,9.0,0
Male,Loyal Customer,30,Personal Travel,Eco Plus,814,1,0,1,4,1,1,1,1,4,3,4,4,3,1,0,0.0,0
Male,Loyal Customer,23,Business travel,Business,3392,2,2,5,2,2,3,2,2,1,1,3,4,4,2,0,30.0,0
Male,Loyal Customer,40,Business travel,Business,1724,4,4,5,4,5,2,3,4,4,4,4,1,4,2,27,21.0,1
Male,disloyal Customer,17,Business travel,Eco,491,1,4,1,4,1,1,1,1,4,4,3,4,3,1,0,1.0,0
Male,Loyal Customer,65,Personal Travel,Eco,120,4,3,4,2,3,4,1,3,4,3,1,5,2,3,47,42.0,0
Male,Loyal Customer,47,Personal Travel,Eco,337,4,5,4,1,2,4,2,2,4,2,5,4,4,2,77,79.0,0
Male,disloyal Customer,37,Business travel,Business,216,2,2,2,3,1,2,1,1,1,2,1,3,3,1,1,0.0,0
Male,Loyal Customer,39,Personal Travel,Eco,342,3,5,3,3,4,3,4,4,3,2,5,4,4,4,0,0.0,1
Female,Loyal Customer,10,Personal Travel,Eco,2227,2,3,2,3,4,2,4,4,1,4,2,3,3,4,0,4.0,0
Female,Loyal Customer,57,Personal Travel,Eco,1900,3,5,3,1,2,5,4,4,4,3,4,4,4,5,0,0.0,1
Female,Loyal Customer,55,Business travel,Business,1708,3,3,3,3,2,5,5,5,5,5,5,4,5,5,0,0.0,1
Male,Loyal Customer,53,Personal Travel,Eco,130,3,2,3,3,5,3,1,5,4,4,4,1,4,5,2,0.0,1
Female,Loyal Customer,44,Business travel,Business,283,0,0,0,1,3,4,4,2,2,2,2,4,2,4,0,0.0,0
Male,disloyal Customer,47,Business travel,Business,447,4,4,4,3,2,4,2,2,3,3,5,4,5,2,0,0.0,0
Female,Loyal Customer,47,Personal Travel,Business,452,1,5,1,3,1,3,3,5,3,5,5,3,5,3,210,192.0,0
Male,Loyal Customer,56,Business travel,Eco,197,1,2,2,2,1,1,1,1,2,2,4,3,3,1,0,0.0,0
Male,Loyal Customer,44,Business travel,Business,3723,5,5,5,5,4,4,4,5,5,5,5,4,5,3,1,0.0,1
Female,Loyal Customer,11,Personal Travel,Eco,326,4,2,4,2,5,4,1,5,2,5,2,4,3,5,0,0.0,1
Male,Loyal Customer,54,Business travel,Business,331,3,3,3,3,2,4,4,4,4,4,4,3,4,3,0,2.0,1
Female,Loyal Customer,22,Business travel,Business,641,5,5,5,5,5,5,5,5,5,2,2,5,5,5,96,112.0,1
Male,Loyal Customer,38,Business travel,Business,1672,3,3,5,3,3,1,3,4,4,4,4,4,4,5,0,13.0,1
Male,Loyal Customer,55,Business travel,Business,2679,3,2,2,2,4,2,2,3,3,3,3,3,3,3,2,1.0,0
Female,Loyal Customer,27,Personal Travel,Eco,781,1,4,2,5,5,2,1,5,4,1,4,1,5,5,23,21.0,0
Male,Loyal Customer,59,Business travel,Business,2104,4,4,4,4,3,4,5,4,4,4,4,3,4,5,4,0.0,1
Female,Loyal Customer,26,Personal Travel,Eco,666,2,4,2,4,4,2,4,4,3,3,4,3,4,4,0,45.0,1
Female,Loyal Customer,46,Business travel,Business,2556,3,3,3,3,5,4,5,5,5,5,5,3,5,4,0,0.0,1
Male,disloyal Customer,64,Business travel,Eco,406,3,0,3,5,2,3,2,2,1,5,2,3,3,2,0,0.0,0
Male,Loyal Customer,27,Business travel,Business,2076,3,3,3,3,4,4,4,4,3,4,4,4,5,4,0,1.0,1
Male,disloyal Customer,45,Business travel,Eco,992,2,2,2,3,3,2,3,3,2,5,3,1,2,3,1,19.0,0
Male,disloyal Customer,40,Business travel,Eco,163,4,0,4,1,1,4,1,1,3,1,2,5,2,1,0,0.0,0
Female,disloyal Customer,23,Business travel,Business,247,5,5,5,1,2,5,2,2,3,2,4,4,4,2,0,0.0,0
Male,disloyal Customer,21,Business travel,Business,349,5,2,5,2,3,5,3,3,4,2,4,5,4,3,36,33.0,1
Female,Loyal Customer,44,Business travel,Business,2250,4,4,4,4,2,5,4,4,4,4,4,5,4,3,0,0.0,1
Male,Loyal Customer,61,Personal Travel,Eco,227,3,4,0,3,4,0,4,4,3,5,5,5,4,4,0,0.0,1
Male,Loyal Customer,20,Business travel,Business,2442,1,1,1,1,5,5,5,5,4,3,4,4,5,5,0,0.0,1
Female,Loyal Customer,56,Business travel,Business,3428,2,2,2,2,1,4,3,4,4,5,4,3,4,4,0,0.0,1
Female,Loyal Customer,43,Business travel,Business,3811,4,4,4,4,2,4,2,4,4,4,4,4,4,5,0,0.0,1
Female,disloyal Customer,49,Business travel,Business,265,2,2,2,1,2,5,3,5,2,4,4,3,5,3,124,150.0,1
Male,Loyal Customer,7,Personal Travel,Eco,977,4,5,4,4,4,4,4,4,4,5,4,4,3,4,189,185.0,1
Male,Loyal Customer,43,Business travel,Business,629,4,4,4,4,5,4,4,4,4,4,4,3,4,4,63,50.0,1
Male,Loyal Customer,35,Personal Travel,Eco,391,4,1,4,3,4,4,4,4,2,4,4,4,3,4,186,194.0,1
Male,Loyal Customer,38,Business travel,Eco,692,5,5,5,5,5,5,5,5,3,2,1,2,5,5,0,0.0,1
Male,Loyal Customer,47,Business travel,Eco,591,4,1,1,1,4,4,4,4,4,4,2,3,3,4,0,0.0,1
Male,Loyal Customer,49,Personal Travel,Eco,590,1,5,1,3,3,1,3,3,4,2,4,4,4,3,0,8.0,0
Female,Loyal Customer,25,Business travel,Eco Plus,837,2,4,4,4,2,2,2,2,1,3,4,1,4,2,0,2.0,0
Male,Loyal Customer,32,Business travel,Business,1235,3,3,4,3,5,5,5,5,4,3,5,5,5,5,42,17.0,1
Female,Loyal Customer,41,Business travel,Eco,331,4,4,4,4,4,4,4,4,1,4,1,3,4,4,0,0.0,1
Female,Loyal Customer,54,Business travel,Eco,290,4,2,2,2,3,1,1,4,4,4,4,1,4,3,0,20.0,0
Male,Loyal Customer,50,Business travel,Eco,1107,2,5,2,5,1,2,1,1,2,3,3,3,3,1,0,1.0,0
Female,Loyal Customer,59,Business travel,Business,3075,5,5,5,5,3,4,4,4,4,4,4,4,4,5,39,24.0,1
Male,disloyal Customer,27,Business travel,Business,1179,2,2,2,1,3,2,3,3,5,4,2,2,2,3,0,11.0,0
Female,Loyal Customer,59,Business travel,Business,3805,4,4,4,4,2,4,5,4,4,4,4,4,4,4,11,0.0,1
Male,Loyal Customer,46,Business travel,Business,2419,3,3,3,3,5,3,4,4,4,4,4,5,4,3,87,78.0,1
Female,Loyal Customer,60,Business travel,Business,2320,0,5,0,5,3,5,4,1,1,1,1,5,1,5,34,33.0,0
Female,Loyal Customer,54,Personal Travel,Eco,925,3,4,4,4,3,3,4,4,4,4,4,3,4,2,0,1.0,1
Male,Loyal Customer,56,Business travel,Business,319,4,4,4,4,4,4,2,5,5,5,5,3,5,1,0,0.0,1
Female,Loyal Customer,47,Business travel,Business,515,4,4,2,4,4,4,4,5,5,5,5,4,5,4,0,0.0,1
Female,Loyal Customer,25,Business travel,Business,2964,3,3,3,3,3,4,3,3,1,3,4,1,4,3,26,10.0,0
Male,Loyal Customer,40,Business travel,Business,2219,5,5,5,5,2,4,5,4,4,4,4,3,4,5,0,0.0,1
Female,Loyal Customer,66,Personal Travel,Eco,214,1,0,1,4,5,5,5,5,5,1,3,5,5,5,0,0.0,1
Female,disloyal Customer,26,Business travel,Business,1076,3,3,3,3,3,3,5,3,4,3,4,2,3,3,0,0.0,1
Male,Loyal Customer,14,Personal Travel,Eco,1107,4,3,3,4,4,3,4,4,4,4,3,3,2,4,0,0.0,1
Female,disloyal Customer,73,Business travel,Eco,107,3,4,3,4,3,3,1,3,4,2,4,4,4,3,82,81.0,0
Female,Loyal Customer,54,Business travel,Business,1609,4,4,4,4,4,4,4,5,5,5,5,3,5,3,6,9.0,1
Male,Loyal Customer,59,Business travel,Eco,594,2,1,1,1,2,2,2,2,2,5,3,2,2,2,0,0.0,0
Female,disloyal Customer,54,Business travel,Eco,384,2,0,2,5,2,2,2,2,1,2,3,1,5,2,28,16.0,0
Male,Loyal Customer,45,Business travel,Eco,201,2,2,2,2,1,2,1,1,4,3,4,3,4,1,0,0.0,0
Female,Loyal Customer,48,Personal Travel,Eco,370,2,3,2,2,2,3,3,2,2,2,2,4,2,3,99,94.0,0
Male,Loyal Customer,41,Personal Travel,Eco,228,2,5,2,4,3,2,3,3,4,2,5,5,5,3,0,19.0,0
Female,Loyal Customer,46,Business travel,Business,316,3,3,3,3,5,4,4,4,4,4,4,5,4,3,0,0.0,1
Female,Loyal Customer,40,Business travel,Business,1464,4,4,4,4,5,5,5,4,4,3,4,3,4,4,0,0.0,1
Female,Loyal Customer,46,Business travel,Business,2141,1,1,1,1,3,5,4,3,3,4,3,4,3,3,10,3.0,1
Male,Loyal Customer,54,Business travel,Business,861,5,2,5,5,3,4,5,1,1,2,1,4,1,5,98,113.0,0
Male,disloyal Customer,30,Business travel,Eco Plus,967,4,4,4,4,3,4,3,3,2,2,3,4,4,3,1,0.0,0
Male,Loyal Customer,44,Business travel,Business,1587,3,3,3,3,3,3,4,4,4,4,4,5,4,5,87,79.0,1
Female,Loyal Customer,29,Business travel,Business,3637,4,3,3,3,4,4,4,4,3,5,4,2,4,4,23,12.0,1
Male,Loyal Customer,43,Personal Travel,Eco,612,3,2,3,4,4,3,4,4,2,5,4,3,4,4,16,2.0,1
Female,Loyal Customer,13,Personal Travel,Eco,1185,1,2,1,3,3,1,3,3,4,1,3,2,3,3,16,0.0,0
Female,disloyal Customer,28,Business travel,Business,1192,5,5,5,2,3,5,3,3,4,3,4,3,5,3,0,0.0,1
Male,Loyal Customer,59,Business travel,Business,3814,0,4,0,4,3,4,4,5,5,5,5,3,5,4,7,0.0,1
Female,Loyal Customer,47,Business travel,Business,1839,4,3,3,3,1,3,4,3,3,2,4,3,3,2,39,31.0,0
Male,Loyal Customer,64,Personal Travel,Eco,289,3,3,3,4,1,3,1,1,1,2,3,1,3,1,0,10.0,0
Male,Loyal Customer,39,Business travel,Business,760,3,3,3,3,3,4,4,5,5,5,5,5,5,4,0,0.0,1
Male,Loyal Customer,22,Business travel,Eco,1156,5,2,2,2,5,5,4,5,3,5,2,3,1,5,0,0.0,1
Female,Loyal Customer,40,Personal Travel,Eco,236,0,4,0,3,4,0,4,4,2,3,3,3,4,4,0,0.0,0
Female,Loyal Customer,51,Personal Travel,Eco,802,2,4,2,4,2,3,4,3,3,2,3,1,3,4,0,0.0,0
Female,Loyal Customer,65,Business travel,Business,2457,3,3,3,3,2,3,5,4,4,4,4,3,4,1,1,0.0,1
Female,Loyal Customer,35,Business travel,Business,1807,2,5,4,4,2,4,3,2,2,2,2,3,2,2,0,0.0,0
Female,disloyal Customer,24,Business travel,Eco,304,3,0,3,3,4,3,4,4,5,5,4,5,5,4,0,0.0,1
Female,Loyal Customer,64,Personal Travel,Eco Plus,1142,1,3,1,3,3,2,3,3,3,1,3,1,3,3,31,32.0,0
Female,Loyal Customer,10,Personal Travel,Eco Plus,612,3,5,3,3,3,3,3,3,1,2,5,3,5,3,89,80.0,0
Female,Loyal Customer,54,Business travel,Business,3894,3,2,2,2,5,2,2,3,3,3,3,1,3,3,0,0.0,0
Male,Loyal Customer,28,Personal Travel,Eco Plus,2521,4,4,5,1,5,5,5,5,2,5,5,5,3,5,6,0.0,1
Male,Loyal Customer,31,Personal Travel,Eco,188,3,4,0,1,3,0,3,3,4,2,5,4,5,3,0,4.0,0
Male,Loyal Customer,47,Personal Travel,Eco,1034,3,5,3,2,3,2,2,4,3,4,4,2,4,2,183,144.0,0
Male,Loyal Customer,34,Business travel,Business,3772,4,4,4,4,2,2,1,5,5,5,5,3,5,3,85,70.0,1
Female,Loyal Customer,38,Personal Travel,Eco Plus,1674,3,1,4,3,2,4,2,2,2,5,2,3,2,2,39,17.0,0
Male,Loyal Customer,40,Business travel,Business,3454,3,3,3,3,2,4,4,4,4,4,4,3,4,3,20,0.0,1
Male,Loyal Customer,63,Personal Travel,Eco,429,1,4,5,5,2,5,2,2,4,4,1,2,5,2,15,0.0,0
Male,Loyal Customer,20,Personal Travel,Eco,1111,3,5,4,3,5,4,5,5,4,4,5,5,5,5,0,2.0,1
Male,Loyal Customer,49,Business travel,Business,3111,5,5,5,5,5,5,4,4,4,5,4,4,4,3,0,0.0,1
Female,Loyal Customer,56,Business travel,Business,1735,4,4,4,4,4,5,5,4,4,4,4,5,4,4,11,10.0,1
Male,Loyal Customer,57,Business travel,Business,1460,4,4,4,4,3,4,5,5,5,5,5,3,5,4,21,22.0,1
Female,Loyal Customer,22,Business travel,Business,2176,2,4,3,3,2,2,2,2,2,1,3,2,4,2,18,4.0,0
Female,Loyal Customer,48,Business travel,Business,879,2,2,2,2,5,4,5,4,4,4,4,3,4,3,9,3.0,1
Female,Loyal Customer,33,Business travel,Eco,231,5,1,1,1,5,5,5,5,3,1,3,4,3,5,0,0.0,1
Male,Loyal Customer,60,Business travel,Business,950,2,2,1,2,5,5,5,5,5,5,5,5,5,5,0,17.0,1
Male,Loyal Customer,48,Personal Travel,Eco,700,3,5,3,1,2,3,2,2,3,2,5,3,5,2,0,0.0,0
Female,Loyal Customer,72,Business travel,Business,436,2,3,5,5,1,4,3,2,2,2,2,4,2,3,0,0.0,0
Female,Loyal Customer,68,Personal Travel,Eco,671,4,4,5,4,1,4,4,4,4,5,4,4,4,1,0,10.0,1
Female,disloyal Customer,39,Business travel,Business,338,3,3,3,2,5,3,5,5,3,4,4,4,4,5,25,29.0,1
Male,Loyal Customer,56,Personal Travel,Eco,646,4,2,4,4,4,4,4,4,1,2,3,4,4,4,1,2.0,1
Female,Loyal Customer,47,Business travel,Business,816,5,5,5,5,5,5,4,5,5,5,5,5,5,4,0,0.0,1
Male,disloyal Customer,26,Business travel,Business,1389,1,1,1,1,3,1,3,3,3,2,5,5,5,3,57,80.0,0
Female,Loyal Customer,55,Business travel,Business,2769,4,4,4,4,4,2,2,4,4,4,4,4,4,1,0,3.0,1
Male,Loyal Customer,48,Business travel,Business,239,4,4,4,4,4,4,4,5,5,5,5,5,5,4,3,3.0,1
Male,Loyal Customer,63,Personal Travel,Eco,377,5,5,5,5,5,5,3,5,3,3,4,5,5,5,93,102.0,1
Male,Loyal Customer,34,Business travel,Business,1703,2,2,2,2,3,3,3,2,2,2,2,2,2,2,0,2.0,0
Female,Loyal Customer,45,Business travel,Business,1760,4,4,2,4,5,4,4,5,5,5,5,5,5,5,0,0.0,1
Female,Loyal Customer,50,Business travel,Eco,1448,2,5,5,5,3,3,4,2,2,2,2,1,2,3,0,0.0,0
Female,Loyal Customer,35,Business travel,Eco,119,3,3,3,3,3,3,3,3,3,3,3,4,3,3,0,0.0,0
Male,disloyal Customer,35,Business travel,Business,986,4,4,4,1,5,4,5,5,3,4,4,3,5,5,0,0.0,1
Female,Loyal Customer,10,Personal Travel,Eco Plus,447,4,4,4,4,5,4,5,5,3,5,5,4,5,5,0,0.0,1
Female,Loyal Customer,57,Personal Travel,Eco,1197,2,4,2,3,3,4,5,3,3,2,3,4,3,5,0,15.0,1
Male,disloyal Customer,44,Business travel,Business,228,3,3,3,4,3,3,3,3,2,2,4,4,3,3,0,3.0,0
Female,Loyal Customer,40,Personal Travel,Eco,1626,4,5,4,4,4,4,5,4,5,4,4,3,5,4,0,9.0,1
Male,Loyal Customer,41,Business travel,Business,3854,0,1,1,1,2,4,4,4,4,4,4,4,4,3,0,0.0,1
Male,Loyal Customer,44,Business travel,Business,1896,1,1,1,1,3,4,5,4,4,4,4,4,4,4,0,0.0,1
Female,Loyal Customer,44,Business travel,Business,1827,3,3,3,3,2,5,5,2,2,2,2,5,2,4,23,17.0,0
Male,Loyal Customer,41,Business travel,Business,2138,5,3,5,5,2,4,4,4,4,4,4,4,4,4,0,0.0,1
Female,Loyal Customer,22,Business travel,Business,160,1,5,5,5,1,1,1,1,3,2,3,2,4,1,0,0.0,0
Female,Loyal Customer,47,Business travel,Business,516,5,4,5,5,2,4,4,5,5,5,5,5,5,3,17,9.0,1
Female,Loyal Customer,45,Personal Travel,Eco,145,3,4,3,4,5,2,5,5,5,3,4,1,5,2,12,23.0,1
Female,Loyal Customer,51,Business travel,Eco,238,4,2,2,2,2,3,1,4,4,4,4,5,4,2,34,29.0,0
Female,Loyal Customer,53,Business travel,Business,1674,1,1,1,1,4,4,4,5,5,4,5,1,5,5,4,0.0,1
Female,Loyal Customer,43,Business travel,Business,3947,4,4,4,4,5,2,3,4,4,4,4,3,4,4,19,9.0,1
Female,Loyal Customer,40,Personal Travel,Eco,1313,2,5,2,2,2,2,2,2,5,5,4,4,5,2,10,0.0,0
Male,Loyal Customer,51,Business travel,Business,2520,3,3,3,3,4,5,4,3,3,4,3,5,3,3,4,2.0,1
Female,Loyal Customer,35,Personal Travel,Eco,289,3,4,3,2,4,3,4,4,5,5,5,5,4,4,0,0.0,1
Male,disloyal Customer,22,Business travel,Eco,503,1,4,1,3,5,1,2,5,2,4,3,2,3,5,0,0.0,0
Male,Loyal Customer,33,Business travel,Eco Plus,759,2,3,3,3,2,2,2,2,3,4,4,4,4,2,19,11.0,0
Female,Loyal Customer,59,Personal Travel,Eco,930,1,5,1,4,5,3,2,1,1,1,1,2,1,4,0,0.0,0
Female,Loyal Customer,58,Business travel,Business,3747,1,1,1,1,4,5,4,4,4,4,4,4,4,4,6,0.0,1
Female,disloyal Customer,22,Business travel,Eco,1102,4,4,4,4,3,4,3,3,4,2,1,2,5,3,0,0.0,0
Female,Loyal Customer,70,Business travel,Business,280,1,2,3,2,5,4,4,1,1,1,1,1,1,4,56,45.0,0
Female,Loyal Customer,27,Business travel,Eco,265,4,1,1,1,4,4,4,4,4,3,4,5,3,4,0,0.0,1
Female,disloyal Customer,45,Business travel,Business,689,3,3,3,3,1,3,1,1,4,5,4,3,5,1,0,9.0,0
Female,Loyal Customer,17,Personal Travel,Eco,1276,3,4,4,4,2,4,1,2,2,2,3,1,4,2,0,0.0,0
Female,disloyal Customer,36,Business travel,Business,1471,3,3,3,4,1,3,1,1,4,2,4,4,5,1,0,0.0,0
Male,Loyal Customer,63,Business travel,Business,1747,4,4,4,4,4,3,5,5,5,5,5,4,5,5,0,0.0,1
Male,Loyal Customer,58,Business travel,Eco,2075,1,4,5,4,1,1,1,1,1,5,4,2,4,1,43,24.0,0
Female,Loyal Customer,45,Business travel,Business,1824,2,2,3,2,4,3,4,5,5,5,5,4,5,3,0,0.0,1
Female,Loyal Customer,25,Business travel,Business,1596,2,2,2,2,4,4,4,4,3,4,5,5,4,4,4,0.0,1
Male,Loyal Customer,75,Business travel,Business,898,1,5,5,5,4,4,3,1,1,1,1,3,1,2,24,1.0,0
Male,Loyal Customer,41,Business travel,Business,2505,3,3,3,3,4,4,4,5,5,5,5,3,5,5,1,0.0,1
Female,Loyal Customer,51,Business travel,Business,237,2,2,2,2,2,3,4,5,5,5,5,5,5,4,10,0.0,1
Female,Loyal Customer,36,Business travel,Eco Plus,86,5,3,3,3,5,5,5,5,4,5,4,3,1,5,1,0.0,1
Female,disloyal Customer,36,Business travel,Business,255,4,4,4,5,5,4,5,5,4,4,5,5,4,5,0,0.0,1
Male,disloyal Customer,50,Personal Travel,Eco,2475,1,5,1,3,4,1,4,4,4,5,4,5,4,4,0,0.0,1
Female,Loyal Customer,50,Personal Travel,Eco Plus,1605,3,5,3,4,3,3,5,5,5,3,1,4,5,5,8,0.0,1
Male,Loyal Customer,27,Business travel,Business,2306,2,5,5,5,2,2,2,2,3,1,3,3,4,2,0,0.0,0
Female,Loyal Customer,57,Personal Travel,Eco,308,4,1,4,3,2,4,3,5,5,4,1,2,5,3,0,6.0,1
Male,Loyal Customer,23,Personal Travel,Eco,296,2,5,2,4,1,2,1,1,3,3,5,3,5,1,18,5.0,0
Male,Loyal Customer,29,Business travel,Business,3300,2,2,2,2,4,4,4,4,4,4,4,3,4,4,0,0.0,1
Female,Loyal Customer,17,Business travel,Business,268,2,1,1,1,2,2,2,2,3,3,4,4,3,2,53,57.0,0
Female,Loyal Customer,45,Business travel,Business,109,0,4,0,1,5,5,5,4,4,4,4,2,4,2,20,39.0,1
Female,Loyal Customer,34,Business travel,Business,1299,3,3,3,3,3,2,4,2,2,2,2,4,2,3,0,0.0,0
Male,Loyal Customer,19,Business travel,Eco Plus,299,1,5,5,5,1,1,2,1,3,3,3,1,3,1,0,0.0,0
Female,Loyal Customer,43,Business travel,Business,1448,1,1,5,1,5,3,4,1,1,1,1,1,1,3,0,0.0,0
Female,disloyal Customer,36,Business travel,Business,547,1,1,1,5,3,1,3,3,4,3,5,5,4,3,24,14.0,0
Male,Loyal Customer,22,Personal Travel,Business,1107,4,4,3,4,4,3,4,4,2,1,2,1,4,4,0,0.0,0
Male,Loyal Customer,29,Personal Travel,Eco,793,2,5,2,3,3,2,4,3,3,5,5,5,5,3,7,8.0,1
Male,Loyal Customer,55,Business travel,Eco,1028,4,3,3,3,4,4,4,4,4,1,3,4,4,4,0,0.0,1
Male,Loyal Customer,34,Business travel,Business,541,4,4,4,4,4,5,4,5,5,5,5,4,5,4,0,13.0,1
Male,Loyal Customer,56,Business travel,Business,406,5,5,5,5,4,2,3,4,4,4,4,2,4,2,0,0.0,1
Male,Loyal Customer,44,Business travel,Business,451,2,2,2,2,3,5,5,4,4,4,4,4,4,5,0,0.0,1
Male,Loyal Customer,50,Business travel,Business,3973,3,2,2,2,3,1,1,3,3,3,3,2,3,5,5,4.0,0
Female,Loyal Customer,13,Business travel,Business,946,1,4,4,4,1,1,1,1,4,3,4,4,4,1,49,35.0,0
Male,disloyal Customer,32,Business travel,Eco,158,1,5,2,3,4,2,4,4,4,4,4,5,4,4,0,0.0,1
Female,Loyal Customer,36,Personal Travel,Business,577,4,5,4,1,4,5,4,1,1,4,1,5,1,4,0,6.0,0
Male,Loyal Customer,20,Personal Travel,Eco,436,2,4,2,3,5,2,5,5,5,2,5,5,4,5,31,25.0,1
Female,Loyal Customer,45,Business travel,Eco,525,4,3,4,4,2,3,1,4,4,4,4,5,4,5,0,0.0,1
Male,Loyal Customer,41,Personal Travel,Business,425,2,2,3,3,3,3,3,1,1,3,1,4,1,4,26,11.0,0
Female,Loyal Customer,44,Business travel,Eco,125,5,1,1,1,3,3,2,5,5,5,5,2,5,2,0,0.0,1
Female,Loyal Customer,46,Business travel,Business,1609,2,3,2,2,5,5,4,5,5,4,5,5,5,5,0,0.0,1
Male,Loyal Customer,40,Business travel,Eco,1325,3,2,2,2,3,4,3,3,1,5,5,4,2,3,30,23.0,0
Female,Loyal Customer,52,Business travel,Business,354,1,1,1,1,2,5,4,4,4,4,4,3,4,3,0,0.0,1
Female,Loyal Customer,54,Business travel,Business,1894,3,3,3,3,3,4,5,5,5,5,5,4,5,5,5,0.0,1
Male,Loyal Customer,59,Business travel,Eco,371,4,2,2,2,4,4,4,4,5,3,5,3,3,4,0,9.0,1
Male,Loyal Customer,52,Business travel,Business,912,1,1,1,1,5,4,5,5,5,5,5,3,5,5,12,10.0,1
Female,Loyal Customer,47,Business travel,Business,311,3,3,3,3,2,4,5,5,5,5,5,3,5,4,0,0.0,1
Female,Loyal Customer,59,Personal Travel,Eco,829,3,4,3,4,3,5,4,5,5,3,5,4,5,4,2,2.0,1
Male,Loyal Customer,36,Business travel,Business,302,3,3,3,3,1,3,5,4,4,4,4,1,4,2,0,0.0,1
Male,Loyal Customer,7,Personal Travel,Eco,621,1,4,1,4,2,1,2,2,2,2,1,3,5,2,0,0.0,0
Female,Loyal Customer,63,Business travel,Business,862,3,3,2,2,3,3,4,3,3,3,3,2,3,3,0,0.0,0
Male,disloyal Customer,22,Business travel,Eco,1430,3,3,3,4,4,3,4,4,4,4,4,3,5,4,27,15.0,1
Female,Loyal Customer,42,Personal Travel,Eco,319,2,5,2,1,3,1,3,5,5,2,5,5,5,5,0,0.0,1
Male,Loyal Customer,18,Business travel,Business,3926,5,5,5,5,3,3,3,3,5,3,1,5,5,3,0,0.0,1
Female,Loyal Customer,43,Business travel,Business,581,1,1,1,1,3,1,1,5,5,5,5,5,5,1,0,0.0,0
Male,Loyal Customer,42,Business travel,Eco,718,4,3,3,3,4,4,4,4,4,5,2,3,5,4,1,0.0,1
Male,disloyal Customer,72,Business travel,Eco,387,2,0,2,1,4,2,4,4,2,5,3,4,4,4,5,0.0,1
Male,Loyal Customer,45,Business travel,Business,1591,4,4,4,4,3,4,4,4,4,4,4,3,4,5,0,0.0,1
Female,Loyal Customer,42,Business travel,Business,719,2,4,4,4,4,4,4,2,2,2,2,2,2,1,31,48.0,0
Female,Loyal Customer,44,Business travel,Business,2575,1,1,2,1,5,5,4,4,4,4,4,3,4,5,0,0.0,1
Male,Loyal Customer,38,Business travel,Business,3382,2,1,1,1,4,2,3,2,2,2,2,2,2,2,5,12.0,0
Female,disloyal Customer,44,Business travel,Eco,272,1,1,1,3,3,1,3,3,1,2,3,3,2,3,0,0.0,0
Female,disloyal Customer,20,Business travel,Eco,1096,1,1,1,3,4,1,4,4,2,2,4,5,1,4,0,0.0,0
Female,disloyal Customer,26,Business travel,Eco,666,3,4,4,3,3,4,3,3,4,5,3,1,3,3,43,81.0,0
Male,Loyal Customer,68,Personal Travel,Eco Plus,1953,4,4,4,4,2,4,2,2,2,5,3,3,3,2,0,0.0,0
Male,Loyal Customer,50,Business travel,Business,2342,3,3,3,3,5,5,5,5,5,5,5,4,5,5,0,4.0,1
Female,Loyal Customer,52,Personal Travel,Eco,816,3,3,3,2,2,3,2,2,2,3,1,1,2,1,18,2.0,0
Female,disloyal Customer,34,Business travel,Eco,773,2,2,2,3,4,2,4,4,4,1,3,5,1,4,3,10.0,0
Female,Loyal Customer,44,Business travel,Business,808,2,2,2,2,5,4,5,4,4,4,4,3,4,3,0,0.0,1
Female,Loyal Customer,39,Business travel,Business,2532,0,3,0,4,3,4,3,2,2,2,2,5,2,3,26,7.0,0
Male,disloyal Customer,27,Business travel,Eco,530,4,3,4,3,5,4,5,5,3,2,3,1,4,5,7,7.0,1
Male,Loyal Customer,32,Business travel,Business,3703,4,4,4,4,5,5,5,5,4,5,5,3,5,5,0,0.0,1
Female,disloyal Customer,38,Business travel,Eco,1083,3,2,2,4,5,2,5,5,4,5,1,3,1,5,3,0.0,1
Female,Loyal Customer,32,Business travel,Eco Plus,866,0,0,0,1,5,0,3,5,3,5,2,1,3,5,2,0.0,0
Male,Loyal Customer,47,Business travel,Eco,331,4,3,3,3,4,4,4,4,4,1,2,3,2,4,14,9.0,1
Female,Loyal Customer,77,Business travel,Business,1974,3,2,4,2,5,2,2,3,3,3,3,4,3,4,0,0.0,1
Female,Loyal Customer,31,Personal Travel,Business,787,0,1,0,3,2,0,2,2,4,2,3,3,3,2,10,0.0,0
Male,disloyal Customer,25,Business travel,Eco,1256,2,2,2,3,3,2,3,3,5,2,4,5,4,3,0,0.0,0
Male,disloyal Customer,20,Business travel,Eco,1521,3,3,3,2,2,3,2,2,3,4,5,3,4,2,3,0.0,0
Male,Loyal Customer,42,Business travel,Business,3387,2,2,3,2,2,4,4,5,5,5,5,3,5,4,6,0.0,1
Male,Loyal Customer,26,Business travel,Business,2427,5,5,5,5,5,5,5,5,3,3,4,5,3,5,0,0.0,1
Male,disloyal Customer,10,Business travel,Eco,1240,1,1,1,1,3,1,3,3,4,3,3,3,4,3,0,0.0,0
Male,Loyal Customer,54,Business travel,Eco,181,4,5,5,5,5,4,5,5,3,5,1,2,2,5,0,0.0,1
Female,Loyal Customer,58,Personal Travel,Eco Plus,436,1,4,1,4,4,5,4,2,2,1,2,5,2,5,0,5.0,0
Female,Loyal Customer,47,Business travel,Business,3401,4,2,2,2,3,3,3,4,4,4,4,1,4,4,0,0.0,1
Male,Loyal Customer,19,Personal Travel,Eco,356,3,4,3,3,4,3,4,4,3,4,5,5,4,4,0,0.0,1
Male,disloyal Customer,39,Business travel,Business,134,1,1,1,2,4,1,4,4,5,4,5,5,4,4,0,0.0,1
Male,Loyal Customer,35,Business travel,Eco,787,4,3,3,3,4,4,4,4,4,4,3,2,2,4,0,0.0,1
Female,Loyal Customer,60,Business travel,Business,1416,1,1,1,1,2,2,2,1,1,1,1,4,1,4,11,0.0,0
Female,Loyal Customer,33,Business travel,Business,436,2,1,1,1,5,4,4,2,2,2,2,4,2,3,7,11.0,0
Male,Loyal Customer,59,Business travel,Business,226,1,1,1,1,3,4,5,5,5,5,5,5,5,4,0,0.0,1
Female,Loyal Customer,58,Business travel,Business,2076,1,2,2,2,1,2,3,1,1,1,1,4,1,2,81,78.0,0
Female,Loyal Customer,51,Personal Travel,Eco,697,1,4,1,3,2,4,3,3,3,1,3,2,3,2,0,0.0,0
Female,Loyal Customer,32,Business travel,Business,3846,5,5,5,5,5,5,5,5,4,3,4,4,4,5,4,0.0,1
Male,Loyal Customer,47,Business travel,Business,1808,4,4,4,4,3,2,3,4,4,4,4,4,4,2,0,0.0,1
Female,Loyal Customer,37,Business travel,Eco Plus,448,4,5,5,5,4,4,4,4,5,4,3,2,1,4,0,6.0,1
Male,Loyal Customer,15,Personal Travel,Eco,991,1,3,0,2,4,0,4,4,2,3,2,4,3,4,20,33.0,0
Female,Loyal Customer,16,Personal Travel,Eco,721,4,4,4,3,4,5,5,3,2,5,2,5,4,5,337,330.0,1
Female,Loyal Customer,25,Business travel,Business,2676,4,4,4,4,3,3,3,3,5,5,3,5,2,3,11,0.0,1
Female,disloyal Customer,27,Business travel,Eco,1046,2,2,2,2,3,2,2,3,3,2,5,5,1,3,0,0.0,0
Female,Loyal Customer,43,Business travel,Business,2088,3,3,2,3,4,2,2,4,4,4,4,2,4,2,0,0.0,0
Male,Loyal Customer,45,Business travel,Eco Plus,1097,4,3,3,3,4,4,4,4,3,1,5,4,2,4,156,161.0,1
Male,Loyal Customer,58,Personal Travel,Eco,147,2,4,2,3,2,2,2,2,3,2,4,4,4,2,0,0.0,0
Male,Loyal Customer,64,Personal Travel,Eco,451,1,2,4,3,1,4,1,1,2,3,3,3,4,1,0,0.0,0
Female,disloyal Customer,37,Business travel,Eco,975,1,1,1,3,1,3,3,3,5,4,4,3,3,3,4,0.0,0
Female,Loyal Customer,8,Personal Travel,Eco,409,4,3,4,1,4,4,4,4,3,2,5,5,2,4,49,27.0,1
Male,Loyal Customer,11,Personal Travel,Eco,2174,2,1,2,3,1,2,1,1,3,2,4,2,3,1,0,0.0,0
Male,Loyal Customer,32,Personal Travel,Eco Plus,77,2,4,2,5,4,2,5,4,5,3,5,5,5,4,0,0.0,1
Female,Loyal Customer,37,Personal Travel,Business,1452,3,5,3,2,3,5,4,5,5,3,5,2,5,3,36,44.0,1
Male,Loyal Customer,45,Personal Travel,Eco,370,4,4,4,1,2,4,2,2,4,2,5,5,5,2,44,28.0,0
Male,disloyal Customer,61,Business travel,Business,362,5,3,3,1,3,5,3,3,5,2,4,5,4,3,3,0.0,1
Female,Loyal Customer,30,Business travel,Business,3156,3,5,1,1,3,3,3,3,1,5,3,2,3,3,0,0.0,0
Female,Loyal Customer,36,Business travel,Business,2440,5,5,5,5,3,2,5,4,4,4,4,3,4,3,0,0.0,1
Male,Loyal Customer,35,Business travel,Business,3024,2,1,1,1,3,4,4,2,2,2,2,3,2,2,21,12.0,0
Male,Loyal Customer,24,Business travel,Business,2537,2,5,5,5,2,2,2,2,3,1,3,2,4,2,0,0.0,0
Male,disloyal Customer,25,Business travel,Business,1188,4,4,4,2,3,4,3,3,1,1,2,3,1,3,0,0.0,0
Male,Loyal Customer,55,Business travel,Business,199,2,2,2,2,5,3,4,2,2,2,2,2,2,2,0,0.0,0
Male,Loyal Customer,28,Business travel,Business,2207,0,5,0,2,2,2,2,2,4,3,2,1,5,2,0,0.0,0
Male,disloyal Customer,32,Business travel,Eco,417,4,2,4,4,4,5,5,1,5,3,3,5,3,5,168,152.0,1
Male,Loyal Customer,31,Business travel,Business,3680,2,1,1,1,2,2,2,2,1,3,3,1,4,2,0,1.0,0
Female,disloyal Customer,27,Business travel,Eco,628,2,4,2,4,1,2,1,1,4,3,4,1,3,1,8,5.0,0
Female,disloyal Customer,15,Personal Travel,Eco,1235,3,3,3,4,5,3,5,5,1,4,3,1,3,5,0,0.0,1
Female,disloyal Customer,21,Business travel,Eco,192,4,4,4,1,4,4,1,4,4,5,4,5,4,4,0,0.0,1
Female,Loyal Customer,29,Personal Travel,Eco,1023,2,3,2,3,4,2,4,4,3,5,4,3,1,4,0,73.0,0
Female,disloyal Customer,39,Business travel,Eco,374,4,5,4,1,3,4,3,3,1,4,1,3,1,3,0,0.0,0
Male,Loyal Customer,28,Business travel,Business,1523,2,2,2,2,5,5,5,5,3,5,5,5,4,5,5,27.0,1
Female,Loyal Customer,58,Business travel,Business,1927,2,2,2,2,3,5,5,4,4,5,4,4,4,3,5,19.0,1
Female,Loyal Customer,66,Business travel,Business,2573,3,5,5,5,1,2,2,3,3,3,3,1,3,2,0,0.0,0
Female,Loyal Customer,46,Business travel,Eco,353,4,1,5,1,4,2,2,4,4,4,4,5,4,2,0,0.0,1
Male,Loyal Customer,12,Personal Travel,Business,109,3,4,0,1,3,0,3,3,5,3,4,5,5,3,0,0.0,0
Female,Loyal Customer,45,Business travel,Business,1927,4,4,5,4,2,5,5,4,4,4,4,5,4,4,0,0.0,1
Male,Loyal Customer,25,Business travel,Business,1805,2,3,3,3,2,2,2,2,3,1,3,3,4,2,8,0.0,0
Female,Loyal Customer,50,Personal Travel,Eco,1083,3,4,3,1,4,1,4,5,5,3,5,5,5,2,26,44.0,1
Female,Loyal Customer,45,Personal Travel,Eco Plus,719,1,5,1,5,4,5,5,5,5,1,5,5,5,3,0,12.0,1
Male,disloyal Customer,34,Business travel,Eco,200,1,4,1,3,3,1,3,3,4,5,3,3,4,3,0,0.0,0
Male,Loyal Customer,23,Business travel,Business,270,5,5,5,5,5,5,5,5,1,1,3,2,4,5,0,0.0,1
Female,Loyal Customer,38,Business travel,Eco,67,4,1,1,1,4,4,4,4,3,2,4,4,4,4,11,1.0,1
Male,Loyal Customer,51,Business travel,Eco,628,2,3,3,3,2,2,2,2,1,5,4,4,3,2,10,16.0,0
Female,Loyal Customer,28,Business travel,Business,1069,2,2,2,2,2,3,2,2,3,2,4,3,3,2,0,13.0,0
Female,Loyal Customer,60,Business travel,Business,296,5,5,5,5,5,2,5,5,5,5,5,4,5,1,31,49.0,1
Male,Loyal Customer,40,Business travel,Business,2715,0,0,0,4,2,5,5,4,4,4,4,4,4,5,0,0.0,1
Male,Loyal Customer,37,Business travel,Business,3709,2,2,2,2,5,5,5,5,5,5,5,5,5,3,0,0.0,1
Male,Loyal Customer,59,Business travel,Business,583,1,1,1,1,2,5,4,4,4,4,4,5,4,3,0,4.0,1
Male,Loyal Customer,36,Business travel,Business,223,1,1,1,1,3,5,4,5,5,5,4,4,5,4,42,33.0,1
Female,Loyal Customer,64,Business travel,Eco,1189,5,4,5,4,1,3,4,5,5,5,5,3,5,5,0,5.0,1
Female,Loyal Customer,54,Business travel,Business,2486,1,1,1,1,4,5,4,5,5,5,4,3,5,5,5,0.0,1
Female,Loyal Customer,44,Personal Travel,Eco,325,3,3,3,3,5,2,1,3,3,3,2,1,3,3,0,0.0,0
Female,Loyal Customer,60,Business travel,Business,1790,5,5,5,5,4,4,4,2,2,2,2,3,2,4,109,103.0,0
Female,disloyal Customer,39,Business travel,Business,628,2,2,2,4,4,2,4,4,1,1,4,1,3,4,0,0.0,0
Male,Loyal Customer,38,Business travel,Business,3944,4,4,4,4,5,4,4,4,4,4,4,5,4,5,0,0.0,1
Female,disloyal Customer,37,Business travel,Eco,447,3,2,3,3,4,3,4,4,1,2,3,1,3,4,0,0.0,0
Female,disloyal Customer,29,Business travel,Eco,874,4,4,4,4,4,4,4,4,1,4,4,2,3,4,54,47.0,1
Female,disloyal Customer,20,Business travel,Business,1073,5,5,5,4,5,5,5,5,3,2,5,5,5,5,52,29.0,1
Female,Loyal Customer,21,Personal Travel,Eco,2370,2,4,2,5,2,3,2,5,4,4,5,2,4,2,0,41.0,0
Female,disloyal Customer,47,Business travel,Eco,392,1,4,1,4,1,2,2,1,2,4,3,2,3,2,142,116.0,0
Male,Loyal Customer,68,Personal Travel,Eco,621,2,5,2,2,4,2,4,4,3,4,5,4,4,4,10,10.0,1
Female,Loyal Customer,35,Business travel,Business,481,4,4,4,4,1,5,5,5,5,5,5,1,5,2,0,0.0,1
Female,Loyal Customer,32,Business travel,Business,430,3,3,3,3,4,4,4,4,3,5,4,1,4,4,0,0.0,1
Female,Loyal Customer,44,Business travel,Eco,805,4,1,1,1,4,3,3,4,4,4,4,4,4,2,95,86.0,1
Male,disloyal Customer,48,Business travel,Eco,1325,2,2,2,4,2,2,2,2,4,5,3,4,1,2,51,37.0,0
Female,Loyal Customer,44,Personal Travel,Eco,845,5,4,5,2,2,5,4,1,1,5,1,4,1,4,29,8.0,0
Male,Loyal Customer,24,Personal Travel,Business,818,2,5,2,1,3,2,3,3,3,5,3,4,5,3,0,6.0,0
Female,Loyal Customer,39,Business travel,Business,312,0,0,0,4,5,5,5,3,3,3,3,5,3,5,0,0.0,1
Male,Loyal Customer,40,Business travel,Business,258,2,2,2,2,5,4,4,4,4,4,4,5,4,3,62,60.0,1
Male,disloyal Customer,36,Business travel,Eco,591,4,5,5,1,5,5,5,5,4,4,1,1,3,5,1,0.0,1
Male,Loyal Customer,60,Business travel,Business,3998,3,3,2,3,4,4,4,5,5,5,5,3,5,4,40,37.0,1
Male,disloyal Customer,26,Business travel,Business,752,0,0,0,1,5,0,5,5,4,3,4,4,4,5,0,0.0,1
Female,Loyal Customer,22,Personal Travel,Business,259,1,1,0,3,5,0,5,5,2,5,2,2,3,5,0,0.0,1
Female,Loyal Customer,45,Business travel,Business,3356,2,2,2,2,3,4,5,4,4,4,4,5,4,5,0,0.0,1
Female,Loyal Customer,26,Personal Travel,Eco,190,3,3,3,3,5,3,5,5,1,1,4,4,3,5,34,102.0,1
Male,Loyal Customer,22,Personal Travel,Eco,1671,1,1,1,3,1,1,1,1,2,5,4,1,3,1,0,9.0,0
Male,disloyal Customer,22,Business travel,Business,1162,0,0,0,2,5,0,4,5,5,4,5,5,5,5,1,0.0,1
Female,disloyal Customer,36,Business travel,Business,550,2,2,2,3,3,2,3,3,5,3,4,4,4,3,5,1.0,0
Male,Loyal Customer,25,Business travel,Business,2041,1,2,2,2,1,1,1,1,1,3,3,1,3,1,25,27.0,0
Female,Loyal Customer,48,Business travel,Business,1858,3,4,4,4,5,4,3,3,3,3,3,2,3,3,73,79.0,1
Female,Loyal Customer,58,Personal Travel,Eco,551,2,5,2,4,5,5,4,3,3,2,3,4,3,3,0,0.0,1
Male,disloyal Customer,28,Business travel,Business,356,2,2,2,1,3,2,3,3,5,4,4,3,5,3,0,0.0,0
Male,Loyal Customer,49,Business travel,Business,328,0,0,0,3,4,5,4,2,2,2,2,3,2,4,0,0.0,0
Male,Loyal Customer,36,Business travel,Eco Plus,254,5,4,4,4,5,4,5,5,2,2,3,1,3,5,15,0.0,1
Male,disloyal Customer,23,Business travel,Eco,874,5,4,4,2,2,4,4,2,5,2,4,3,5,2,0,0.0,0
Female,Loyal Customer,32,Business travel,Business,2420,4,4,4,4,4,4,4,4,5,3,5,3,5,4,0,0.0,1
Male,disloyal Customer,38,Business travel,Business,247,4,4,4,1,2,4,2,2,4,2,5,5,4,2,0,0.0,0
Female,Loyal Customer,25,Business travel,Business,2704,1,1,1,1,4,4,4,5,2,5,3,4,5,4,0,1.0,1
Male,Loyal Customer,47,Business travel,Business,2939,1,1,1,1,2,4,4,3,3,3,3,5,3,4,17,6.0,0
Female,disloyal Customer,41,Business travel,Business,353,4,4,4,4,1,4,1,1,2,1,4,1,3,1,0,0.0,0
Male,Loyal Customer,55,Business travel,Business,320,0,0,0,3,4,5,3,2,2,1,1,2,2,1,0,0.0,0
Male,Loyal Customer,52,Business travel,Business,2106,5,5,5,5,2,3,5,4,4,4,4,3,4,4,0,0.0,1
Female,Loyal Customer,23,Business travel,Eco Plus,399,2,2,2,2,2,2,2,2,4,4,3,3,3,2,0,0.0,0
Male,Loyal Customer,50,Business travel,Business,2851,1,1,1,1,3,4,4,5,5,5,5,4,5,3,5,0.0,1
Male,Loyal Customer,59,Personal Travel,Eco,972,3,5,3,2,2,3,5,2,4,2,5,4,5,2,0,0.0,1
Male,Loyal Customer,48,Business travel,Business,2449,0,0,0,2,4,4,5,5,5,5,5,3,5,3,2,5.0,1
Female,disloyal Customer,57,Business travel,Eco Plus,789,1,1,1,2,1,3,3,4,2,5,1,3,1,3,154,144.0,0
Male,disloyal Customer,23,Business travel,Business,368,5,0,5,3,2,5,2,2,4,5,4,5,5,2,15,7.0,1
Male,disloyal Customer,43,Business travel,Eco,370,2,3,2,4,3,2,3,3,4,4,3,4,4,3,0,0.0,0
Female,Loyal Customer,25,Business travel,Business,2346,0,0,0,3,5,5,5,5,5,3,3,5,5,5,4,12.0,1
Female,Loyal Customer,41,Business travel,Business,164,1,1,1,1,2,5,5,4,4,4,5,5,4,3,9,0.0,1
Female,Loyal Customer,70,Personal Travel,Eco,515,2,4,2,3,2,5,5,3,3,2,3,3,3,5,1,0.0,1
Male,Loyal Customer,51,Business travel,Business,3306,3,3,3,3,2,4,5,4,4,4,4,4,4,4,0,6.0,1
Female,Loyal Customer,13,Personal Travel,Eco,507,2,2,2,2,3,2,3,3,4,3,2,3,3,3,0,1.0,0
Male,Loyal Customer,14,Personal Travel,Eco,268,3,1,3,3,1,3,1,1,4,2,4,1,4,1,0,0.0,0
Female,Loyal Customer,47,Business travel,Eco Plus,373,3,3,3,3,2,3,3,3,3,3,3,3,3,3,0,0.0,0
Female,Loyal Customer,66,Personal Travel,Eco,994,3,1,3,3,2,4,4,1,1,3,1,1,1,3,0,0.0,0
Male,disloyal Customer,27,Business travel,Business,1076,3,3,3,3,1,3,5,1,3,3,5,4,5,1,0,0.0,0
Male,Loyal Customer,40,Personal Travel,Eco,1090,1,4,2,3,4,2,1,4,4,3,4,2,4,4,63,59.0,0
Male,Loyal Customer,19,Personal Travel,Eco,359,3,4,3,3,5,3,2,5,2,3,4,4,2,5,7,2.0,1
Female,Loyal Customer,42,Business travel,Business,2521,5,5,5,5,5,5,5,5,4,5,4,5,3,5,68,58.0,1
Female,Loyal Customer,63,Personal Travel,Eco Plus,2521,2,3,2,3,2,3,3,4,2,4,4,3,2,3,0,13.0,0
Female,Loyal Customer,36,Business travel,Eco Plus,458,4,3,1,3,4,4,4,4,5,4,3,5,4,4,9,13.0,1
Male,Loyal Customer,63,Personal Travel,Eco,581,3,4,2,3,3,2,3,3,5,5,4,5,4,3,0,0.0,1
Male,disloyal Customer,23,Business travel,Eco,721,3,3,3,3,3,3,3,3,2,3,4,4,4,3,0,0.0,0
Male,Loyal Customer,28,Personal Travel,Eco,1723,3,4,3,3,4,3,4,4,4,5,4,5,4,4,44,25.0,1
Female,disloyal Customer,36,Business travel,Business,1389,2,2,2,2,5,2,5,5,5,2,5,5,5,5,2,0.0,1
Male,Loyal Customer,67,Personal Travel,Eco,1197,4,4,4,1,1,4,1,1,5,5,4,5,5,1,0,0.0,0
Female,Loyal Customer,35,Personal Travel,Eco,985,4,4,4,3,1,4,1,1,4,4,4,3,4,1,0,0.0,0
Female,Loyal Customer,41,Business travel,Business,1883,1,1,1,1,4,5,4,5,5,5,5,4,5,4,31,53.0,1
Male,Loyal Customer,68,Personal Travel,Eco,861,0,4,0,3,5,0,5,5,4,2,4,3,5,5,0,0.0,1
Female,Loyal Customer,60,Business travel,Business,2370,5,5,3,5,4,4,4,5,4,3,4,4,4,4,0,39.0,1
Male,Loyal Customer,48,Business travel,Business,1448,2,1,5,1,3,3,2,2,2,2,2,2,2,1,115,109.0,0
Female,disloyal Customer,24,Business travel,Business,480,4,0,4,3,2,4,2,2,3,4,5,3,5,2,0,0.0,0
Male,Loyal Customer,37,Business travel,Eco,499,5,4,4,4,5,5,5,5,2,4,1,4,4,5,0,2.0,1
Male,Loyal Customer,65,Personal Travel,Eco,265,1,5,0,3,2,0,2,2,3,5,5,3,5,2,0,0.0,0
Female,Loyal Customer,40,Business travel,Business,3898,2,2,2,2,2,5,5,4,4,4,4,3,4,3,0,0.0,1
Female,Loyal Customer,40,Personal Travel,Eco,507,2,5,2,5,2,2,2,2,4,3,4,5,5,2,0,0.0,0
Female,Loyal Customer,53,Business travel,Business,522,1,1,1,1,2,4,5,4,4,4,4,3,4,5,0,0.0,1
Male,Loyal Customer,32,Business travel,Business,404,1,1,1,1,5,5,5,5,1,4,1,4,3,5,23,0.0,1
Male,Loyal Customer,36,Personal Travel,Business,925,4,3,5,4,4,3,3,2,2,5,2,3,2,2,6,13.0,0
Female,Loyal Customer,18,Business travel,Business,2489,2,2,2,2,4,4,4,4,3,2,2,3,3,4,0,0.0,1
Male,disloyal Customer,11,Business travel,Eco,528,4,4,4,3,2,4,2,2,1,4,4,2,3,2,94,86.0,0
Male,Loyal Customer,28,Business travel,Business,2405,4,4,4,4,4,4,4,4,3,1,3,3,4,4,30,35.0,1
Male,Loyal Customer,23,Business travel,Business,1671,1,1,1,1,5,5,5,5,5,4,4,3,4,5,0,0.0,1
Female,Loyal Customer,33,Personal Travel,Eco Plus,406,3,4,3,2,3,3,3,3,3,4,5,4,5,3,71,65.0,1
Female,Loyal Customer,65,Personal Travel,Eco,861,3,5,3,3,3,5,4,1,1,3,1,3,1,5,1,0.0,0
Male,Loyal Customer,13,Personal Travel,Eco,1444,2,0,2,1,2,1,1,4,5,5,5,1,5,1,188,198.0,0
Male,Loyal Customer,59,Business travel,Business,1935,1,1,1,1,3,4,5,5,5,5,5,4,5,4,0,0.0,1
Male,Loyal Customer,49,Business travel,Business,3677,4,4,4,4,4,5,4,5,5,5,5,3,5,4,0,0.0,1
Female,Loyal Customer,62,Personal Travel,Eco,539,3,2,3,3,3,4,4,3,3,3,2,4,3,2,42,39.0,0
Male,Loyal Customer,16,Personal Travel,Business,1183,3,4,3,4,3,3,3,3,3,5,4,4,5,3,57,69.0,1
Female,Loyal Customer,22,Business travel,Eco,221,4,4,4,4,4,4,4,4,2,3,5,3,2,4,0,0.0,1
Male,disloyal Customer,49,Business travel,Business,1671,1,1,1,2,4,1,1,4,4,5,4,4,5,4,0,0.0,1
Male,disloyal Customer,21,Business travel,Business,936,5,0,5,3,1,5,1,1,3,2,4,4,4,1,0,10.0,0
Male,Loyal Customer,49,Personal Travel,Eco,695,1,4,1,4,3,1,3,3,4,3,5,3,4,3,0,0.0,0
Male,Loyal Customer,50,Business travel,Business,3353,2,2,2,2,4,4,5,5,5,5,5,3,5,3,0,2.0,1
Female,Loyal Customer,56,Business travel,Eco Plus,106,1,2,2,2,2,4,3,1,1,1,1,2,1,1,7,0.0,0
Female,disloyal Customer,32,Business travel,Eco,416,2,0,2,3,2,2,3,2,5,1,1,1,3,2,0,0.0,0
Male,Loyal Customer,58,Business travel,Business,2422,3,3,3,3,2,3,3,3,3,3,3,1,3,1,0,0.0,0
Female,Loyal Customer,43,Business travel,Business,1416,3,3,3,3,2,5,4,2,2,2,2,3,2,5,0,6.0,0
Male,Loyal Customer,53,Business travel,Business,3401,2,2,4,2,3,5,5,5,5,5,5,3,5,3,0,0.0,1
Female,disloyal Customer,25,Business travel,Business,414,5,0,5,1,4,5,4,4,4,4,4,3,5,4,0,0.0,1
Male,Loyal Customer,57,Business travel,Business,130,3,3,3,3,4,4,5,4,4,4,5,3,4,3,0,0.0,1
Male,disloyal Customer,21,Business travel,Business,403,3,3,3,2,1,3,1,1,2,5,3,4,3,1,0,0.0,0
Female,Loyal Customer,43,Personal Travel,Eco,148,2,4,2,3,5,5,5,4,4,2,4,3,4,3,3,0.0,1
Female,Loyal Customer,32,Business travel,Business,2936,2,4,4,4,2,2,2,2,2,3,3,4,3,2,0,0.0,0
Female,disloyal Customer,19,Business travel,Eco,550,4,4,5,4,2,5,2,2,4,3,5,3,4,2,0,7.0,0
Male,Loyal Customer,44,Business travel,Business,1825,3,3,3,3,3,4,4,4,4,4,4,4,4,5,2,0.0,1
Male,disloyal Customer,37,Business travel,Business,1379,2,2,2,2,4,2,3,4,5,4,5,4,5,4,0,3.0,1
Male,Loyal Customer,32,Personal Travel,Eco,544,2,5,2,4,3,2,3,3,1,1,3,1,1,3,0,0.0,0
Female,Loyal Customer,49,Business travel,Business,733,4,4,4,4,4,4,4,5,5,4,5,4,5,4,0,0.0,1
Male,Loyal Customer,18,Business travel,Business,925,3,3,3,3,5,5,5,5,3,1,1,1,5,5,12,0.0,1
Male,Loyal Customer,16,Personal Travel,Eco,1532,3,5,3,3,5,3,5,5,4,3,5,3,4,5,0,0.0,1
Female,Loyal Customer,46,Business travel,Business,239,3,4,4,4,1,4,3,3,3,2,3,2,3,4,9,6.0,0
Male,Loyal Customer,36,Business travel,Business,3846,3,3,3,3,2,2,2,3,3,3,3,2,3,4,0,0.0,0
Female,Loyal Customer,58,Business travel,Business,628,5,5,5,5,4,5,4,4,4,4,4,5,4,5,0,10.0,1
Female,Loyal Customer,57,Business travel,Business,2492,4,4,4,4,2,5,5,5,5,5,5,5,5,3,0,0.0,1
Male,Loyal Customer,44,Business travel,Business,337,4,3,4,4,5,4,5,5,5,4,5,5,5,4,0,0.0,1
Female,Loyal Customer,60,Business travel,Business,3534,3,3,3,3,3,5,5,4,4,4,4,3,4,4,0,0.0,1
Male,Loyal Customer,59,Business travel,Eco,328,4,4,4,4,4,4,4,4,3,2,3,2,4,4,0,0.0,1
Male,Loyal Customer,69,Business travel,Business,3929,2,2,2,2,3,5,1,3,3,2,3,1,3,1,8,14.0,0
Female,Loyal Customer,51,Personal Travel,Eco,667,1,5,1,1,3,5,4,5,5,1,5,5,5,3,0,0.0,1
Male,Loyal Customer,58,Business travel,Business,3011,2,2,2,2,1,5,3,2,2,2,2,4,2,4,12,20.0,0
Female,disloyal Customer,13,Business travel,Eco,1744,4,4,4,4,3,4,3,3,1,4,2,3,4,3,9,0.0,0
Male,Loyal Customer,46,Business travel,Business,2852,3,3,4,3,4,5,5,5,5,5,5,5,5,4,0,0.0,1
Female,Loyal Customer,38,Business travel,Eco,821,4,4,5,4,4,4,4,4,5,4,3,5,5,4,23,0.0,1
Female,disloyal Customer,55,Business travel,Eco,468,4,0,4,2,1,4,1,1,5,1,5,4,1,1,0,0.0,0
Female,Loyal Customer,34,Personal Travel,Eco,328,3,4,3,3,4,3,5,4,4,4,5,5,5,4,0,0.0,1
Male,Loyal Customer,57,Business travel,Business,2259,2,2,4,2,4,5,5,5,5,4,5,3,5,3,7,4.0,1
Female,disloyal Customer,21,Business travel,Eco,872,0,0,0,4,4,0,4,4,3,3,4,3,4,4,16,5.0,0
Female,Loyal Customer,59,Personal Travel,Eco,1488,3,1,4,4,1,4,3,5,5,4,5,2,5,4,0,0.0,1
Male,Loyal Customer,42,Business travel,Business,130,1,3,3,3,2,3,4,2,2,1,1,3,2,3,5,12.0,0
Female,Loyal Customer,30,Business travel,Business,1390,4,2,2,2,4,4,4,4,2,4,3,3,4,4,0,0.0,1
Female,Loyal Customer,43,Personal Travel,Eco Plus,1197,2,5,2,3,3,3,4,3,3,2,3,5,3,3,0,0.0,0
Female,disloyal Customer,21,Business travel,Business,337,5,0,4,2,4,4,4,4,4,3,5,4,5,4,37,32.0,1
Female,Loyal Customer,56,Business travel,Business,3334,4,4,4,4,5,5,4,5,5,5,5,5,5,3,0,0.0,1
Female,Loyal Customer,13,Personal Travel,Eco,169,3,4,3,3,4,3,4,4,4,4,4,4,4,4,71,60.0,1
Male,Loyal Customer,29,Business travel,Business,2091,1,1,1,1,3,4,3,3,4,4,5,4,4,3,0,13.0,1
Female,Loyal Customer,66,Personal Travel,Eco,845,2,4,2,2,2,4,5,2,2,2,2,4,2,5,0,0.0,0
Male,Loyal Customer,46,Business travel,Business,3073,2,2,1,2,4,5,5,5,5,5,5,4,5,4,3,0.0,1
Male,Loyal Customer,26,Personal Travel,Eco,1183,2,4,2,1,4,2,2,4,4,3,4,5,5,4,0,0.0,1
Male,Loyal Customer,15,Personal Travel,Eco,140,3,5,3,3,5,3,3,5,3,3,1,1,3,5,0,0.0,1
Male,Loyal Customer,17,Personal Travel,Eco,2296,3,5,3,1,2,3,2,2,3,4,5,3,4,2,0,0.0,0
Male,Loyal Customer,24,Business travel,Business,1744,4,4,4,4,4,4,4,4,3,3,4,4,4,4,0,3.0,1
Female,Loyal Customer,54,Business travel,Business,425,3,3,5,3,5,4,5,5,5,5,5,5,5,4,0,0.0,1
Male,Loyal Customer,46,Personal Travel,Eco,317,3,2,3,3,2,3,2,2,3,5,3,2,4,2,110,118.0,0
Male,disloyal Customer,30,Business travel,Eco Plus,667,2,2,2,2,3,2,3,3,4,3,1,2,2,3,41,27.0,0
Female,disloyal Customer,48,Business travel,Business,927,2,2,2,1,3,2,4,3,4,4,4,5,4,3,2,0.0,1
Female,Loyal Customer,30,Business travel,Business,854,5,5,5,5,5,5,5,5,3,1,4,5,1,5,0,0.0,1
Female,Loyal Customer,37,Business travel,Business,3979,5,5,5,5,3,1,4,4,4,4,4,2,4,3,7,5.0,1
Male,Loyal Customer,51,Business travel,Eco,532,5,5,5,5,5,5,5,5,1,2,3,4,1,5,0,0.0,1
Male,disloyal Customer,35,Business travel,Business,1055,2,2,2,4,4,2,4,4,4,4,5,5,5,4,0,1.0,1
Male,Loyal Customer,31,Business travel,Business,589,3,4,4,4,3,3,3,3,4,1,4,2,4,3,0,0.0,0
Male,disloyal Customer,21,Business travel,Eco,585,3,3,3,2,2,3,2,2,3,2,1,5,4,2,0,0.0,0
Female,Loyal Customer,50,Personal Travel,Eco Plus,2979,3,4,3,1,3,1,1,2,3,5,1,1,5,1,0,0.0,0
Female,Loyal Customer,29,Personal Travel,Eco,1444,4,0,4,4,3,4,3,3,3,3,5,5,5,3,0,0.0,1
Female,Loyal Customer,48,Business travel,Business,2342,3,4,4,4,3,3,3,4,5,3,3,3,3,3,4,0.0,1
Male,Loyal Customer,65,Personal Travel,Eco,236,3,2,3,3,1,3,1,1,3,2,2,2,2,1,2,0.0,0
Male,disloyal Customer,28,Business travel,Business,646,5,5,5,2,2,5,2,2,4,4,4,4,5,2,0,0.0,1
Female,Loyal Customer,55,Business travel,Business,819,4,5,5,5,2,3,4,4,4,4,4,3,4,3,0,0.0,1
Male,Loyal Customer,48,Personal Travel,Eco,997,4,4,3,3,3,3,3,3,4,4,4,5,5,3,0,6.0,1
Female,Loyal Customer,44,Personal Travel,Eco,153,2,4,2,3,5,5,4,5,5,2,4,4,5,5,0,0.0,1
Male,Loyal Customer,58,Personal Travel,Eco Plus,852,1,4,1,4,1,1,1,1,5,3,5,3,5,1,0,2.0,0
Female,Loyal Customer,36,Personal Travel,Eco,1440,2,4,2,1,3,2,3,3,5,2,4,5,5,3,1,16.0,0
Female,Loyal Customer,53,Business travel,Eco,299,3,5,5,5,4,4,3,3,3,3,3,2,3,1,109,110.0,0
Female,Loyal Customer,11,Personal Travel,Eco Plus,573,2,2,2,3,4,2,4,4,1,2,3,3,4,4,0,0.0,0
Male,disloyal Customer,47,Business travel,Business,425,5,5,5,1,5,5,2,5,5,5,4,5,5,5,0,0.0,1
Male,disloyal Customer,27,Business travel,Business,756,4,4,4,1,4,4,4,4,3,2,4,5,5,4,0,0.0,1
Female,disloyal Customer,22,Business travel,Eco,980,4,4,4,3,2,4,2,2,4,4,3,5,3,2,0,0.0,0
Female,Loyal Customer,31,Personal Travel,Eco,912,1,4,1,1,1,1,3,1,3,5,5,5,5,1,0,13.0,0
Male,disloyal Customer,44,Business travel,Business,204,5,5,5,1,5,5,5,5,3,3,5,5,5,5,0,0.0,1
Male,Loyal Customer,31,Business travel,Business,1452,4,4,3,4,4,4,4,4,2,2,3,4,5,4,0,16.0,1
Female,Loyal Customer,26,Personal Travel,Eco,783,0,5,0,3,1,0,2,1,3,5,5,5,4,1,0,0.0,0
Male,Loyal Customer,49,Personal Travel,Eco,189,3,1,3,4,1,3,1,1,1,3,3,4,4,1,0,0.0,0
Male,Loyal Customer,54,Personal Travel,Eco,1009,3,4,3,5,4,3,4,4,5,5,4,3,4,4,13,26.0,1
Male,Loyal Customer,45,Business travel,Eco,200,1,3,3,3,1,1,1,1,2,2,3,1,3,1,0,0.0,0
Male,Loyal Customer,50,Business travel,Business,2063,2,1,1,1,4,4,4,2,2,2,2,1,2,4,46,35.0,0
Female,Loyal Customer,53,Business travel,Business,1597,1,1,1,1,2,5,5,3,3,4,3,4,3,4,7,5.0,1
Male,Loyal Customer,45,Business travel,Eco,646,3,3,2,3,3,3,3,3,4,2,4,4,4,3,4,0.0,0
Female,disloyal Customer,12,Business travel,Eco,591,3,2,3,3,1,3,1,1,2,4,3,2,4,1,0,0.0,0
Male,Loyal Customer,58,Business travel,Eco Plus,761,3,4,4,4,3,3,3,3,4,1,3,3,4,3,0,19.0,0
Male,Loyal Customer,55,Personal Travel,Eco,607,2,4,2,1,3,2,3,3,3,3,4,5,4,3,29,25.0,0
Female,Loyal Customer,16,Business travel,Business,337,3,3,3,3,4,4,4,4,1,3,2,2,3,4,2,0.0,0
Female,Loyal Customer,37,Business travel,Business,3387,2,3,5,5,4,3,4,2,2,3,2,2,2,2,0,0.0,0
Female,disloyal Customer,36,Business travel,Business,1892,3,3,3,4,3,3,1,3,4,2,4,3,5,3,0,1.0,0
Female,Loyal Customer,58,Business travel,Business,3810,3,4,4,4,3,3,3,3,3,3,3,2,3,3,0,0.0,0
Male,Loyal Customer,53,Business travel,Business,3533,3,4,4,4,5,3,3,3,3,3,3,2,3,1,0,0.0,0
Female,disloyal Customer,20,Business travel,Business,1246,5,0,5,3,5,5,5,5,3,3,5,3,5,5,9,24.0,1
Female,Loyal Customer,50,Personal Travel,Eco,1597,3,3,3,3,4,2,4,1,1,3,1,4,1,2,0,11.0,0
Female,Loyal Customer,45,Business travel,Business,1371,3,3,3,3,5,4,4,4,4,4,4,4,4,3,0,0.0,1
Female,Loyal Customer,50,Business travel,Business,1464,3,3,4,3,3,4,5,5,5,4,5,3,5,4,10,6.0,1
Male,disloyal Customer,15,Business travel,Eco,1390,5,5,5,2,4,5,4,4,5,4,3,5,4,4,48,42.0,1
Male,Loyal Customer,22,Personal Travel,Eco,2342,5,3,5,4,1,5,1,1,4,1,1,5,3,1,0,0.0,0
Male,Loyal Customer,60,Business travel,Business,3503,1,1,1,1,4,5,4,4,4,4,4,4,4,4,1,0.0,1
Female,disloyal Customer,23,Business travel,Eco,1291,3,3,3,3,4,3,4,4,1,5,4,4,4,4,0,0.0,1
Male,Loyal Customer,56,Business travel,Business,2410,1,1,1,1,5,5,4,4,4,4,4,4,4,3,0,0.0,1
Female,Loyal Customer,50,Personal Travel,Business,764,2,5,2,1,2,2,2,5,2,5,5,2,5,2,150,134.0,0
Male,Loyal Customer,30,Business travel,Eco,300,2,1,1,1,2,2,2,2,4,4,2,1,2,2,0,4.0,0
Male,Loyal Customer,22,Business travel,Business,2841,2,2,2,2,3,3,3,3,4,5,1,3,1,3,0,0.0,0
Male,disloyal Customer,25,Business travel,Eco,1440,5,0,0,3,5,5,5,5,3,4,4,5,5,5,16,34.0,1
Male,Loyal Customer,39,Business travel,Business,804,5,3,5,5,3,5,5,1,1,2,1,4,1,3,4,0.0,0
Female,Loyal Customer,51,Business travel,Eco Plus,622,2,1,5,1,4,3,4,2,2,2,2,2,2,1,0,0.0,0
Male,Loyal Customer,40,Personal Travel,Eco,140,4,5,0,1,3,0,3,3,4,1,2,2,1,3,82,107.0,0
Female,Loyal Customer,54,Business travel,Business,287,5,5,5,5,2,4,4,5,5,5,5,3,5,4,41,27.0,1
Male,Loyal Customer,56,Business travel,Business,1491,1,5,5,5,5,4,3,1,1,1,1,3,1,1,0,0.0,0
Male,Loyal Customer,28,Business travel,Business,337,2,5,5,5,2,3,2,2,1,1,3,2,4,2,19,27.0,0
Male,Loyal Customer,25,Personal Travel,Eco,229,2,2,0,3,4,0,4,4,2,3,3,3,3,4,0,0.0,0
Female,disloyal Customer,62,Business travel,Business,1744,1,0,0,2,1,1,1,1,4,2,4,3,4,1,16,35.0,0
Male,Loyal Customer,40,Business travel,Business,3662,1,1,1,1,4,5,5,5,5,5,5,5,5,3,3,0.0,1
Male,Loyal Customer,68,Personal Travel,Eco,1310,1,3,1,4,4,1,4,4,2,4,2,4,4,4,2,0.0,0
Male,Loyal Customer,63,Personal Travel,Eco,1471,4,4,4,3,3,4,3,3,4,4,4,4,4,3,0,7.0,1
Female,Loyal Customer,18,Personal Travel,Eco,1919,1,4,1,1,5,1,5,5,4,4,5,5,4,5,0,0.0,1
Male,disloyal Customer,17,Business travel,Eco,337,3,4,3,4,1,3,1,1,4,5,4,4,3,1,26,10.0,0
Female,Loyal Customer,40,Business travel,Eco Plus,759,1,5,5,5,1,1,1,1,2,3,3,4,4,1,0,0.0,0
Male,Loyal Customer,39,Business travel,Eco,192,5,4,4,4,5,5,5,5,2,2,1,2,5,5,0,0.0,1
Male,disloyal Customer,25,Business travel,Eco,941,2,2,2,3,1,2,1,1,4,4,4,5,3,1,65,67.0,0
Female,Loyal Customer,59,Business travel,Business,2363,2,2,2,2,2,4,4,4,4,4,4,4,4,4,14,22.0,1
Male,Loyal Customer,77,Business travel,Eco,867,3,3,3,3,3,3,3,3,1,1,4,1,3,3,0,0.0,0
Female,Loyal Customer,34,Business travel,Eco,813,2,4,4,4,2,2,2,2,4,1,4,2,4,2,1,0.0,0
Female,Loyal Customer,45,Business travel,Eco,241,4,2,4,2,1,1,4,4,4,4,4,1,4,4,0,0.0,0
Male,Loyal Customer,7,Personal Travel,Eco,1514,2,1,2,3,1,2,1,1,1,5,2,1,2,1,58,57.0,0
Male,Loyal Customer,64,Business travel,Eco,229,1,3,4,3,1,1,1,1,2,5,2,1,3,1,115,123.0,0
Male,disloyal Customer,39,Business travel,Business,631,1,1,1,4,5,1,1,5,4,5,5,5,4,5,0,0.0,1
Female,disloyal Customer,23,Business travel,Business,184,5,0,5,1,5,5,5,5,3,2,5,3,4,5,12,0.0,1
Male,Loyal Customer,59,Business travel,Business,447,2,2,2,2,5,1,2,5,5,5,5,3,5,5,13,4.0,1
Male,Loyal Customer,60,Business travel,Business,3967,5,5,5,5,2,5,5,4,4,5,4,5,4,4,2,9.0,1
Female,Loyal Customer,15,Personal Travel,Eco,587,3,2,3,3,1,3,1,1,3,3,3,2,4,1,0,0.0,0
Male,Loyal Customer,49,Business travel,Eco,944,1,3,3,3,1,1,1,1,4,4,3,1,4,1,15,10.0,0
Female,Loyal Customer,44,Business travel,Eco Plus,1005,4,1,1,1,3,3,3,4,4,4,4,2,4,1,0,13.0,0
Female,disloyal Customer,30,Business travel,Eco Plus,314,0,0,0,4,2,0,2,2,5,3,1,4,2,2,0,0.0,0
Female,Loyal Customer,58,Personal Travel,Eco Plus,581,1,4,1,5,3,1,2,2,2,1,2,3,2,1,27,10.0,0
Male,Loyal Customer,32,Business travel,Business,3876,4,4,4,4,4,4,4,4,5,5,4,3,4,4,32,26.0,1
Female,Loyal Customer,31,Business travel,Business,102,0,3,0,4,5,5,5,5,5,1,2,3,5,5,0,0.0,1
Female,Loyal Customer,48,Business travel,Business,177,2,5,5,5,4,3,3,2,2,2,2,3,2,3,58,55.0,0
Male,disloyal Customer,49,Business travel,Business,1562,4,5,5,3,2,4,2,2,3,4,5,3,5,2,1,4.0,0
Female,Loyal Customer,12,Personal Travel,Eco,413,2,1,2,3,4,2,3,4,4,5,2,1,3,4,19,17.0,0
Male,Loyal Customer,68,Personal Travel,Eco,1046,2,4,2,3,4,2,4,4,4,4,4,4,4,4,0,8.0,1
Female,Loyal Customer,47,Business travel,Business,2196,3,2,2,2,1,3,4,3,3,3,3,2,3,2,26,27.0,0
Male,Loyal Customer,57,Business travel,Business,1471,1,2,2,2,5,4,3,1,1,1,1,2,1,4,0,0.0,0
Female,Loyal Customer,54,Business travel,Business,315,1,1,1,1,3,5,2,4,4,4,4,3,4,2,0,0.0,0
Male,Loyal Customer,57,Business travel,Business,301,4,4,4,4,2,4,5,4,4,4,4,3,4,5,0,0.0,1
Male,Loyal Customer,52,Personal Travel,Eco,354,3,4,3,1,2,3,1,2,4,3,4,5,4,2,0,0.0,0
Male,Loyal Customer,51,Business travel,Business,1449,4,4,4,4,4,5,5,5,5,5,5,3,5,4,4,0.0,1
Male,Loyal Customer,51,Business travel,Business,507,2,2,3,2,3,5,4,5,5,5,5,5,5,3,0,0.0,1
Male,Loyal Customer,34,Personal Travel,Eco,1096,3,1,3,4,5,3,5,5,4,1,4,4,3,5,0,0.0,1
Male,Loyal Customer,39,Personal Travel,Eco Plus,1072,1,2,1,2,5,1,5,5,3,3,2,4,3,5,14,6.0,1
Male,Loyal Customer,43,Business travel,Eco,1114,4,3,3,3,4,4,4,4,2,4,2,2,3,4,8,12.0,1
Male,Loyal Customer,27,Business travel,Eco,1041,1,4,4,4,1,1,1,1,2,3,4,3,4,1,0,0.0,0
Female,Loyal Customer,41,Business travel,Business,2704,4,4,2,4,5,4,2,4,4,4,4,4,4,3,29,9.0,1
Male,Loyal Customer,42,Business travel,Business,323,4,3,3,3,3,2,3,4,4,3,4,4,4,3,4,10.0,1
Male,Loyal Customer,50,Business travel,Business,2168,3,3,3,3,2,4,5,5,5,5,5,4,5,4,6,24.0,1
Female,disloyal Customer,56,Business travel,Eco,270,1,0,2,2,3,2,3,3,5,5,5,2,2,3,0,0.0,0
Male,Loyal Customer,38,Personal Travel,Eco,991,4,4,4,2,2,4,2,2,3,2,4,3,5,2,0,0.0,0
Male,Loyal Customer,46,Personal Travel,Eco,304,1,4,1,5,2,1,2,2,4,4,5,5,4,2,15,18.0,0
Male,Loyal Customer,56,Personal Travel,Eco,1723,2,4,2,2,1,2,1,1,3,2,3,4,4,1,4,0.0,0
Female,Loyal Customer,43,Business travel,Business,2374,1,1,1,1,2,5,4,4,4,4,4,3,4,3,18,13.0,1
Female,Loyal Customer,54,Business travel,Business,691,5,5,3,5,4,5,5,5,5,5,5,5,5,4,0,0.0,1
Female,disloyal Customer,44,Business travel,Eco,1295,3,3,3,3,4,3,4,4,4,2,4,4,4,4,0,0.0,1
Female,Loyal Customer,69,Personal Travel,Eco,1188,2,5,2,1,4,3,4,4,4,2,4,5,4,5,9,18.0,1
Male,Loyal Customer,39,Business travel,Business,2706,3,2,2,2,2,3,3,3,3,3,3,3,3,1,3,33.0,0
Female,Loyal Customer,65,Personal Travel,Eco Plus,1504,5,5,5,4,5,4,5,5,5,5,3,4,5,3,0,0.0,1
Female,disloyal Customer,28,Business travel,Eco,550,4,4,4,1,2,4,2,2,2,4,5,2,3,2,43,30.0,0
Male,disloyal Customer,33,Business travel,Business,364,3,3,3,2,2,3,2,2,3,4,5,5,4,2,0,6.0,0
Male,Loyal Customer,55,Business travel,Business,3819,1,1,1,1,3,5,4,4,4,4,4,5,4,3,0,0.0,1
Male,disloyal Customer,25,Business travel,Business,950,2,0,2,2,3,2,3,3,3,5,4,3,4,3,26,4.0,0
Male,Loyal Customer,42,Business travel,Business,287,0,0,0,4,4,4,4,2,2,2,2,5,2,4,72,64.0,0
Male,Loyal Customer,52,Business travel,Business,114,4,4,4,4,2,2,1,4,4,4,5,4,4,2,0,0.0,0
Male,Loyal Customer,60,Personal Travel,Eco,214,2,0,2,4,2,2,3,2,5,4,5,3,5,2,0,0.0,0
Female,Loyal Customer,65,Personal Travel,Eco Plus,579,3,4,3,4,2,4,5,4,4,3,2,3,4,3,0,0.0,1
Female,Loyal Customer,40,Business travel,Business,2919,3,3,3,3,3,5,4,3,3,4,3,4,3,3,0,0.0,1
Female,Loyal Customer,7,Personal Travel,Eco,458,2,3,2,2,2,2,2,2,1,2,2,4,5,2,30,37.0,0
Female,Loyal Customer,24,Business travel,Business,1464,2,2,2,2,4,4,4,4,1,4,5,1,3,4,0,0.0,1
Male,Loyal Customer,51,Personal Travel,Eco,678,2,4,3,4,5,3,5,5,4,2,5,3,4,5,0,0.0,1
Female,Loyal Customer,57,Business travel,Business,2036,2,2,2,2,2,4,5,5,5,5,5,4,5,4,0,0.0,1
Female,Loyal Customer,58,Personal Travel,Eco,421,3,5,3,1,4,4,5,2,2,3,2,5,2,1,9,14.0,0
Female,Loyal Customer,48,Business travel,Business,297,3,3,3,3,2,4,4,4,4,4,4,3,4,5,3,0.0,1
Female,Loyal Customer,53,Personal Travel,Eco,756,1,5,1,1,3,5,4,1,1,1,1,5,1,5,39,29.0,0
Male,Loyal Customer,59,Business travel,Eco,802,4,3,3,3,4,4,4,4,1,4,4,2,4,4,6,9.0,1
Female,Loyal Customer,60,Business travel,Business,1896,2,2,2,2,3,4,4,5,5,5,5,3,5,5,0,0.0,1
Female,Loyal Customer,67,Personal Travel,Eco,153,2,2,2,4,2,3,3,2,2,2,2,3,2,3,0,0.0,0
Female,Loyal Customer,11,Personal Travel,Eco,3784,4,5,3,1,3,1,1,5,5,4,4,1,5,1,24,17.0,0
Female,Loyal Customer,40,Business travel,Business,3473,1,1,1,1,5,4,4,3,3,4,3,3,3,3,0,0.0,1
Male,disloyal Customer,36,Business travel,Eco,447,3,3,3,4,1,3,1,1,3,1,4,4,4,1,4,0.0,0
Female,Loyal Customer,49,Business travel,Business,2550,4,4,4,4,1,4,3,4,4,4,4,2,4,1,27,17.0,1
Female,Loyal Customer,39,Business travel,Business,3933,2,2,2,2,2,4,5,5,5,5,4,4,5,5,0,0.0,1
Female,Loyal Customer,24,Business travel,Business,1829,3,1,5,5,3,3,3,3,3,5,2,3,4,3,56,56.0,0
Female,disloyal Customer,37,Business travel,Eco Plus,214,4,4,4,3,5,4,5,5,2,3,4,2,4,5,0,0.0,1
Female,Loyal Customer,43,Business travel,Business,2825,1,1,1,1,3,4,5,5,5,5,5,5,5,3,16,10.0,1
Male,Loyal Customer,63,Business travel,Eco,926,3,3,3,3,2,3,2,2,1,4,3,3,3,2,6,0.0,0
Female,Loyal Customer,40,Business travel,Business,1145,4,4,4,4,3,4,4,4,4,5,4,3,4,5,0,0.0,1
Female,Loyal Customer,24,Personal Travel,Eco Plus,1728,1,1,1,2,1,3,3,2,1,1,1,3,3,3,201,208.0,0
Male,Loyal Customer,30,Business travel,Business,1504,1,3,3,3,1,1,1,1,2,5,3,2,4,1,1,0.0,0
Female,Loyal Customer,58,Business travel,Eco,486,3,4,4,4,4,4,3,3,3,3,3,1,3,2,0,0.0,0
Female,Loyal Customer,45,Business travel,Business,550,3,2,2,2,5,3,3,3,3,3,3,3,3,3,67,49.0,0
Female,disloyal Customer,26,Business travel,Eco,472,4,0,4,3,1,4,1,1,4,5,5,1,2,1,0,2.0,0
Male,Loyal Customer,35,Personal Travel,Eco,192,3,4,3,3,1,3,1,1,4,3,5,3,5,1,0,4.0,0
Male,Loyal Customer,55,Business travel,Business,3452,4,4,4,4,2,4,4,4,4,4,4,4,4,3,0,0.0,1
Male,Loyal Customer,7,Personal Travel,Eco Plus,1072,3,2,3,3,3,3,3,2,5,4,3,3,2,3,158,144.0,0
Male,Loyal Customer,60,Business travel,Business,674,1,1,1,1,4,4,5,2,2,2,2,4,2,4,0,14.0,0
Male,disloyal Customer,24,Business travel,Eco,258,2,5,2,1,4,2,4,4,4,2,5,3,5,4,68,60.0,1
Male,Loyal Customer,70,Business travel,Eco,1028,4,4,4,4,4,4,4,4,4,2,2,5,4,4,0,0.0,1
Male,Loyal Customer,56,Business travel,Business,1892,3,3,3,3,5,3,4,5,5,5,5,5,5,3,0,0.0,1
Male,Loyal Customer,59,Business travel,Business,1521,3,3,3,3,4,5,4,5,5,5,5,5,5,5,25,20.0,1
Female,Loyal Customer,55,Personal Travel,Eco,280,3,4,4,1,3,5,1,2,2,4,2,1,2,2,0,0.0,0
Female,Loyal Customer,26,Business travel,Eco,1399,5,3,3,3,5,4,4,5,1,2,3,3,4,5,0,0.0,1
Female,Loyal Customer,15,Personal Travel,Eco,925,1,4,1,3,1,1,1,1,5,2,4,5,5,1,7,0.0,0
Female,disloyal Customer,50,Business travel,Business,109,1,1,1,4,1,1,1,1,4,4,5,3,5,1,0,13.0,0
Male,disloyal Customer,36,Business travel,Eco,162,1,5,1,4,3,1,3,3,5,4,4,1,3,3,9,11.0,0
Female,Loyal Customer,36,Business travel,Business,200,2,2,2,2,4,5,5,4,4,4,4,4,4,3,0,0.0,1
Male,Loyal Customer,60,Business travel,Business,2908,1,1,1,1,5,4,5,3,3,3,3,3,3,4,0,1.0,1
Male,Loyal Customer,44,Business travel,Business,370,1,1,1,1,5,4,5,2,2,2,2,4,2,3,0,0.0,0
Male,Loyal Customer,51,Business travel,Business,3269,1,1,4,1,4,4,5,4,4,5,4,2,4,2,0,0.0,1
Male,Loyal Customer,66,Personal Travel,Eco,163,1,4,1,4,1,1,1,1,5,5,4,5,3,1,13,13.0,0
Male,disloyal Customer,38,Business travel,Business,354,1,2,2,4,1,2,1,1,2,4,4,2,3,1,0,0.0,0
Male,Loyal Customer,64,Business travel,Business,258,0,0,0,4,2,4,5,2,2,5,5,5,2,4,29,29.0,0
Male,disloyal Customer,34,Business travel,Business,369,2,2,2,1,1,2,1,1,4,3,5,3,4,1,0,1.0,0
Female,Loyal Customer,45,Business travel,Business,2904,2,5,4,5,5,2,1,2,2,2,2,1,2,2,0,16.0,0
Female,Loyal Customer,42,Business travel,Business,632,2,2,2,2,2,4,5,2,2,2,2,3,2,4,0,0.0,0
Male,Loyal Customer,43,Business travel,Business,2252,3,3,3,3,2,2,4,4,4,4,5,5,4,5,77,68.0,1
Female,Loyal Customer,15,Personal Travel,Eco,116,2,3,0,2,4,0,4,4,2,5,4,5,3,4,0,0.0,0
Female,Loyal Customer,16,Personal Travel,Eco,647,3,5,3,5,2,3,2,2,2,4,5,4,3,2,0,0.0,0
Female,Loyal Customer,61,Business travel,Business,1009,2,1,5,5,4,2,3,2,2,2,2,1,2,2,0,6.0,0
Female,Loyal Customer,60,Business travel,Eco,920,2,5,5,5,4,3,4,2,2,2,2,1,2,1,0,0.0,0
Female,disloyal Customer,38,Business travel,Eco,348,2,3,2,3,4,2,4,4,2,3,3,3,4,4,127,108.0,0
Female,Loyal Customer,50,Business travel,Business,3480,4,4,4,4,2,4,5,5,5,4,5,5,5,3,0,14.0,1
Male,Loyal Customer,65,Business travel,Eco,550,3,5,3,5,3,3,3,3,3,3,4,2,3,3,0,0.0,0
Female,Loyal Customer,58,Business travel,Business,116,3,3,3,3,5,2,3,4,4,4,5,4,4,4,0,0.0,1
Female,disloyal Customer,29,Business travel,Eco Plus,679,4,4,4,1,4,4,4,4,3,1,5,4,5,4,0,0.0,1
Female,Loyal Customer,43,Business travel,Business,1541,2,4,4,4,2,1,1,1,1,1,2,3,1,1,11,10.0,0
Female,disloyal Customer,37,Business travel,Business,460,2,2,2,3,2,2,2,2,3,3,4,5,4,2,0,0.0,0
Female,Loyal Customer,41,Personal Travel,Eco,182,3,5,3,3,4,3,3,4,4,1,5,1,2,4,0,12.0,0
Male,Loyal Customer,20,Business travel,Business,2402,1,1,1,1,4,4,4,4,3,4,1,4,4,4,0,0.0,1
Female,Loyal Customer,25,Business travel,Business,2474,1,1,1,1,5,5,5,5,3,3,4,4,4,5,10,8.0,1
Male,Loyal Customer,32,Personal Travel,Eco,859,3,1,3,4,5,3,5,5,3,1,3,4,3,5,28,8.0,1
Male,Loyal Customer,50,Personal Travel,Eco,431,2,4,5,5,4,5,4,4,3,3,4,3,4,4,0,9.0,1
Female,disloyal Customer,38,Business travel,Eco,797,3,3,3,4,5,3,5,5,4,3,3,1,4,5,13,10.0,1
Male,Loyal Customer,41,Business travel,Business,3840,4,4,4,4,5,3,1,4,4,4,4,3,4,2,55,45.0,1
Male,Loyal Customer,57,Business travel,Business,2884,1,1,1,1,3,5,4,4,4,4,4,3,4,4,3,21.0,1
Male,Loyal Customer,33,Business travel,Eco Plus,639,5,1,3,1,5,5,5,5,3,1,1,4,4,5,0,0.0,1
Female,Loyal Customer,48,Business travel,Eco,581,3,3,3,3,4,4,4,3,3,3,3,4,3,2,0,0.0,0
Female,Loyal Customer,67,Business travel,Eco Plus,765,5,1,1,1,1,3,4,5,5,5,5,1,5,5,14,5.0,1
Male,Loyal Customer,55,Business travel,Business,989,2,3,5,5,2,3,3,2,2,2,2,1,2,1,2,31.0,0
Male,Loyal Customer,29,Personal Travel,Eco,1882,1,2,1,4,5,1,5,5,3,4,3,4,4,5,0,0.0,1
Female,Loyal Customer,40,Business travel,Business,1119,1,1,1,1,3,3,4,1,1,1,1,1,1,2,0,0.0,0
Female,Loyal Customer,7,Personal Travel,Eco,813,3,2,3,3,4,3,4,4,4,3,3,3,3,4,0,0.0,1
Female,Loyal Customer,40,Business travel,Business,587,5,5,3,5,5,4,4,5,5,5,5,3,5,5,6,0.0,1
Female,disloyal Customer,22,Business travel,Eco Plus,226,3,0,4,3,1,4,1,1,1,3,4,3,5,1,0,0.0,0
Male,Loyal Customer,27,Business travel,Eco,376,4,2,2,2,4,4,4,4,2,2,5,1,2,4,4,6.0,1
Male,Loyal Customer,65,Personal Travel,Eco,522,3,4,3,3,5,3,5,5,4,4,1,3,1,5,20,27.0,1
Female,Loyal Customer,52,Business travel,Business,1749,3,3,3,3,4,4,5,5,5,5,5,5,5,3,0,6.0,1
Male,Loyal Customer,60,Business travel,Business,248,0,0,0,1,5,4,5,1,1,1,1,3,1,4,0,5.0,0
Male,Loyal Customer,54,Personal Travel,Eco,486,3,0,3,3,2,3,2,2,3,4,4,3,3,2,0,0.0,0
Male,Loyal Customer,46,Business travel,Business,2914,3,3,3,3,4,5,5,5,5,5,5,3,5,5,3,0.0,1
Female,Loyal Customer,44,Personal Travel,Eco,781,3,4,3,3,2,5,4,5,5,3,5,3,5,5,55,59.0,1
Female,disloyal Customer,22,Business travel,Eco,222,3,0,3,1,5,3,5,5,1,5,3,1,2,5,0,0.0,1
Female,Loyal Customer,24,Personal Travel,Eco,427,2,4,2,3,4,2,4,4,5,4,3,4,4,4,0,0.0,1
Female,disloyal Customer,38,Business travel,Eco,129,4,3,4,1,2,4,2,2,1,5,4,4,3,2,0,0.0,0
Male,disloyal Customer,36,Business travel,Business,258,4,4,4,4,4,4,4,4,5,4,5,5,4,4,16,6.0,1
Female,Loyal Customer,33,Business travel,Business,1820,2,4,4,4,1,4,3,1,1,1,2,3,1,1,23,19.0,0
Female,disloyal Customer,54,Business travel,Eco,214,1,3,1,4,5,1,1,5,2,3,4,3,4,5,0,0.0,0
Male,Loyal Customer,47,Personal Travel,Eco,986,2,4,2,1,2,2,2,2,4,4,5,4,4,2,0,0.0,0
Male,Loyal Customer,37,Business travel,Business,282,2,2,2,2,5,4,4,4,4,4,4,3,4,4,0,0.0,1
Female,disloyal Customer,22,Business travel,Business,1189,4,4,4,1,5,4,5,5,3,5,4,4,4,5,6,0.0,1
Male,Loyal Customer,46,Business travel,Business,326,5,5,5,5,5,1,2,4,4,4,4,1,4,4,0,5.0,1
Female,Loyal Customer,24,Personal Travel,Eco,316,3,4,3,3,3,3,3,3,1,4,4,1,4,3,0,0.0,0
Male,Loyal Customer,48,Business travel,Business,2007,3,3,3,3,2,5,5,5,5,4,5,4,5,5,4,3.0,1
Male,Loyal Customer,67,Personal Travel,Eco,1046,4,3,4,4,4,4,4,4,3,4,4,2,3,4,0,0.0,1
Male,Loyal Customer,44,Business travel,Business,655,3,3,3,3,4,4,4,4,4,4,4,5,4,5,0,0.0,1
Female,Loyal Customer,29,Personal Travel,Business,343,1,4,1,2,2,1,2,2,4,4,2,3,1,2,3,0.0,0
Male,Loyal Customer,51,Business travel,Business,539,3,3,5,3,4,5,3,5,5,5,5,5,5,3,13,2.0,1
Male,Loyal Customer,48,Business travel,Business,2636,2,2,2,2,4,4,4,4,4,4,4,4,4,5,0,0.0,1
Female,disloyal Customer,32,Business travel,Eco,674,2,3,3,3,1,3,1,1,3,3,1,2,4,1,0,0.0,0
Male,Loyal Customer,36,Business travel,Business,3353,2,2,2,2,4,5,5,3,3,4,3,5,3,5,2,0.0,1
Male,Loyal Customer,48,Business travel,Business,190,1,1,1,1,5,5,4,5,5,5,5,4,5,5,0,3.0,1
Female,Loyal Customer,39,Personal Travel,Eco,86,0,5,0,1,2,0,2,2,3,3,5,4,4,2,0,0.0,0
Female,disloyal Customer,36,Business travel,Eco,1065,4,4,4,2,5,4,5,5,4,4,1,1,2,5,0,0.0,1
Female,Loyal Customer,19,Personal Travel,Eco Plus,554,2,1,2,2,4,2,4,4,4,3,3,2,3,4,15,0.0,0
Male,Loyal Customer,35,Business travel,Business,3640,4,4,4,4,2,4,5,5,5,5,5,4,5,4,31,47.0,1
Male,Loyal Customer,27,Personal Travel,Eco,983,3,4,3,1,1,3,2,1,5,2,5,4,5,1,0,0.0,0
Female,Loyal Customer,43,Business travel,Business,328,4,4,4,4,2,4,4,4,4,4,4,4,4,4,1,0.0,1
Male,Loyal Customer,24,Business travel,Business,3552,2,2,2,2,2,2,2,2,1,5,4,2,4,2,0,0.0,0
Female,Loyal Customer,45,Business travel,Business,346,1,1,1,1,2,3,3,4,4,4,4,5,4,4,0,0.0,1
Female,Loyal Customer,40,Personal Travel,Business,550,4,1,4,3,5,4,4,1,1,4,1,1,1,1,0,0.0,0
Male,disloyal Customer,40,Business travel,Business,1995,1,1,1,3,2,1,2,2,4,3,3,5,5,2,0,0.0,0
Female,disloyal Customer,27,Business travel,Business,283,0,0,0,3,3,0,2,3,4,4,5,3,5,3,0,5.0,0
Male,Loyal Customer,47,Business travel,Business,2519,3,3,3,3,4,5,4,5,5,5,5,5,5,5,83,65.0,1
Male,disloyal Customer,21,Business travel,Eco,175,4,4,5,4,4,5,4,4,3,3,3,2,1,4,0,0.0,1
Female,Loyal Customer,53,Personal Travel,Eco,413,3,5,3,4,5,5,5,5,5,3,5,3,5,5,9,11.0,1
Male,Loyal Customer,69,Personal Travel,Eco,1514,4,5,4,2,1,4,1,1,3,2,3,3,4,1,60,66.0,0
Female,Loyal Customer,12,Personal Travel,Eco Plus,589,4,1,4,1,4,4,4,4,2,1,1,1,1,4,0,0.0,0
Male,Loyal Customer,35,Personal Travel,Eco,1065,1,3,1,4,2,1,2,2,2,2,3,4,4,2,6,0.0,0
Male,disloyal Customer,7,Business travel,Eco,1306,1,1,1,3,5,1,5,5,2,4,3,3,3,5,9,45.0,1
Female,Loyal Customer,53,Business travel,Business,544,4,4,2,4,4,5,5,2,2,2,2,4,2,5,31,18.0,1
Female,Loyal Customer,29,Business travel,Business,1471,4,4,4,4,4,4,4,4,3,2,4,5,5,4,96,88.0,1
Female,disloyal Customer,26,Business travel,Eco,562,4,4,4,3,2,4,2,2,1,2,4,2,3,2,17,15.0,0
Male,Loyal Customer,60,Business travel,Business,2578,3,3,3,3,3,4,4,4,4,4,4,5,4,5,0,16.0,1
Female,Loyal Customer,8,Personal Travel,Eco Plus,229,3,5,3,4,4,3,4,4,4,2,5,5,5,4,0,0.0,1
Male,disloyal Customer,38,Business travel,Business,646,2,2,2,3,3,2,1,3,5,5,5,3,4,3,0,0.0,0
Female,Loyal Customer,11,Business travel,Business,2666,2,3,3,3,2,2,2,2,3,2,3,4,4,2,50,52.0,0
Male,disloyal Customer,69,Business travel,Business,469,2,2,2,4,2,2,2,2,3,2,5,3,4,2,0,0.0,0
Female,Loyal Customer,39,Business travel,Business,899,3,3,3,3,4,3,3,3,2,4,4,3,2,3,233,256.0,0
Male,Loyal Customer,58,Business travel,Business,1581,1,1,1,1,2,5,4,4,4,4,4,3,4,4,0,0.0,1
Male,Loyal Customer,31,Business travel,Eco,500,0,0,0,5,1,0,1,1,3,4,2,4,1,1,0,0.0,0
Male,Loyal Customer,40,Business travel,Business,158,0,4,0,5,4,4,4,4,4,4,4,3,4,3,0,0.0,1
Male,Loyal Customer,11,Personal Travel,Eco,812,3,1,3,4,2,3,2,2,1,5,3,1,4,2,45,42.0,0
Male,Loyal Customer,17,Business travel,Eco,1183,2,4,4,4,2,1,3,2,4,5,4,2,3,2,19,25.0,0
Female,Loyal Customer,41,Personal Travel,Eco,265,3,3,0,2,2,0,2,2,4,4,5,3,4,2,49,77.0,0
Male,Loyal Customer,48,Personal Travel,Eco,188,2,4,0,3,4,0,4,4,4,5,5,5,4,4,0,0.0,1
Female,disloyal Customer,35,Business travel,Eco,1590,3,3,3,2,4,3,4,4,3,2,1,3,2,4,0,10.0,0
Male,disloyal Customer,34,Business travel,Business,268,3,4,4,4,3,4,3,3,4,2,5,4,5,3,0,0.0,1
Female,Loyal Customer,40,Personal Travel,Eco Plus,637,4,5,4,2,4,4,4,4,4,4,4,3,4,4,42,54.0,1
Male,Loyal Customer,22,Business travel,Business,980,4,4,1,4,4,4,4,4,3,4,5,4,4,4,0,0.0,1
Female,disloyal Customer,38,Business travel,Eco Plus,572,2,2,2,1,3,2,5,3,5,2,1,5,5,3,0,0.0,0
Male,Loyal Customer,27,Personal Travel,Eco,1222,4,2,4,3,5,4,5,5,2,5,3,1,4,5,0,5.0,1
Male,Loyal Customer,45,Business travel,Business,1947,1,1,1,1,5,3,5,4,4,4,4,4,4,4,0,0.0,1
Male,Loyal Customer,65,Personal Travel,Eco,173,3,3,3,2,5,3,5,5,4,5,4,5,5,5,33,37.0,1
Female,Loyal Customer,15,Personal Travel,Eco,680,4,5,4,3,5,4,5,5,4,4,4,3,5,5,5,0.0,1
Male,disloyal Customer,44,Business travel,Business,391,4,4,4,2,2,4,2,2,4,4,4,3,4,2,0,5.0,0
Male,Loyal Customer,20,Personal Travel,Business,419,1,2,1,3,3,1,3,3,2,1,4,2,3,3,19,22.0,0
Male,Loyal Customer,29,Business travel,Eco,1235,2,2,2,2,2,2,2,2,2,4,4,4,3,2,8,0.0,0
Female,disloyal Customer,27,Business travel,Eco,995,3,3,3,3,5,3,5,5,4,1,3,1,4,5,0,0.0,1
Female,Loyal Customer,37,Business travel,Eco,1217,1,0,0,3,1,0,1,1,1,2,4,1,4,1,0,0.0,0
Female,Loyal Customer,35,Personal Travel,Eco,2176,2,3,2,4,2,2,2,2,3,5,3,1,4,2,0,0.0,0
Male,disloyal Customer,25,Business travel,Business,414,2,5,2,3,1,2,1,1,4,4,5,3,5,1,5,4.0,0
Female,Loyal Customer,25,Business travel,Business,3764,3,3,3,3,4,4,4,4,4,3,5,3,5,4,108,129.0,1
Male,Loyal Customer,45,Business travel,Business,448,1,5,5,5,1,1,1,4,5,3,4,1,4,1,389,420.0,0
Female,Loyal Customer,63,Personal Travel,Eco,283,4,3,4,4,2,3,4,4,4,4,4,3,4,1,0,1.0,1
Male,Loyal Customer,29,Business travel,Business,181,0,5,0,5,4,4,4,4,3,5,5,4,4,4,0,0.0,1
Female,disloyal Customer,17,Business travel,Eco,1240,2,2,2,4,4,2,4,4,4,4,2,4,3,4,2,0.0,1
Female,Loyal Customer,43,Personal Travel,Eco,1541,3,2,3,4,4,2,4,3,3,3,3,1,3,2,46,35.0,0
Female,Loyal Customer,24,Personal Travel,Business,140,3,5,3,3,2,3,2,2,1,1,1,1,4,2,74,76.0,0
Male,Loyal Customer,37,Personal Travel,Eco,127,3,2,3,3,1,3,1,1,2,5,3,3,3,1,0,0.0,0
Female,Loyal Customer,42,Business travel,Business,3264,2,2,2,2,4,5,5,5,5,5,5,3,5,5,0,0.0,1
Female,Loyal Customer,38,Personal Travel,Eco,1212,1,0,1,5,3,1,3,3,5,1,4,5,1,3,0,0.0,0
Female,Loyal Customer,24,Business travel,Eco,1900,2,5,5,5,2,2,2,2,3,5,2,1,3,2,97,83.0,0
Male,disloyal Customer,28,Business travel,Business,516,4,4,4,2,4,4,4,4,4,3,4,3,4,4,0,0.0,1
Female,Loyal Customer,30,Personal Travel,Business,2105,3,0,3,4,5,3,1,5,3,2,5,4,5,5,117,85.0,1
Male,Loyal Customer,30,Personal Travel,Eco,160,3,5,3,4,5,3,5,5,3,3,4,5,5,5,0,0.0,1
Female,Loyal Customer,62,Personal Travel,Eco,468,3,4,3,3,5,4,5,3,3,3,3,3,3,3,0,6.0,1
Female,disloyal Customer,32,Business travel,Business,674,3,3,3,3,4,3,1,4,3,5,4,3,4,4,0,0.0,1
Female,Loyal Customer,69,Business travel,Business,2221,3,4,4,4,2,4,4,3,3,3,3,4,3,4,14,17.0,1
Male,Loyal Customer,67,Business travel,Eco,483,4,3,3,3,4,4,4,4,2,1,4,4,3,4,6,3.0,1
Male,Loyal Customer,48,Business travel,Eco,1587,2,2,2,2,2,2,2,2,4,2,2,1,4,2,12,23.0,0
Female,disloyal Customer,21,Business travel,Business,829,5,0,5,2,4,5,4,4,5,5,4,4,5,4,0,1.0,1
Male,Loyal Customer,39,Business travel,Business,2454,5,5,5,5,5,5,4,5,5,5,5,5,5,3,0,0.0,1
Female,Loyal Customer,43,Business travel,Business,417,5,5,5,5,4,4,5,2,2,2,2,4,2,4,37,31.0,1
Female,Loyal Customer,53,Business travel,Business,1761,2,2,2,2,2,4,5,3,3,4,3,3,3,5,12,16.0,1
Male,Loyal Customer,12,Personal Travel,Eco,1379,3,4,3,1,5,3,4,5,3,3,1,1,4,5,22,24.0,1
Female,disloyal Customer,27,Business travel,Eco,1205,4,4,4,3,4,4,4,4,2,4,3,2,4,4,32,22.0,1
Male,Loyal Customer,62,Personal Travel,Eco,1189,3,4,3,4,3,1,1,5,4,4,5,1,5,1,151,145.0,0
Male,Loyal Customer,36,Business travel,Business,453,1,5,1,5,3,3,3,1,1,1,1,1,1,2,20,23.0,0
Male,Loyal Customer,23,Personal Travel,Eco,809,3,2,3,3,3,4,4,2,2,3,3,4,4,4,152,164.0,0
Female,Loyal Customer,44,Business travel,Business,594,2,5,5,5,1,1,1,2,2,2,2,3,2,1,0,8.0,0
Female,disloyal Customer,20,Business travel,Eco,319,1,4,1,3,2,1,2,2,4,3,3,2,3,2,27,2.0,0
Female,Loyal Customer,18,Business travel,Business,1400,2,5,5,5,2,2,2,2,2,1,4,4,4,2,3,8.0,0
Male,Loyal Customer,55,Personal Travel,Eco Plus,534,2,5,2,3,3,2,3,3,3,5,5,3,4,3,24,4.0,0
Female,Loyal Customer,49,Business travel,Business,1504,1,1,5,1,4,1,5,4,4,5,4,2,4,2,85,66.0,1
Female,Loyal Customer,33,Business travel,Eco,1514,4,1,1,1,4,4,4,4,2,5,3,4,2,4,6,0.0,1
Female,disloyal Customer,26,Business travel,Eco,912,1,1,1,4,5,1,5,5,1,5,3,3,4,5,11,8.0,1
Female,Loyal Customer,37,Business travel,Eco,1134,4,2,2,2,4,4,4,4,3,2,3,2,3,4,0,0.0,1
Male,Loyal Customer,46,Business travel,Business,911,2,1,1,1,4,3,4,2,2,2,2,4,2,2,0,0.0,0
Male,Loyal Customer,50,Business travel,Business,2725,4,4,4,4,3,5,5,4,4,4,4,3,4,4,0,2.0,1
Female,Loyal Customer,67,Personal Travel,Eco,2688,4,5,4,3,2,5,5,4,4,4,1,5,4,5,0,18.0,1
Male,Loyal Customer,45,Business travel,Business,364,2,2,2,2,3,5,5,4,4,4,4,3,4,4,52,54.0,1
Female,Loyal Customer,51,Personal Travel,Eco,125,3,4,0,4,4,4,4,3,3,0,3,2,3,3,0,0.0,0
Female,Loyal Customer,42,Business travel,Eco,1167,5,2,2,2,2,2,3,5,5,5,5,4,5,4,49,60.0,1
Female,disloyal Customer,22,Business travel,Eco,1337,1,1,1,3,5,1,5,5,2,3,3,4,3,5,23,17.0,1
Male,Loyal Customer,37,Personal Travel,Eco,771,1,4,1,2,2,1,2,2,4,2,4,3,4,2,0,0.0,0
Female,disloyal Customer,26,Business travel,Business,1986,4,4,4,1,4,4,4,4,5,5,4,3,4,4,87,85.0,1
Male,Loyal Customer,53,Business travel,Business,447,1,1,1,1,3,5,4,5,5,5,5,5,5,3,29,36.0,1
Male,Loyal Customer,59,Business travel,Business,3473,1,1,1,1,1,2,4,4,4,5,4,5,4,3,0,0.0,1
Female,Loyal Customer,57,Personal Travel,Eco,407,2,5,2,2,3,3,4,2,2,2,2,5,2,5,23,4.0,0
Male,Loyal Customer,52,Personal Travel,Eco,2342,4,4,4,3,1,4,1,1,2,5,4,3,3,1,0,0.0,0
Male,Loyal Customer,19,Personal Travel,Business,1180,3,5,3,2,4,3,1,4,5,5,4,3,4,4,0,0.0,1
Female,Loyal Customer,44,Personal Travel,Eco,214,2,1,2,4,1,3,3,4,4,2,4,2,4,1,72,67.0,0
Female,Loyal Customer,52,Business travel,Business,3112,4,4,3,4,2,4,4,4,4,4,4,4,4,4,0,0.0,1
Female,Loyal Customer,58,Business travel,Business,413,1,1,1,1,3,4,5,4,4,4,4,3,4,5,0,0.0,1
Female,Loyal Customer,43,Personal Travel,Eco,196,3,4,3,1,3,5,5,4,3,5,5,5,5,5,253,245.0,1
Female,disloyal Customer,21,Business travel,Eco Plus,862,3,1,3,4,5,3,5,5,2,2,3,2,3,5,10,2.0,1
Male,Loyal Customer,14,Business travel,Business,2433,3,1,1,1,3,3,3,3,1,5,3,2,4,3,0,16.0,0
Male,Loyal Customer,45,Business travel,Business,919,2,2,2,2,3,4,5,4,4,4,4,3,4,4,0,13.0,1
Male,Loyal Customer,30,Personal Travel,Eco Plus,1024,3,4,2,3,4,2,3,4,4,3,5,4,4,4,0,3.0,1
Female,Loyal Customer,56,Business travel,Business,1531,3,3,3,3,4,5,4,4,4,4,4,5,4,4,36,29.0,1
Male,disloyal Customer,39,Business travel,Eco,828,4,4,4,3,5,4,5,5,5,5,5,4,2,5,0,0.0,1
Male,Loyal Customer,63,Business travel,Eco,462,2,5,5,5,2,2,2,2,4,1,2,4,1,2,0,0.0,0
Female,Loyal Customer,31,Personal Travel,Eco,926,1,2,1,4,1,1,1,1,1,2,3,3,3,1,0,11.0,0
Female,Loyal Customer,22,Business travel,Eco Plus,1744,2,2,2,2,2,2,1,2,4,4,2,3,2,2,5,0.0,0
Female,Loyal Customer,31,Personal Travel,Eco,1874,3,3,3,3,5,3,5,5,4,1,2,4,1,5,13,0.0,1
Male,Loyal Customer,55,Business travel,Eco Plus,296,5,5,5,5,5,5,5,5,2,4,4,1,3,5,9,6.0,1
Male,Loyal Customer,47,Business travel,Eco,2475,2,5,5,5,2,2,2,2,2,2,4,2,3,2,0,3.0,0
Male,Loyal Customer,13,Personal Travel,Eco,1558,4,4,4,3,3,4,3,3,1,2,2,1,3,3,0,0.0,0
Male,Loyal Customer,9,Personal Travel,Eco,452,4,5,4,3,2,4,2,2,2,3,3,5,3,2,0,0.0,0
Female,disloyal Customer,38,Business travel,Business,184,4,4,4,2,4,4,3,4,3,5,5,4,5,4,0,0.0,1
Male,Loyal Customer,17,Personal Travel,Eco,2399,3,4,3,4,1,3,1,1,5,5,3,3,4,1,0,0.0,0
Male,disloyal Customer,21,Business travel,Eco,89,2,2,2,3,1,2,1,1,3,4,3,3,4,1,0,2.0,0
Male,Loyal Customer,51,Business travel,Business,130,5,4,5,5,5,4,4,5,5,4,4,3,5,4,0,0.0,1
Female,Loyal Customer,21,Personal Travel,Business,612,2,5,2,2,1,2,1,1,4,5,4,4,5,1,14,4.0,0
Male,Loyal Customer,59,Personal Travel,Eco,304,2,5,4,4,2,4,4,2,5,5,4,3,5,2,17,57.0,1
Female,Loyal Customer,31,Business travel,Business,545,3,4,4,4,3,3,3,3,4,4,3,2,2,3,0,0.0,0
Male,Loyal Customer,68,Personal Travel,Eco,486,2,4,4,3,2,4,2,2,3,2,4,4,4,2,49,34.0,0
Male,Loyal Customer,49,Business travel,Eco Plus,190,4,2,2,2,4,4,4,4,3,4,4,4,2,4,0,0.0,1
Female,Loyal Customer,7,Personal Travel,Eco,469,3,3,3,4,4,3,4,4,4,2,2,3,1,4,14,11.0,0
Male,Loyal Customer,54,Business travel,Business,2371,2,2,4,2,3,4,4,4,4,4,4,4,4,4,7,28.0,1
Female,Loyal Customer,13,Personal Travel,Eco,479,3,5,2,3,3,2,3,3,2,3,3,4,1,3,2,0.0,0
Male,Loyal Customer,50,Business travel,Business,1250,3,4,2,4,4,3,3,3,3,3,3,4,3,4,4,2.0,1
Male,Loyal Customer,11,Personal Travel,Eco,715,4,5,4,3,2,4,2,2,5,3,5,5,5,2,8,0.0,0
Male,Loyal Customer,31,Personal Travel,Eco,645,1,5,1,1,5,1,5,5,5,2,5,5,4,5,0,0.0,1
Male,Loyal Customer,68,Personal Travel,Business,399,2,1,2,4,1,3,3,4,4,2,5,4,4,4,0,0.0,1
Female,Loyal Customer,53,Personal Travel,Eco,484,3,0,3,5,3,5,4,4,4,3,4,5,4,4,0,0.0,1
Female,Loyal Customer,35,Business travel,Business,3572,4,4,4,4,4,4,4,3,2,5,4,4,3,4,154,139.0,1
Female,Loyal Customer,45,Business travel,Eco,371,5,5,5,5,5,5,5,3,5,3,4,5,1,5,133,120.0,1
Female,Loyal Customer,33,Personal Travel,Eco,2521,2,5,1,5,5,1,2,5,4,2,5,2,2,5,0,0.0,1
Female,Loyal Customer,49,Business travel,Business,650,4,4,4,4,2,5,5,5,5,5,5,3,5,3,0,0.0,1
Female,Loyal Customer,51,Business travel,Business,1618,1,1,1,1,2,3,5,5,5,5,5,2,5,3,0,0.0,1
Male,Loyal Customer,54,Business travel,Business,1936,3,3,3,3,4,3,4,3,3,3,3,1,3,1,0,0.0,0
Male,Loyal Customer,21,Personal Travel,Business,447,1,4,1,5,5,1,5,5,4,2,4,3,5,5,86,66.0,1
Female,Loyal Customer,39,Personal Travel,Eco,308,3,4,3,3,1,3,1,1,4,5,3,4,3,1,72,60.0,0
Female,Loyal Customer,23,Business travel,Business,3177,4,4,5,4,5,5,5,5,3,3,4,4,2,5,0,0.0,1
Male,Loyal Customer,24,Personal Travel,Eco,2475,1,3,1,3,1,5,5,1,5,3,4,5,2,5,0,0.0,0
Female,Loyal Customer,51,Business travel,Business,481,4,4,4,4,5,2,5,5,5,5,5,3,5,4,0,0.0,1
Male,Loyal Customer,21,Business travel,Business,3784,2,4,4,4,2,2,2,2,1,1,4,2,4,2,0,0.0,0
Female,Loyal Customer,60,Personal Travel,Eco,819,4,1,4,3,3,2,3,2,2,4,2,3,2,2,0,0.0,0
Female,Loyal Customer,57,Personal Travel,Eco,240,1,4,0,2,4,4,5,1,1,0,1,4,1,4,0,2.0,0
Male,Loyal Customer,59,Business travel,Business,2125,2,2,2,2,3,4,4,4,4,4,4,4,4,5,117,117.0,1
Female,Loyal Customer,25,Personal Travel,Eco,354,2,1,2,3,5,2,5,5,1,1,3,4,4,5,57,61.0,1
Male,Loyal Customer,48,Business travel,Eco,383,2,4,2,4,2,2,2,2,1,4,3,3,3,2,0,0.0,0
Female,Loyal Customer,29,Personal Travel,Eco,411,1,2,1,3,5,1,4,5,1,4,3,4,3,5,0,0.0,1
Female,Loyal Customer,41,Business travel,Business,199,3,3,3,3,1,1,3,4,4,4,4,2,4,4,0,0.0,0
Female,disloyal Customer,21,Business travel,Eco,283,2,0,2,1,2,2,4,2,3,2,4,3,4,2,0,0.0,0
Female,Loyal Customer,51,Business travel,Business,140,4,1,1,1,4,4,3,1,1,1,4,4,1,1,46,40.0,0
Male,Loyal Customer,32,Business travel,Business,3498,3,5,5,5,3,3,3,3,3,1,3,4,4,3,9,33.0,0
Female,Loyal Customer,50,Personal Travel,Business,329,1,4,2,3,4,4,4,2,2,2,5,2,2,3,0,0.0,0
Female,Loyal Customer,36,Personal Travel,Eco,590,2,4,3,3,4,3,4,4,4,4,4,1,4,4,2,0.0,1
Male,Loyal Customer,40,Business travel,Business,802,3,3,3,3,2,5,5,5,5,5,5,4,5,5,1,21.0,1
Male,Loyal Customer,52,Business travel,Eco Plus,1089,3,2,2,2,3,3,3,3,4,3,4,1,4,3,90,88.0,0
Female,Loyal Customer,39,Personal Travel,Eco,967,2,5,2,5,1,2,1,1,5,3,4,3,5,1,0,6.0,0
Male,Loyal Customer,54,Business travel,Business,3888,0,0,0,4,5,5,5,5,5,5,5,4,5,3,24,19.0,1
Male,Loyal Customer,37,Business travel,Business,1542,2,2,2,2,4,4,4,5,5,5,5,2,5,3,0,0.0,1
Male,Loyal Customer,21,Business travel,Business,3545,4,3,4,4,5,5,5,5,3,1,2,4,2,5,14,84.0,1
Male,disloyal Customer,28,Business travel,Business,534,0,0,0,5,4,0,4,4,4,2,5,5,4,4,0,19.0,1
Female,Loyal Customer,56,Business travel,Eco Plus,425,4,5,5,5,2,2,1,5,5,4,5,4,5,3,62,66.0,1
Male,disloyal Customer,39,Business travel,Business,511,2,2,2,4,2,2,2,2,4,2,4,4,4,2,0,0.0,0
Male,disloyal Customer,55,Business travel,Business,1139,5,5,5,4,5,5,5,5,3,3,5,5,4,5,17,0.0,1
Female,Loyal Customer,42,Business travel,Eco,209,5,4,4,4,4,4,2,5,5,5,5,4,5,3,75,77.0,1
Female,Loyal Customer,23,Personal Travel,Eco,340,3,4,3,3,3,3,3,3,5,5,4,3,5,3,36,22.0,1
Female,Loyal Customer,49,Business travel,Business,3793,4,4,2,4,3,5,1,5,5,5,5,4,5,4,25,16.0,1
Female,Loyal Customer,32,Business travel,Business,3904,4,4,4,4,4,4,4,4,4,5,4,3,5,4,16,2.0,1
Female,Loyal Customer,48,Business travel,Eco,351,3,2,2,2,4,2,2,3,3,3,3,4,3,4,0,0.0,0
Female,Loyal Customer,52,Business travel,Eco,647,2,5,1,1,2,4,3,2,2,2,2,1,2,2,0,0.0,0
Male,disloyal Customer,47,Business travel,Eco,977,2,3,3,3,3,3,2,3,2,1,3,1,4,3,31,24.0,0
Male,Loyal Customer,48,Personal Travel,Eco,864,1,4,1,5,4,1,4,4,3,5,5,4,5,4,6,0.0,1
Female,Loyal Customer,51,Business travel,Business,1120,3,3,3,3,2,5,4,4,4,4,4,4,4,3,0,0.0,1
Female,Loyal Customer,40,Personal Travel,Eco,460,1,5,4,1,4,4,5,4,1,4,5,3,3,4,0,0.0,1
Female,Loyal Customer,45,Business travel,Business,2720,3,3,5,3,4,4,5,4,4,4,4,3,4,4,14,0.0,1
Female,Loyal Customer,9,Personal Travel,Eco,515,1,4,5,3,1,5,1,1,4,2,4,5,5,1,0,0.0,0
Male,Loyal Customer,55,Business travel,Business,239,5,5,5,5,5,4,5,5,5,5,5,3,5,5,0,10.0,1
Female,Loyal Customer,42,Business travel,Business,3167,2,3,3,3,1,2,2,2,2,2,2,4,2,4,99,113.0,0
Female,Loyal Customer,46,Personal Travel,Eco,1096,3,3,3,3,3,4,3,2,2,3,2,1,2,3,0,0.0,0
Male,Loyal Customer,29,Business travel,Eco,1012,3,5,4,4,3,3,3,3,1,2,3,4,2,3,0,3.0,0
Male,disloyal Customer,26,Business travel,Eco,548,1,4,1,4,5,1,5,5,4,5,3,1,3,5,0,2.0,1
Female,Loyal Customer,51,Business travel,Eco,569,4,4,4,4,3,5,1,4,4,4,4,1,4,3,0,0.0,1
Male,Loyal Customer,48,Business travel,Business,1609,2,5,5,5,2,3,3,2,2,2,2,4,2,1,0,0.0,0
Female,disloyal Customer,40,Business travel,Business,102,3,3,3,2,5,3,4,5,2,3,2,2,1,5,26,33.0,1
Female,Loyal Customer,34,Personal Travel,Eco,1379,0,4,0,3,4,0,4,4,5,5,3,4,5,4,17,1.0,1
Male,Loyal Customer,19,Business travel,Business,1660,3,2,2,2,3,3,3,3,1,1,3,3,4,3,0,0.0,0
Male,Loyal Customer,24,Personal Travel,Eco,726,2,2,2,3,2,2,2,2,4,1,4,1,3,2,0,0.0,0
Male,Loyal Customer,25,Personal Travel,Eco,158,3,2,3,3,2,3,2,2,1,1,3,1,3,2,92,96.0,0
Female,Loyal Customer,59,Personal Travel,Eco,1449,3,4,3,2,2,4,2,3,3,3,3,2,3,3,14,0.0,0
Female,Loyal Customer,70,Personal Travel,Eco Plus,842,2,5,2,2,2,5,5,5,5,2,5,3,5,3,0,0.0,1
Female,Loyal Customer,22,Business travel,Business,2451,5,5,5,5,4,4,4,4,3,2,5,5,1,4,0,0.0,1
Male,Loyal Customer,59,Business travel,Business,2079,5,5,5,5,2,4,5,5,5,5,5,4,5,5,0,0.0,1
Female,Loyal Customer,55,Business travel,Eco,371,5,1,1,1,2,1,5,5,5,5,5,5,5,5,14,5.0,1
Male,Loyal Customer,68,Personal Travel,Eco,1121,2,5,2,4,2,5,5,4,2,5,4,5,3,5,142,146.0,1
Female,Loyal Customer,28,Business travel,Eco,547,1,4,4,4,1,1,1,1,4,2,4,3,4,1,11,0.0,0
Male,Loyal Customer,35,Personal Travel,Eco,2139,3,5,3,3,2,3,2,2,5,2,5,5,5,2,0,0.0,0
Male,Loyal Customer,38,Personal Travel,Eco,223,3,4,3,2,2,3,2,2,5,5,4,4,5,2,0,7.0,0
Female,Loyal Customer,65,Business travel,Business,2193,2,4,4,4,1,2,3,2,2,2,2,2,2,1,14,12.0,0
Female,Loyal Customer,63,Personal Travel,Eco,447,3,4,3,5,3,4,5,5,5,3,3,4,5,3,0,0.0,1
Female,Loyal Customer,55,Business travel,Business,280,3,5,4,5,1,3,3,3,3,3,3,4,3,1,0,0.0,0
Male,Loyal Customer,53,Personal Travel,Eco,529,3,1,3,4,3,2,2,2,5,4,3,2,4,2,218,220.0,0
Male,Loyal Customer,39,Personal Travel,Eco,332,4,3,4,3,2,4,2,2,3,1,3,3,4,2,30,19.0,0
Male,Loyal Customer,7,Personal Travel,Eco,414,3,2,3,4,2,3,2,2,4,3,4,2,3,2,12,0.0,0
Male,disloyal Customer,38,Business travel,Eco,430,1,2,1,4,1,1,1,1,3,5,4,4,3,1,0,0.0,0
Female,disloyal Customer,21,Business travel,Eco,650,5,0,5,2,3,5,3,3,4,2,4,3,5,3,0,0.0,1
Female,Loyal Customer,19,Business travel,Business,1832,5,5,5,5,4,4,4,4,4,3,1,1,2,4,0,0.0,1
Male,Loyal Customer,59,Business travel,Eco,576,4,1,1,1,4,4,4,4,4,1,3,4,1,4,20,11.0,1
Male,Loyal Customer,57,Business travel,Business,368,3,3,3,3,4,4,4,4,4,4,4,4,4,3,0,0.0,1
Female,Loyal Customer,39,Business travel,Business,1939,1,4,4,4,1,3,3,1,1,1,1,1,1,4,0,0.0,0
Female,Loyal Customer,44,Business travel,Business,2614,2,5,4,4,2,2,2,3,2,4,4,2,2,2,0,35.0,0
Female,Loyal Customer,49,Business travel,Business,622,5,5,5,5,2,4,5,5,5,5,5,5,5,3,2,0.0,1
Female,Loyal Customer,24,Business travel,Business,3581,3,2,2,2,3,3,3,3,2,3,4,2,4,3,8,3.0,0
Male,Loyal Customer,43,Business travel,Business,2987,2,2,3,2,5,4,4,4,4,4,4,3,4,3,0,0.0,1
Female,disloyal Customer,36,Business travel,Eco,894,3,3,3,4,3,3,3,3,2,5,2,4,4,3,0,0.0,0
Male,disloyal Customer,25,Business travel,Eco,911,4,4,4,3,3,4,3,3,1,5,4,2,5,3,28,39.0,0
Female,Loyal Customer,28,Business travel,Business,2298,4,2,2,2,4,4,4,4,1,1,3,2,4,4,7,18.0,1
Male,Loyal Customer,18,Personal Travel,Eco,1243,4,1,4,3,2,4,4,2,2,5,1,3,2,2,2,0.0,0
Male,disloyal Customer,27,Business travel,Business,1033,3,3,3,3,5,3,3,5,3,4,5,5,5,5,23,23.0,1
Female,Loyal Customer,60,Business travel,Business,474,1,1,1,1,4,4,1,5,5,4,5,5,5,3,0,0.0,1
Female,Loyal Customer,59,Personal Travel,Eco,785,2,5,2,4,4,4,5,3,3,2,3,4,3,3,0,0.0,1
Male,Loyal Customer,29,Business travel,Eco,191,5,3,5,3,5,5,5,5,1,2,2,2,2,5,15,2.0,1
Female,Loyal Customer,51,Business travel,Business,2444,3,3,3,3,5,3,5,4,4,4,4,3,4,3,0,0.0,1
Female,Loyal Customer,20,Business travel,Eco Plus,590,0,5,1,3,4,1,4,4,2,5,4,1,2,4,32,13.0,0
Male,Loyal Customer,58,Business travel,Eco,421,5,3,1,3,5,5,5,5,2,1,4,2,4,5,0,0.0,1
Female,Loyal Customer,43,Business travel,Eco,666,3,5,5,5,3,4,4,3,3,3,3,2,3,3,12,10.0,0
Male,Loyal Customer,40,Business travel,Business,1559,0,4,0,3,4,5,4,5,5,5,5,5,5,4,16,38.0,1
Female,Loyal Customer,8,Personal Travel,Eco,516,2,4,2,2,4,2,4,4,5,3,4,4,4,4,42,44.0,1
Female,disloyal Customer,22,Business travel,Business,1546,5,0,5,4,1,0,5,1,5,2,5,4,4,1,18,13.0,0
Male,disloyal Customer,29,Business travel,Eco,1249,1,1,1,5,5,1,5,5,1,5,5,2,2,5,0,0.0,1
Female,Loyal Customer,55,Business travel,Business,3103,3,3,3,3,5,4,5,4,4,4,4,3,4,4,23,18.0,1
Female,Loyal Customer,25,Personal Travel,Eco,719,3,4,3,4,2,3,1,2,3,4,4,5,4,2,59,55.0,0
Female,Loyal Customer,32,Personal Travel,Eco,592,3,5,3,1,5,3,5,5,5,1,1,3,1,5,63,65.0,1
Female,Loyal Customer,60,Business travel,Business,2419,2,2,2,2,4,5,5,5,5,4,5,5,5,3,11,0.0,1
Female,disloyal Customer,20,Business travel,Business,342,0,0,0,5,4,0,4,4,4,2,5,4,5,4,6,0.0,1
Male,disloyal Customer,22,Business travel,Business,580,0,0,0,2,5,0,5,5,5,5,4,5,5,5,0,4.0,1
Male,Loyal Customer,48,Business travel,Eco,463,4,3,3,3,4,4,4,4,4,4,4,3,2,4,0,0.0,1
Female,disloyal Customer,22,Business travel,Business,404,3,3,3,3,5,3,5,5,2,4,3,2,3,5,0,0.0,1
Female,disloyal Customer,24,Business travel,Business,937,5,0,5,3,2,5,2,2,4,4,4,4,4,2,31,39.0,0
Male,Loyal Customer,25,Business travel,Business,541,2,5,5,5,2,2,2,2,2,2,3,2,4,2,0,0.0,0
Male,Loyal Customer,42,Business travel,Business,1590,1,2,2,2,3,4,4,1,1,1,1,1,1,4,8,0.0,0
Male,Loyal Customer,39,Personal Travel,Eco,332,3,5,4,4,2,4,2,2,1,4,2,1,5,2,43,29.0,0
Female,Loyal Customer,31,Business travel,Business,2519,4,4,5,4,2,2,2,2,1,2,3,3,4,2,4,0.0,0
Female,disloyal Customer,26,Business travel,Eco Plus,416,1,0,1,2,2,1,4,2,2,3,2,4,4,2,97,102.0,0
Female,Loyal Customer,38,Business travel,Business,1525,5,5,5,5,1,3,5,5,5,5,5,3,5,1,78,73.0,1
Female,Loyal Customer,46,Business travel,Business,3334,3,4,3,3,4,4,4,3,2,4,4,4,5,4,152,163.0,1
Male,Loyal Customer,53,Business travel,Business,1961,2,2,4,2,4,4,3,5,5,4,5,5,5,3,0,0.0,1
Male,Loyal Customer,43,Business travel,Eco,956,4,4,4,4,4,4,4,4,3,1,2,1,2,4,0,0.0,0
Male,Loyal Customer,30,Business travel,Eco,130,4,5,5,5,4,4,4,4,3,1,3,3,4,4,0,3.0,1
Male,Loyal Customer,31,Business travel,Business,2012,5,5,5,5,4,4,4,4,5,2,5,3,4,4,14,16.0,1
Female,Loyal Customer,64,Personal Travel,Business,606,3,2,3,3,3,3,3,2,2,3,2,1,2,4,11,12.0,0
Female,Loyal Customer,36,Personal Travel,Eco,650,2,4,2,3,1,2,1,1,4,4,5,2,1,1,36,38.0,0
Male,disloyal Customer,16,Business travel,Eco,1343,3,3,3,4,1,3,1,1,1,1,4,3,3,1,0,3.0,0
Female,Loyal Customer,17,Personal Travel,Eco,201,1,5,0,3,5,0,2,5,1,1,5,3,5,5,0,0.0,0
Male,Loyal Customer,44,Business travel,Business,423,4,4,4,4,4,4,4,4,4,4,4,5,4,3,100,96.0,1
Female,disloyal Customer,52,Business travel,Eco,646,2,0,2,3,1,2,2,1,1,5,3,4,3,1,0,0.0,0
Male,Loyal Customer,54,Business travel,Business,189,2,2,4,2,5,5,5,4,4,4,5,3,4,4,0,0.0,1
Male,Loyal Customer,38,Personal Travel,Eco,529,4,4,4,2,4,4,4,4,3,4,5,4,4,4,2,3.0,1
Female,Loyal Customer,12,Personal Travel,Eco,163,3,3,3,3,4,3,4,4,3,4,5,3,3,4,0,0.0,1
Male,Loyal Customer,68,Business travel,Business,2328,3,2,2,2,1,3,4,3,3,3,3,3,3,4,45,38.0,0
Female,disloyal Customer,25,Business travel,Eco,1369,5,5,5,2,1,5,1,1,3,2,5,5,2,1,0,0.0,0
Female,Loyal Customer,40,Business travel,Business,3711,3,1,1,1,2,3,3,3,3,3,3,1,3,1,28,16.0,0
Male,Loyal Customer,53,Business travel,Eco,895,3,3,3,3,3,3,3,3,1,4,3,1,4,3,23,26.0,0
Female,Loyal Customer,35,Business travel,Business,1426,5,5,3,5,5,5,4,2,2,2,2,5,2,3,1,0.0,1
Female,disloyal Customer,44,Business travel,Eco,646,3,4,3,4,4,3,4,4,4,5,4,2,3,4,0,0.0,1
Male,disloyal Customer,25,Business travel,Business,306,3,0,3,5,3,3,3,3,5,3,4,3,5,3,24,26.0,1
Male,Loyal Customer,15,Personal Travel,Eco Plus,760,5,5,5,3,4,5,4,4,3,3,5,3,4,4,16,8.0,1
Female,Loyal Customer,48,Business travel,Business,247,3,3,3,3,2,5,5,5,5,5,5,3,5,4,0,0.0,1
Male,Loyal Customer,32,Personal Travel,Business,496,4,4,5,5,3,5,5,3,3,3,4,5,4,3,0,0.0,1
Female,Loyal Customer,41,Business travel,Business,1586,0,5,0,2,3,5,5,2,2,2,2,5,2,4,0,0.0,0
Female,Loyal Customer,26,Personal Travel,Eco,447,1,4,5,4,4,5,4,4,5,4,5,5,5,4,18,14.0,1
Female,Loyal Customer,60,Business travel,Business,2078,4,4,4,4,5,2,3,4,4,4,4,2,4,4,0,0.0,1
Male,disloyal Customer,23,Business travel,Eco,980,1,1,1,1,2,1,2,2,3,5,5,4,5,2,18,13.0,0
Male,Loyal Customer,51,Personal Travel,Eco,2300,2,4,2,4,5,2,5,5,4,3,3,5,5,5,1,0.0,1
Male,Loyal Customer,27,Personal Travel,Eco,483,3,5,3,4,1,3,1,1,2,2,2,4,2,1,0,0.0,0
Male,disloyal Customer,27,Business travel,Eco,913,2,2,2,3,4,2,4,4,4,2,3,1,4,4,33,15.0,0
Female,Loyal Customer,7,Personal Travel,Eco,152,3,4,3,3,5,3,5,5,3,2,4,4,5,5,0,0.0,1
Male,Loyal Customer,34,Business travel,Business,861,3,3,3,3,5,5,5,2,2,3,2,4,2,4,0,0.0,1
Female,disloyal Customer,20,Business travel,Eco,728,2,2,2,4,5,2,5,5,3,4,4,4,4,5,0,0.0,1
Male,Loyal Customer,57,Business travel,Eco,150,1,1,5,5,1,1,1,1,3,3,4,2,4,1,0,0.0,0
Female,Loyal Customer,45,Personal Travel,Eco,577,2,4,2,1,4,5,5,2,2,2,2,5,2,5,0,0.0,0
Female,Loyal Customer,36,Business travel,Eco,77,4,3,3,3,4,4,4,4,1,5,2,2,4,4,0,0.0,1
Female,Loyal Customer,45,Personal Travel,Eco Plus,353,1,1,1,4,3,4,3,4,4,1,4,1,4,1,80,96.0,0
Male,Loyal Customer,46,Business travel,Business,484,3,3,3,3,1,1,1,5,5,5,5,1,5,3,25,23.0,0
Female,Loyal Customer,40,Business travel,Business,802,2,2,2,2,2,5,4,4,4,4,4,3,4,5,1,0.0,1
Female,Loyal Customer,54,Business travel,Eco Plus,349,3,4,4,4,3,3,3,1,1,2,3,3,4,3,144,151.0,0
Male,Loyal Customer,24,Personal Travel,Eco,2296,2,5,1,4,1,1,1,1,5,2,3,4,4,1,20,0.0,0
Male,Loyal Customer,52,Business travel,Business,2288,2,2,2,2,2,4,5,3,3,4,3,4,3,4,0,0.0,1
Female,Loyal Customer,48,Business travel,Business,3780,1,1,1,1,2,2,2,3,4,4,4,2,5,2,206,197.0,0
Male,disloyal Customer,20,Business travel,Eco,265,2,4,2,4,2,2,2,2,1,4,4,1,4,2,25,72.0,0
Male,Loyal Customer,54,Personal Travel,Eco Plus,453,2,5,2,2,3,2,3,3,4,5,5,3,5,3,0,0.0,1
Male,Loyal Customer,25,Business travel,Business,1464,1,1,1,1,5,5,5,5,5,5,1,2,1,5,23,26.0,1
Male,Loyal Customer,37,Business travel,Business,2276,1,1,1,1,3,3,3,5,4,5,5,3,4,3,0,0.0,1
Female,Loyal Customer,33,Personal Travel,Eco,744,1,4,1,2,1,1,1,1,5,2,5,5,5,1,0,0.0,0
Male,Loyal Customer,58,Personal Travel,Eco,1185,3,4,3,3,2,3,2,2,4,2,3,2,3,2,13,0.0,0
Female,disloyal Customer,37,Business travel,Business,404,5,5,5,5,3,5,3,3,4,3,4,5,5,3,0,2.0,1
Female,Loyal Customer,63,Business travel,Business,2638,3,1,3,3,2,4,5,4,4,4,4,4,4,5,0,0.0,1
Male,Loyal Customer,43,Business travel,Business,2505,4,4,4,4,5,4,4,4,4,4,4,4,4,4,0,0.0,1
Female,Loyal Customer,55,Business travel,Business,2263,5,5,4,5,5,5,5,5,5,5,5,4,5,5,0,15.0,1
Male,disloyal Customer,39,Business travel,Business,190,2,2,2,3,1,2,1,1,5,3,4,5,4,1,0,0.0,0
Female,Loyal Customer,43,Personal Travel,Eco,1979,1,1,1,4,2,3,3,3,3,1,3,2,3,4,96,112.0,0
Male,Loyal Customer,45,Business travel,Eco,419,2,1,1,1,2,2,2,2,4,2,4,4,3,2,46,37.0,0
Female,Loyal Customer,57,Personal Travel,Eco,1096,3,0,3,4,2,3,2,5,5,3,5,5,5,3,0,0.0,1
Female,Loyal Customer,63,Business travel,Business,1882,1,4,4,4,5,4,3,1,1,1,1,4,1,4,1,0.0,0
Male,Loyal Customer,70,Personal Travel,Eco,1979,3,3,3,5,2,3,2,2,1,4,4,4,5,2,15,12.0,0
Male,Loyal Customer,56,Business travel,Business,1197,3,3,3,3,3,4,4,5,5,5,5,5,5,3,2,0.0,1
Female,Loyal Customer,55,Business travel,Business,3636,2,2,2,2,3,3,5,5,5,5,5,1,5,4,0,0.0,1
Female,Loyal Customer,60,Business travel,Business,3904,1,3,3,3,1,1,1,1,5,1,2,1,2,1,27,8.0,0
Female,Loyal Customer,39,Business travel,Business,3131,4,4,4,4,2,2,3,4,4,4,4,1,4,1,0,13.0,0
Male,Loyal Customer,48,Business travel,Eco Plus,507,2,2,2,2,2,2,2,2,3,4,4,1,4,2,0,0.0,0
Male,Loyal Customer,48,Business travel,Business,3761,4,4,4,4,5,5,4,4,4,4,4,4,4,5,1,2.0,1
Male,Loyal Customer,48,Business travel,Business,3008,2,5,2,2,2,5,4,4,4,5,4,4,4,3,1,24.0,1
Female,Loyal Customer,61,Business travel,Eco,479,5,5,1,1,1,4,4,5,5,5,5,2,5,4,0,0.0,1
Female,Loyal Customer,32,Personal Travel,Eco,134,1,2,0,4,2,0,1,2,1,3,4,2,3,2,0,0.0,0
Female,Loyal Customer,50,Personal Travel,Eco,247,2,5,2,5,2,4,4,3,3,2,3,4,3,5,11,17.0,0
Female,disloyal Customer,33,Business travel,Business,333,3,3,3,4,5,3,4,5,5,4,4,4,5,5,0,0.0,1
Male,disloyal Customer,33,Business travel,Eco,143,2,0,2,5,4,2,3,4,3,3,4,5,1,4,0,0.0,0
Female,disloyal Customer,22,Business travel,Eco,541,2,4,2,5,3,2,3,3,5,3,4,4,4,3,0,0.0,0
Female,Loyal Customer,70,Personal Travel,Business,605,3,5,3,3,4,2,5,4,4,3,4,1,4,2,0,0.0,1
Male,Loyal Customer,58,Business travel,Business,2608,5,5,5,5,5,4,4,5,5,5,5,3,5,4,0,4.0,1
Female,Loyal Customer,60,Personal Travel,Eco,166,1,5,1,3,2,4,4,3,3,1,3,5,3,4,0,0.0,0
Female,Loyal Customer,50,Business travel,Eco,89,2,3,3,3,3,1,5,2,2,2,2,1,2,4,0,0.0,0
Male,Loyal Customer,39,Business travel,Business,228,2,2,3,2,5,4,4,4,4,5,4,5,4,5,0,0.0,1
Male,Loyal Customer,27,Personal Travel,Eco,190,3,3,3,2,4,3,4,4,4,3,2,4,2,4,0,0.0,1
Male,Loyal Customer,58,Business travel,Eco Plus,191,3,3,3,3,3,3,3,3,3,4,4,2,3,3,0,0.0,0
Female,Loyal Customer,54,Business travel,Eco,371,2,2,2,2,3,3,3,2,2,2,2,1,2,4,95,82.0,0
Female,Loyal Customer,27,Personal Travel,Eco,236,2,1,0,4,5,0,5,5,4,4,4,1,3,5,12,15.0,1
Male,disloyal Customer,36,Business travel,Eco,1048,1,1,1,3,4,1,4,4,3,4,3,3,4,4,0,7.0,0
Female,Loyal Customer,49,Business travel,Business,1448,1,1,1,1,1,5,3,5,5,4,5,2,5,4,6,0.0,1
Female,Loyal Customer,65,Business travel,Eco,456,2,3,3,3,5,2,2,2,2,2,2,1,2,3,22,20.0,0
Female,Loyal Customer,60,Business travel,Eco,270,2,1,1,1,2,3,4,2,2,2,2,4,2,3,38,34.0,0
Female,disloyal Customer,33,Business travel,Business,223,3,3,3,1,2,3,2,2,3,4,4,4,4,2,1,0.0,0
Female,Loyal Customer,29,Personal Travel,Eco Plus,358,1,5,2,3,5,2,5,5,4,2,4,5,4,5,13,4.0,1
Male,Loyal Customer,39,Business travel,Business,1072,3,3,3,3,3,5,4,4,4,4,4,5,4,4,0,0.0,1
Male,Loyal Customer,23,Business travel,Business,1685,4,4,4,4,4,5,4,4,4,3,5,5,4,4,0,0.0,1
Female,Loyal Customer,64,Business travel,Business,814,5,5,5,5,4,5,5,4,4,4,4,5,4,3,0,0.0,1
Male,Loyal Customer,40,Business travel,Business,2697,5,5,5,5,4,1,1,5,5,5,5,3,5,5,0,0.0,1
Male,Loyal Customer,51,Business travel,Business,3749,2,2,2,2,5,5,4,4,4,4,4,3,4,5,0,15.0,1
Female,Loyal Customer,49,Business travel,Business,3639,2,2,2,2,4,4,4,4,4,4,4,4,4,3,0,0.0,1
Female,Loyal Customer,44,Business travel,Business,2565,1,1,1,1,3,3,3,4,4,5,5,3,4,3,203,200.0,1
Male,Loyal Customer,31,Business travel,Eco Plus,2355,3,3,3,3,3,3,3,3,4,4,3,3,3,3,0,0.0,0
Female,Loyal Customer,47,Personal Travel,Eco Plus,997,2,5,2,3,4,5,4,3,3,2,3,3,3,4,0,0.0,1
Female,disloyal Customer,30,Business travel,Eco,442,2,0,1,1,4,1,2,4,1,3,3,3,2,4,2,1.0,0
Male,Loyal Customer,39,Business travel,Business,1819,5,5,5,5,5,4,4,5,5,4,5,3,5,5,61,75.0,1
Male,Loyal Customer,22,Business travel,Business,1674,5,5,5,5,5,5,5,5,1,2,4,5,4,5,1,29.0,1
Male,Loyal Customer,14,Personal Travel,Eco,643,4,4,4,3,1,4,1,1,3,5,4,5,4,1,54,45.0,0
Female,Loyal Customer,26,Business travel,Business,907,1,1,2,1,4,4,4,4,4,2,5,4,4,4,0,0.0,1
Female,disloyal Customer,36,Business travel,Eco,281,3,0,3,3,1,3,1,1,2,5,4,4,2,1,1,1.0,0
Male,Loyal Customer,26,Business travel,Business,986,2,3,4,4,2,2,2,2,4,2,3,4,4,2,17,30.0,0
Female,Loyal Customer,56,Business travel,Business,125,2,2,2,2,4,3,3,2,2,2,2,1,2,1,0,1.0,0
Male,Loyal Customer,48,Personal Travel,Eco Plus,444,3,4,3,2,3,3,3,3,5,4,4,5,4,3,12,7.0,1
Male,Loyal Customer,8,Business travel,Business,1744,3,1,2,1,3,3,3,3,4,2,3,4,3,3,0,0.0,0
Female,Loyal Customer,58,Personal Travel,Eco,612,3,4,3,5,5,4,5,3,3,3,3,4,3,3,0,0.0,1
Female,Loyal Customer,40,Business travel,Business,912,5,5,5,5,4,4,5,5,5,5,5,3,5,4,0,0.0,1
Male,Loyal Customer,39,Business travel,Business,3523,4,4,4,4,3,4,5,5,5,5,5,4,5,4,0,0.0,1
Female,Loyal Customer,49,Personal Travel,Eco Plus,1172,2,5,2,3,4,5,5,5,5,2,3,5,5,4,0,0.0,1
Male,Loyal Customer,53,Personal Travel,Eco,746,2,3,2,5,4,2,4,4,3,1,5,2,4,4,0,0.0,1
Female,Loyal Customer,67,Business travel,Business,2699,2,2,2,2,3,3,3,3,3,3,2,2,3,3,47,38.0,0
Male,disloyal Customer,24,Business travel,Business,762,0,5,0,5,2,0,2,2,3,4,5,3,5,2,0,5.0,0
Female,Loyal Customer,64,Business travel,Eco,216,4,2,4,4,4,3,4,4,4,4,4,2,4,2,0,0.0,1
Male,Loyal Customer,57,Business travel,Eco,419,5,1,1,1,5,5,5,5,1,3,5,4,2,5,31,13.0,1
Male,Loyal Customer,12,Personal Travel,Eco,2556,3,5,3,3,1,3,1,1,4,3,4,4,5,1,0,0.0,0
Male,Loyal Customer,28,Personal Travel,Eco Plus,531,1,5,1,3,4,1,4,4,4,5,5,4,4,4,4,13.0,1
Male,Loyal Customer,34,Business travel,Business,1544,1,5,5,5,2,3,3,1,1,1,1,4,1,2,14,27.0,0
Female,Loyal Customer,56,Personal Travel,Eco,1080,5,4,5,4,2,5,5,5,5,5,5,4,5,3,0,0.0,1
Female,Loyal Customer,42,Personal Travel,Eco Plus,373,1,4,1,4,4,5,4,1,1,1,1,5,1,3,6,10.0,0
Male,Loyal Customer,48,Business travel,Business,354,1,1,1,1,3,4,5,4,4,4,4,3,4,5,15,23.0,1
Male,Loyal Customer,36,Business travel,Eco,509,4,5,5,5,4,4,4,4,4,3,4,3,3,4,0,2.0,1
Female,Loyal Customer,25,Business travel,Business,323,5,5,5,5,4,4,4,4,4,5,1,4,4,4,0,0.0,1
Male,disloyal Customer,30,Business travel,Business,710,5,5,5,3,5,5,4,3,3,4,5,4,3,4,24,0.0,1
Male,Loyal Customer,46,Business travel,Eco,1068,3,2,2,2,3,3,3,3,2,5,4,3,4,3,0,0.0,0
Male,Loyal Customer,48,Business travel,Business,1737,3,3,3,3,5,4,5,5,5,5,5,4,5,3,0,0.0,1
Male,Loyal Customer,31,Business travel,Business,2480,5,5,5,5,4,4,4,4,3,5,5,3,5,4,80,72.0,1
Male,Loyal Customer,28,Personal Travel,Eco Plus,744,2,5,2,4,4,2,4,4,5,5,3,2,1,4,0,0.0,1
Female,Loyal Customer,51,Personal Travel,Eco,308,2,1,4,2,2,2,2,5,5,4,5,3,5,2,0,0.0,1
Female,disloyal Customer,40,Business travel,Business,888,2,3,3,3,2,3,5,2,4,3,3,3,3,2,0,0.0,0
Female,Loyal Customer,39,Business travel,Business,3572,3,3,3,3,4,5,4,5,5,5,5,3,5,5,62,57.0,1
Female,Loyal Customer,59,Business travel,Business,1496,5,5,2,5,5,4,4,2,2,2,2,3,2,3,0,0.0,0
Female,Loyal Customer,31,Personal Travel,Eco,507,2,5,2,5,3,2,3,3,5,5,5,4,4,3,0,0.0,1
Female,Loyal Customer,55,Personal Travel,Eco,748,5,4,5,2,4,4,4,2,2,5,2,3,2,4,1,0.0,1
Male,disloyal Customer,54,Business travel,Business,859,4,4,4,4,4,4,4,4,5,3,5,5,5,4,8,0.0,1
Male,Loyal Customer,40,Business travel,Business,2917,3,5,5,5,3,3,3,3,3,2,3,3,4,3,0,8.0,0
Male,disloyal Customer,27,Business travel,Business,1073,1,1,1,3,4,1,4,4,1,5,4,1,4,4,0,0.0,0
Male,Loyal Customer,61,Business travel,Eco,321,3,4,4,4,3,3,3,3,3,3,4,2,3,3,0,0.0,0
Male,Loyal Customer,31,Business travel,Eco,1947,3,1,1,1,3,3,3,3,4,3,4,4,4,3,0,0.0,0
Male,disloyal Customer,40,Business travel,Business,677,4,4,4,3,2,4,2,2,4,5,5,3,5,2,0,0.0,1
Female,Loyal Customer,22,Personal Travel,Eco,748,2,4,2,4,5,2,5,5,3,5,3,1,2,5,0,0.0,1
Male,Loyal Customer,67,Business travel,Business,2726,1,2,3,2,2,3,4,1,1,1,1,3,1,2,2,17.0,0
Female,Loyal Customer,50,Business travel,Business,486,3,3,3,3,5,5,4,5,5,5,5,5,5,5,25,30.0,1
Female,Loyal Customer,24,Business travel,Business,1013,3,3,3,3,3,3,3,3,1,1,2,2,2,3,25,13.0,0
Male,Loyal Customer,60,Business travel,Business,102,1,1,5,1,2,5,5,5,5,5,5,4,5,3,0,0.0,1
Male,disloyal Customer,29,Business travel,Business,770,5,4,4,3,2,4,1,2,5,5,5,3,4,2,10,14.0,0
Female,Loyal Customer,63,Personal Travel,Eco,277,1,1,1,4,3,4,3,3,3,1,3,3,3,1,26,39.0,0
Female,Loyal Customer,15,Personal Travel,Eco,543,3,3,3,5,2,3,2,2,1,1,4,3,2,2,0,0.0,0
Female,Loyal Customer,60,Personal Travel,Eco,1199,2,4,2,3,2,4,3,4,4,2,4,2,4,2,0,0.0,0
Male,Loyal Customer,20,Business travel,Business,2409,5,5,5,5,5,4,5,5,3,3,4,3,5,5,1,4.0,1
Male,disloyal Customer,25,Business travel,Business,502,3,0,3,5,2,3,2,2,3,3,4,5,5,2,0,0.0,0
Female,Loyal Customer,15,Personal Travel,Eco Plus,235,2,1,2,4,4,2,2,4,2,1,4,1,3,4,0,13.0,0
Female,Loyal Customer,57,Business travel,Business,868,3,3,3,3,5,5,5,5,5,5,5,4,5,5,1,0.0,1
Male,Loyal Customer,61,Personal Travel,Eco,725,2,5,2,3,2,2,2,2,4,3,3,2,4,2,4,0.0,0
Male,Loyal Customer,31,Business travel,Eco,1652,4,5,5,5,4,4,4,4,1,3,3,2,4,4,0,0.0,1
Male,Loyal Customer,49,Business travel,Business,2125,2,3,1,3,2,4,3,2,2,2,2,4,2,1,0,0.0,0
Female,Loyal Customer,23,Business travel,Eco Plus,950,0,4,0,2,2,4,2,2,4,1,5,2,5,2,0,0.0,0
Male,Loyal Customer,42,Business travel,Eco,2075,2,2,2,2,2,2,2,2,1,2,4,2,4,2,0,0.0,0
Male,Loyal Customer,37,Business travel,Business,964,3,1,3,3,3,3,4,4,4,4,4,2,4,5,0,26.0,1
Male,Loyal Customer,27,Business travel,Business,950,4,3,4,4,3,3,3,3,4,3,5,5,5,3,0,0.0,1
Female,Loyal Customer,68,Personal Travel,Eco,628,3,5,3,4,5,5,5,3,3,3,3,4,3,3,21,26.0,1
Male,disloyal Customer,36,Business travel,Business,358,2,2,2,3,2,2,2,2,3,5,5,4,5,2,0,0.0,0
Female,Loyal Customer,77,Business travel,Business,3708,3,1,1,1,1,2,2,3,3,3,3,4,3,3,77,69.0,0
Female,Loyal Customer,26,Personal Travel,Eco,543,3,4,3,2,4,3,1,4,5,5,4,5,5,4,37,30.0,1
Female,disloyal Customer,18,Business travel,Eco,1314,3,2,2,4,5,3,3,5,1,2,4,4,3,5,0,0.0,1
Female,Loyal Customer,48,Business travel,Business,630,5,5,5,5,4,4,5,4,4,4,4,3,4,3,0,0.0,1
Female,Loyal Customer,45,Business travel,Business,2311,2,2,2,2,3,4,4,5,5,5,5,3,5,3,22,5.0,1
Female,Loyal Customer,16,Personal Travel,Business,1072,4,5,4,3,2,4,2,2,5,4,4,5,4,2,31,25.0,0
Male,Loyal Customer,58,Business travel,Business,3041,5,5,5,5,4,4,5,5,5,5,5,3,5,5,0,0.0,1
Male,Loyal Customer,35,Business travel,Eco Plus,993,2,5,5,5,2,2,2,2,3,1,4,2,3,2,1,0.0,0
Female,Loyal Customer,25,Personal Travel,Eco,701,2,4,2,3,4,2,2,4,5,4,4,3,5,4,63,71.0,1
Male,Loyal Customer,11,Personal Travel,Eco,429,2,5,2,1,2,2,2,2,1,1,3,4,3,2,7,7.0,0
Male,Loyal Customer,46,Business travel,Business,1389,1,1,1,1,5,5,4,5,5,5,5,3,5,3,0,0.0,1
Female,Loyal Customer,77,Business travel,Business,2347,2,3,3,3,3,4,3,2,2,2,2,3,2,1,3,4.0,0
Male,Loyal Customer,68,Personal Travel,Eco,370,0,2,0,4,4,0,4,4,3,2,3,2,3,4,0,0.0,0
Female,Loyal Customer,18,Business travel,Business,3801,4,4,4,4,4,4,4,5,2,3,2,4,5,4,0,0.0,1
Male,Loyal Customer,59,Business travel,Eco,1096,1,5,1,5,1,1,1,1,4,2,4,1,4,1,0,0.0,0
Female,Loyal Customer,41,Personal Travel,Eco,205,5,4,0,4,3,0,3,3,3,3,1,3,3,3,5,0.0,0
Female,disloyal Customer,39,Business travel,Business,362,2,2,2,3,1,2,1,1,3,4,2,4,2,1,55,55.0,0
Female,disloyal Customer,34,Business travel,Business,1452,3,3,3,2,4,3,2,4,3,3,5,4,5,4,5,0.0,1
Female,disloyal Customer,62,Business travel,Business,271,3,3,3,3,2,3,2,2,4,5,5,5,5,2,0,0.0,0
Male,Loyal Customer,41,Business travel,Business,545,4,4,4,4,2,5,5,5,5,5,5,3,5,5,0,1.0,1
Female,Loyal Customer,26,Business travel,Eco,541,2,5,5,5,2,2,3,2,2,5,4,1,3,2,0,11.0,0
Male,disloyal Customer,26,Business travel,Business,251,4,0,4,2,3,4,3,3,4,3,5,4,4,3,9,6.0,1
Female,Loyal Customer,54,Personal Travel,Eco Plus,731,2,4,3,3,1,2,2,1,1,3,3,4,1,5,13,12.0,0
Female,Loyal Customer,35,Business travel,Business,395,4,4,4,4,4,5,4,4,4,5,4,3,4,5,0,0.0,1
Female,Loyal Customer,47,Business travel,Business,666,5,5,1,5,4,3,2,5,5,5,5,4,5,2,4,3.0,1
Male,Loyal Customer,54,Business travel,Business,1855,4,4,4,4,3,4,5,5,5,5,5,4,5,5,0,0.0,1
Male,Loyal Customer,16,Personal Travel,Business,1751,2,5,2,1,1,2,1,1,3,2,2,5,4,1,0,0.0,0
Female,disloyal Customer,21,Business travel,Business,862,2,3,1,4,1,1,1,1,2,3,4,1,3,1,0,0.0,0
Female,Loyal Customer,55,Business travel,Business,3890,2,2,2,2,4,4,5,4,4,4,4,3,4,4,16,0.0,1
Male,Loyal Customer,24,Business travel,Eco,680,5,1,1,1,5,5,3,5,3,2,3,4,1,5,10,22.0,1
Male,Loyal Customer,10,Personal Travel,Eco,337,2,4,2,4,4,2,2,4,5,5,4,3,5,4,0,0.0,1
Male,Loyal Customer,46,Business travel,Eco,529,5,3,3,3,5,5,5,5,3,4,2,4,5,5,53,52.0,1
Male,Loyal Customer,57,Business travel,Business,870,3,5,5,5,2,3,4,3,3,4,3,2,3,1,0,0.0,0
Male,Loyal Customer,39,Business travel,Business,3598,3,3,4,3,5,4,5,4,4,4,4,4,4,3,0,0.0,1
Male,disloyal Customer,21,Business travel,Eco,759,2,2,2,5,3,2,3,3,3,2,4,4,4,3,0,0.0,0
Female,Loyal Customer,48,Business travel,Business,404,3,3,3,3,3,5,4,5,5,5,5,2,5,2,0,0.0,1
Male,Loyal Customer,30,Business travel,Eco,199,5,4,3,4,5,5,5,5,3,4,3,1,1,5,14,1.0,1
Male,Loyal Customer,58,Business travel,Eco,231,4,4,3,3,4,4,4,4,1,1,4,1,4,4,27,13.0,1
Male,Loyal Customer,30,Personal Travel,Eco,809,3,4,3,3,5,3,5,5,2,1,3,4,4,5,0,0.0,1
Female,disloyal Customer,27,Business travel,Business,2153,3,3,3,1,4,3,4,4,5,4,4,5,5,4,0,0.0,1
Female,Loyal Customer,44,Personal Travel,Eco,200,2,4,2,1,3,4,5,4,4,2,4,5,4,3,9,120.0,1
Female,Loyal Customer,54,Business travel,Business,631,5,5,5,5,4,4,4,5,5,5,5,4,5,4,0,0.0,1
Female,disloyal Customer,40,Business travel,Business,417,2,2,2,4,3,2,3,3,3,4,5,5,5,3,0,0.0,1
Male,Loyal Customer,45,Personal Travel,Eco,1276,2,5,2,4,3,2,3,3,3,2,5,4,4,3,0,3.0,0
Female,Loyal Customer,59,Business travel,Business,1971,2,1,1,1,3,4,4,2,2,3,2,1,2,3,0,0.0,0
Male,Loyal Customer,7,Personal Travel,Eco,268,2,5,2,3,5,2,5,5,3,2,4,2,2,5,73,64.0,1
Male,Loyal Customer,58,Business travel,Eco,438,4,4,4,4,4,4,4,4,2,1,5,4,2,4,0,0.0,1
Male,Loyal Customer,42,Business travel,Business,1778,2,2,2,2,4,5,4,4,4,4,4,4,4,3,35,45.0,1
Male,Loyal Customer,70,Personal Travel,Eco,102,2,5,2,3,4,2,4,4,3,2,4,4,5,4,0,0.0,1
Female,Loyal Customer,41,Business travel,Business,733,1,1,4,1,2,4,4,5,5,5,5,5,5,5,85,90.0,1
Female,Loyal Customer,41,Personal Travel,Eco,2586,2,1,2,3,2,4,4,2,4,2,2,4,1,4,0,0.0,0
Female,Loyal Customer,76,Business travel,Business,1713,5,5,5,5,2,2,5,5,5,5,5,4,5,4,8,2.0,1
Female,Loyal Customer,39,Business travel,Business,2681,3,4,4,4,2,4,3,3,3,3,3,4,3,3,0,0.0,0
Male,Loyal Customer,53,Business travel,Business,493,3,4,4,4,5,3,4,3,3,2,3,2,3,3,0,0.0,1
Female,Loyal Customer,40,Personal Travel,Eco,412,2,5,2,2,5,2,5,5,3,5,5,5,4,5,15,16.0,1
Male,disloyal Customer,29,Business travel,Business,773,5,5,5,1,2,5,2,2,4,4,4,3,4,2,0,0.0,0
Male,Loyal Customer,43,Business travel,Business,2927,2,3,3,3,5,4,3,2,2,2,2,4,2,2,33,27.0,0
Male,Loyal Customer,41,Business travel,Business,2208,2,2,4,2,2,4,3,2,2,1,2,3,2,1,16,11.0,0
Female,Loyal Customer,55,Personal Travel,Eco Plus,273,4,3,4,1,4,5,3,3,3,4,3,5,3,3,0,4.0,1
Female,Loyal Customer,33,Business travel,Eco,101,4,2,2,2,4,4,4,4,1,4,1,5,4,4,0,0.0,1
Female,Loyal Customer,50,Business travel,Business,1609,3,1,3,3,2,2,1,5,5,5,5,5,5,1,0,0.0,1
Female,Loyal Customer,7,Personal Travel,Eco,463,2,5,2,3,3,2,3,3,4,5,5,5,4,3,0,0.0,1
Male,Loyal Customer,37,Personal Travel,Eco,237,2,5,2,5,1,2,1,1,4,4,4,3,5,1,0,0.0,0
Female,Loyal Customer,32,Business travel,Business,3783,2,1,3,1,2,2,2,2,2,2,3,1,3,2,54,51.0,0
Female,disloyal Customer,52,Business travel,Eco,588,1,3,0,3,4,0,4,4,3,2,2,3,2,4,0,0.0,0
Male,Loyal Customer,48,Business travel,Eco Plus,304,3,4,4,4,3,3,3,3,2,3,4,4,4,3,33,12.0,0
Female,Loyal Customer,40,Personal Travel,Eco,936,2,4,2,2,2,2,2,2,5,5,4,3,4,2,39,42.0,0
Female,Loyal Customer,47,Business travel,Business,954,2,2,2,2,4,4,4,5,5,2,1,4,1,4,167,151.0,1
Female,Loyal Customer,38,Personal Travel,Eco,224,3,1,3,3,4,3,3,4,2,3,3,1,2,4,0,0.0,0
Female,Loyal Customer,35,Business travel,Business,3185,2,3,2,3,3,4,3,2,2,2,2,2,2,3,9,11.0,0
Male,Loyal Customer,39,Business travel,Business,326,5,5,5,5,3,3,1,3,3,4,3,2,3,1,9,16.0,0
Male,Loyal Customer,60,Business travel,Business,2991,1,1,1,1,5,5,5,4,4,4,4,5,4,4,21,18.0,1
Female,Loyal Customer,63,Business travel,Business,1121,1,3,5,3,3,4,4,1,1,1,1,4,1,1,10,10.0,0
Female,Loyal Customer,47,Personal Travel,Eco,315,1,5,5,2,4,4,4,3,3,5,3,3,3,4,0,0.0,1
Female,Loyal Customer,59,Business travel,Business,2608,1,3,3,3,5,3,2,1,1,1,1,2,1,4,0,0.0,0
Female,disloyal Customer,33,Business travel,Eco Plus,152,3,3,3,3,3,3,3,3,2,1,3,4,3,3,98,84.0,0
Female,disloyal Customer,46,Business travel,Business,1021,4,4,4,3,5,4,5,5,5,2,5,5,4,5,0,0.0,1
Male,Loyal Customer,59,Personal Travel,Eco Plus,725,1,1,1,3,5,1,1,5,2,1,3,4,3,5,0,0.0,0
Female,Loyal Customer,45,Business travel,Business,3137,4,4,4,4,2,5,5,5,5,5,5,4,5,3,9,0.0,1
Female,disloyal Customer,13,Business travel,Business,957,4,3,4,4,2,4,2,2,4,3,4,1,4,2,16,7.0,0
Female,Loyal Customer,60,Business travel,Business,181,2,2,2,2,4,4,5,5,5,5,4,4,5,4,70,77.0,1
Male,Loyal Customer,62,Personal Travel,Eco,409,3,5,3,1,4,3,4,4,5,2,5,4,4,4,0,0.0,1
Female,Loyal Customer,30,Personal Travel,Eco,476,3,2,3,2,1,3,1,1,4,3,2,1,3,1,0,0.0,0
Male,Loyal Customer,29,Business travel,Business,2715,5,5,5,5,4,4,4,4,5,4,5,3,5,4,0,0.0,1
Female,disloyal Customer,24,Business travel,Eco,2136,4,4,4,3,1,4,1,1,5,4,5,3,5,1,0,0.0,0
Male,Loyal Customer,53,Business travel,Business,1436,1,1,1,1,4,5,4,4,4,4,4,3,4,5,0,0.0,1
Female,Loyal Customer,8,Personal Travel,Eco,216,3,0,3,2,1,3,1,1,3,3,4,5,4,1,4,8.0,0
Female,Loyal Customer,39,Business travel,Business,1592,1,1,1,1,1,3,3,1,1,1,1,1,1,3,30,24.0,0
Female,Loyal Customer,37,Business travel,Business,2432,4,4,4,4,5,5,5,5,5,5,5,5,5,4,0,0.0,1
Male,Loyal Customer,51,Personal Travel,Eco Plus,666,2,3,2,4,1,2,1,1,4,1,4,2,3,1,20,28.0,0
Female,Loyal Customer,51,Business travel,Business,3117,4,4,4,4,3,5,5,5,5,5,5,3,5,4,0,0.0,1
Female,disloyal Customer,36,Business travel,Eco,447,2,1,2,2,3,2,3,3,3,4,3,2,2,3,0,0.0,0
Female,Loyal Customer,57,Business travel,Business,226,1,1,2,1,5,5,4,5,5,4,5,5,5,5,45,40.0,1
Male,Loyal Customer,17,Personal Travel,Eco,680,2,5,2,3,4,2,4,4,3,4,4,4,5,4,11,0.0,1
Female,Loyal Customer,43,Business travel,Business,1635,3,3,3,3,2,4,5,4,4,4,4,5,4,4,31,32.0,1
Male,Loyal Customer,33,Business travel,Business,3417,3,3,3,3,5,5,5,5,4,3,3,4,2,5,0,0.0,1
Female,Loyal Customer,20,Personal Travel,Eco Plus,309,3,5,4,3,4,4,4,4,1,2,2,5,1,4,11,0.0,0
Female,disloyal Customer,48,Business travel,Eco Plus,867,3,3,3,3,5,3,5,5,4,4,3,5,5,5,0,0.0,1
Female,Loyal Customer,57,Personal Travel,Business,1096,4,2,4,3,4,4,3,4,4,4,4,4,4,2,0,0.0,1
Male,disloyal Customer,55,Business travel,Eco,163,3,2,3,2,3,3,3,3,1,3,1,1,2,3,0,0.0,0
Female,Loyal Customer,45,Business travel,Business,2966,4,1,1,1,5,4,4,4,4,4,4,1,4,2,29,33.0,1
Female,disloyal Customer,37,Business travel,Business,247,4,4,4,3,2,4,2,2,5,5,5,4,4,2,0,0.0,1
Male,Loyal Customer,47,Business travel,Business,1793,4,4,5,4,2,4,5,4,4,5,4,5,4,4,0,12.0,1
Female,Loyal Customer,53,Personal Travel,Eco,944,1,2,1,4,1,3,4,3,3,1,5,4,3,2,0,0.0,0
Male,Loyal Customer,14,Personal Travel,Eco,338,3,4,3,5,4,3,4,4,5,4,4,5,4,4,14,23.0,1
Female,Loyal Customer,42,Business travel,Eco,890,2,3,3,3,3,5,4,2,2,2,2,2,2,2,0,3.0,0
Male,disloyal Customer,19,Personal Travel,Eco,253,5,4,0,5,3,0,4,3,2,3,2,1,4,3,0,0.0,0
Female,disloyal Customer,25,Business travel,Business,2845,4,0,4,3,1,4,1,1,4,3,4,5,5,1,0,0.0,0
Female,disloyal Customer,27,Business travel,Eco,528,4,0,4,4,1,4,1,1,5,5,1,4,4,1,0,0.0,0
Male,Loyal Customer,50,Business travel,Business,2246,5,5,5,5,3,4,5,4,4,4,4,5,4,4,23,16.0,1
Male,Loyal Customer,49,Personal Travel,Eco,466,1,3,3,2,5,3,5,5,1,5,2,3,1,5,0,0.0,1
Female,Loyal Customer,25,Business travel,Business,944,2,4,2,2,4,4,4,4,4,2,5,5,4,4,18,3.0,1
Female,Loyal Customer,26,Business travel,Business,1732,3,4,3,3,4,4,4,4,5,5,5,4,5,4,0,2.0,1
Male,Loyal Customer,56,Business travel,Eco,854,2,4,4,4,2,2,2,2,2,1,3,1,3,2,2,5.0,0
Male,disloyal Customer,25,Business travel,Eco,372,4,1,3,3,5,3,5,5,4,3,4,1,3,5,0,0.0,1
Female,Loyal Customer,10,Personal Travel,Eco,1124,2,2,3,2,5,3,5,5,3,4,1,4,3,5,0,0.0,1
Male,Loyal Customer,37,Business travel,Business,2984,2,1,1,1,4,2,1,3,3,3,2,2,3,2,72,109.0,0
Female,Loyal Customer,19,Personal Travel,Eco,444,1,4,1,4,3,1,3,3,4,2,5,4,4,3,4,4.0,0
Male,Loyal Customer,45,Business travel,Business,1541,3,2,2,2,2,4,3,3,3,3,3,2,3,2,0,0.0,0
Female,disloyal Customer,24,Business travel,Eco,780,4,5,5,4,5,5,5,5,5,4,4,5,5,5,11,10.0,1
Female,Loyal Customer,30,Business travel,Business,451,4,5,5,5,4,4,4,4,3,2,4,4,4,4,0,0.0,1
Female,Loyal Customer,20,Personal Travel,Eco,2079,3,0,3,3,2,3,2,2,4,5,5,5,5,2,9,0.0,0
Female,Loyal Customer,33,Personal Travel,Eco,359,3,4,3,4,3,1,1,5,4,4,4,1,3,1,245,228.0,0
Male,Loyal Customer,65,Personal Travel,Eco Plus,846,4,4,4,3,5,4,4,5,4,4,4,5,4,5,3,0.0,1
Female,Loyal Customer,54,Business travel,Business,3425,1,5,1,1,1,3,4,5,5,5,5,4,5,3,0,0.0,1
Male,Loyal Customer,45,Personal Travel,Eco,148,0,5,0,2,3,0,3,3,1,5,2,4,1,3,0,0.0,0
Female,Loyal Customer,67,Personal Travel,Eco,541,2,4,2,4,2,5,4,1,1,2,1,3,1,3,0,4.0,0
Female,disloyal Customer,22,Business travel,Business,2039,5,2,5,1,4,5,5,4,3,4,4,5,4,4,0,0.0,1
Female,Loyal Customer,44,Business travel,Eco,368,2,2,4,2,1,4,4,2,2,2,2,4,2,1,51,48.0,0
Male,Loyal Customer,45,Personal Travel,Eco,235,3,4,3,4,1,3,4,1,4,3,5,3,4,1,0,0.0,0
Male,disloyal Customer,29,Business travel,Eco,591,3,3,3,4,3,2,2,1,4,3,4,2,3,2,331,341.0,0
Female,Loyal Customer,33,Business travel,Eco Plus,896,4,4,4,4,4,3,4,4,1,3,1,4,2,4,16,25.0,0
Female,Loyal Customer,61,Business travel,Business,458,4,4,4,4,4,5,5,4,4,4,4,5,4,3,0,0.0,1
Female,Loyal Customer,60,Business travel,Business,507,3,3,5,5,1,3,3,3,3,2,3,1,3,2,0,0.0,0
Male,disloyal Customer,38,Business travel,Business,247,5,5,5,2,1,5,1,1,4,2,4,5,5,1,87,76.0,0
Female,Loyal Customer,54,Business travel,Business,373,3,2,3,3,2,2,2,4,2,5,4,2,3,2,132,131.0,0
Female,Loyal Customer,9,Personal Travel,Eco,337,3,1,3,2,3,3,3,3,3,5,2,4,2,3,0,0.0,0
Male,Loyal Customer,53,Business travel,Business,3257,4,4,3,4,2,5,4,4,4,4,4,4,4,4,9,0.0,1
Female,Loyal Customer,49,Business travel,Business,259,0,0,0,2,2,4,4,5,5,5,5,3,5,5,0,0.0,1
Male,disloyal Customer,22,Business travel,Eco,1387,1,1,1,2,1,1,1,1,4,2,3,4,4,1,18,0.0,0
Female,Loyal Customer,55,Business travel,Business,1546,5,5,5,5,3,5,5,4,4,4,4,4,4,5,0,0.0,1
Male,Loyal Customer,47,Business travel,Business,3145,5,5,5,5,4,5,5,5,5,5,5,4,5,3,51,34.0,1
Female,Loyal Customer,39,Business travel,Business,733,2,5,5,5,1,2,3,2,2,2,2,4,2,3,16,21.0,0
Male,Loyal Customer,38,Business travel,Eco,2288,4,4,4,4,3,4,4,3,5,3,4,4,2,4,0,0.0,1
Female,disloyal Customer,24,Business travel,Eco,1303,5,5,5,4,5,5,5,5,3,3,4,4,5,5,0,0.0,1
Female,Loyal Customer,60,Personal Travel,Eco,401,2,4,2,3,3,2,3,5,5,2,5,3,5,2,0,0.0,1
Female,disloyal Customer,34,Business travel,Business,297,1,1,1,1,2,1,2,2,3,2,5,4,4,2,13,3.0,0
Female,Loyal Customer,54,Personal Travel,Eco,223,4,0,4,3,4,4,5,5,5,4,5,4,5,3,52,46.0,1
Female,Loyal Customer,26,Personal Travel,Eco,587,3,4,4,2,2,4,2,2,5,3,5,5,5,2,66,0.0,0
Male,disloyal Customer,38,Business travel,Eco,391,4,4,4,1,2,4,2,2,1,3,5,3,2,2,0,0.0,0
Female,Loyal Customer,35,Business travel,Business,1815,1,1,1,1,4,4,4,1,1,1,1,4,1,4,0,0.0,0
Female,Loyal Customer,12,Personal Travel,Eco,191,2,3,2,3,2,2,2,2,4,2,1,3,1,2,1,8.0,0
Male,Loyal Customer,51,Business travel,Business,3780,4,4,4,4,3,4,5,4,4,4,4,5,4,4,0,0.0,1
Female,Loyal Customer,33,Personal Travel,Eco,449,4,4,4,2,5,4,5,5,5,2,4,4,4,5,0,0.0,1
Female,Loyal Customer,13,Personal Travel,Eco,522,3,5,3,3,3,3,5,3,5,4,5,3,5,3,3,0.0,1
Male,Loyal Customer,34,Personal Travel,Eco,239,3,5,0,3,2,0,2,2,5,4,4,3,5,2,4,5.0,0
Male,Loyal Customer,26,Personal Travel,Eco,86,4,5,4,3,1,4,1,1,3,3,4,4,5,1,25,24.0,0
Female,Loyal Customer,9,Personal Travel,Eco,1598,1,5,1,3,2,1,3,2,4,2,5,4,5,2,27,7.0,0
Male,disloyal Customer,26,Business travel,Business,719,4,4,4,1,5,4,5,5,4,4,5,3,4,5,0,6.0,1
Male,disloyal Customer,36,Business travel,Eco,337,4,2,4,4,1,4,1,1,2,5,4,4,4,1,0,14.0,0
Male,disloyal Customer,42,Business travel,Eco,899,2,2,2,4,4,2,4,4,2,4,4,3,4,4,0,0.0,1
Female,Loyal Customer,28,Business travel,Business,541,2,2,2,2,5,5,5,5,1,2,5,5,4,5,0,0.0,1
Male,Loyal Customer,40,Business travel,Business,436,2,1,2,2,1,4,4,2,2,2,2,4,2,3,0,0.0,0
Female,disloyal Customer,28,Business travel,Business,532,2,2,2,2,2,2,5,2,5,4,4,5,5,2,0,0.0,0
Male,Loyal Customer,24,Business travel,Business,954,1,4,4,4,1,2,1,1,4,1,2,4,2,1,0,8.0,0
Female,Loyal Customer,42,Business travel,Business,600,2,5,5,5,5,4,3,2,2,2,2,3,2,2,1,0.0,0
Male,disloyal Customer,27,Business travel,Business,581,4,4,4,2,2,4,2,2,4,4,5,3,4,2,2,0.0,0
Female,Loyal Customer,45,Business travel,Eco,919,4,4,4,4,4,2,3,3,3,4,3,4,3,4,10,0.0,1
Male,Loyal Customer,45,Personal Travel,Eco Plus,1158,2,3,2,2,5,2,4,5,4,3,1,1,2,5,2,0.0,1
Male,Loyal Customer,32,Business travel,Eco,1096,4,3,4,3,4,3,4,4,2,3,4,2,3,4,0,0.0,1
Female,Loyal Customer,41,Personal Travel,Eco,404,2,4,2,3,5,2,5,5,4,3,4,4,4,5,0,0.0,1
Female,Loyal Customer,42,Business travel,Business,2988,5,5,5,5,2,2,3,4,4,4,4,1,4,4,0,0.0,1
Female,Loyal Customer,57,Business travel,Eco Plus,156,5,3,3,3,4,3,4,5,5,5,5,3,5,2,5,25.0,1
Male,Loyal Customer,21,Business travel,Business,3294,1,1,1,1,5,5,5,5,2,2,1,4,5,5,0,0.0,1
Female,Loyal Customer,18,Personal Travel,Eco,2588,3,4,3,2,3,3,3,3,3,5,4,2,4,3,0,0.0,0
Female,Loyal Customer,50,Business travel,Business,1514,5,5,5,5,3,5,4,4,4,5,4,4,4,3,1,0.0,1
Female,Loyal Customer,38,Business travel,Eco,843,5,4,2,4,5,5,5,5,5,5,1,1,2,5,0,0.0,1
Female,disloyal Customer,25,Business travel,Business,1294,4,0,4,3,4,4,2,4,3,5,5,4,4,4,14,1.0,1
Male,Loyal Customer,55,Business travel,Eco,315,3,4,4,4,4,3,4,4,3,2,3,2,4,4,4,7.0,1
Female,Loyal Customer,57,Business travel,Business,507,4,4,4,4,2,5,5,4,4,4,4,3,4,5,26,18.0,1
Male,Loyal Customer,60,Personal Travel,Eco,758,3,4,2,3,5,2,5,5,4,5,4,5,5,5,52,62.0,1
Female,Loyal Customer,53,Business travel,Eco,416,2,4,4,4,2,3,3,2,2,2,2,4,2,2,0,0.0,0
Male,Loyal Customer,25,Business travel,Business,2191,3,5,5,5,3,2,3,3,1,4,3,1,3,3,0,0.0,0
Male,Loyal Customer,40,Business travel,Business,3018,2,5,5,5,1,2,2,2,2,2,2,2,2,2,29,10.0,0
Male,Loyal Customer,39,Business travel,Business,1878,4,4,4,4,4,5,4,4,4,5,4,3,4,5,0,0.0,1
Male,Loyal Customer,25,Business travel,Business,689,5,5,5,5,4,4,4,4,3,5,5,3,4,4,17,13.0,1
Male,Loyal Customer,57,Business travel,Business,3334,1,1,1,1,2,5,5,4,4,4,4,3,4,5,0,0.0,1
Male,Loyal Customer,17,Personal Travel,Eco,431,2,5,2,5,2,2,2,4,2,4,5,2,5,2,234,255.0,0
Female,Loyal Customer,47,Business travel,Business,1724,5,5,5,5,3,5,5,4,4,4,4,3,4,5,0,0.0,1
Male,Loyal Customer,49,Personal Travel,Eco,862,3,4,3,4,3,3,3,3,5,4,5,3,5,3,86,86.0,1
Male,Loyal Customer,21,Personal Travel,Eco,251,3,4,0,1,2,0,2,2,5,2,5,5,4,2,16,12.0,0
Female,Loyal Customer,59,Business travel,Business,2368,5,5,5,5,5,4,4,5,5,5,5,3,5,5,8,0.0,1
Female,Loyal Customer,29,Business travel,Eco,2296,3,2,2,2,3,3,3,3,4,3,4,2,3,3,10,0.0,0
Female,Loyal Customer,10,Business travel,Business,936,2,4,4,4,2,1,2,2,2,3,4,1,3,2,0,0.0,0
Female,Loyal Customer,44,Business travel,Eco,867,2,2,2,2,3,3,3,2,2,2,2,4,2,2,14,9.0,0
Male,Loyal Customer,16,Business travel,Business,331,1,5,5,5,1,1,1,1,2,1,4,2,4,1,0,0.0,0
Male,Loyal Customer,61,Business travel,Eco,160,3,1,1,1,3,3,3,3,2,1,3,4,3,3,85,81.0,0
Female,Loyal Customer,10,Business travel,Business,1303,3,1,3,1,3,3,3,3,2,2,3,2,3,3,0,0.0,0
Male,Loyal Customer,13,Personal Travel,Eco,1065,3,1,3,3,5,3,4,5,2,2,3,1,2,5,11,0.0,1
Male,Loyal Customer,60,Business travel,Business,1389,1,1,1,1,4,5,4,2,2,2,2,4,2,3,0,0.0,0
Female,Loyal Customer,18,Business travel,Business,3157,3,3,2,2,3,3,3,3,3,4,3,1,2,3,0,0.0,0
Female,Loyal Customer,7,Personal Travel,Eco Plus,173,2,5,0,2,2,0,2,2,5,2,5,3,5,2,18,35.0,0
Female,Loyal Customer,46,Business travel,Business,948,4,4,4,4,5,4,5,3,3,4,3,3,3,4,14,17.0,1
Female,Loyal Customer,63,Personal Travel,Eco,86,2,4,0,2,2,5,4,5,5,0,3,4,5,5,0,0.0,1
Male,Loyal Customer,45,Business travel,Eco,430,3,3,3,3,3,3,3,3,4,3,4,1,2,3,0,0.0,0
Female,Loyal Customer,31,Personal Travel,Eco,896,4,1,4,2,2,4,2,2,4,4,3,4,2,2,0,0.0,0
Female,disloyal Customer,19,Business travel,Eco,425,4,0,5,2,5,5,5,5,4,4,4,5,4,5,0,0.0,1
Female,Loyal Customer,29,Business travel,Business,1930,5,5,5,5,5,5,5,5,4,4,5,5,5,5,0,0.0,1
Male,Loyal Customer,64,Personal Travel,Eco,2586,2,4,3,4,1,3,1,1,1,1,3,4,4,1,8,1.0,0
Female,Loyal Customer,50,Personal Travel,Eco,838,2,5,1,4,3,5,4,2,2,1,2,5,2,3,35,26.0,0
Female,Loyal Customer,35,Business travel,Business,1014,3,3,3,3,1,3,3,3,3,3,3,4,3,1,13,11.0,0
Female,Loyal Customer,16,Personal Travel,Eco,549,3,0,3,5,4,3,4,4,3,4,4,4,5,4,0,0.0,1
Male,Loyal Customer,15,Personal Travel,Eco,1733,2,5,2,3,2,5,5,1,1,4,3,5,4,5,206,215.0,0
Female,Loyal Customer,43,Business travel,Business,3487,5,5,5,5,1,4,3,4,4,5,4,1,4,4,16,14.0,1
Female,disloyal Customer,35,Business travel,Business,426,2,2,2,5,5,2,2,5,5,2,4,4,5,5,4,0.0,1
Female,Loyal Customer,46,Business travel,Business,1884,5,5,5,5,3,5,4,4,4,4,4,5,4,5,48,41.0,1
Female,Loyal Customer,39,Business travel,Eco,2475,5,2,4,2,5,5,5,5,5,3,5,5,2,5,14,0.0,1
Female,Loyal Customer,13,Personal Travel,Eco,918,2,4,2,3,5,2,5,5,3,2,5,2,2,5,19,19.0,1
Female,Loyal Customer,15,Personal Travel,Eco,197,4,5,4,5,2,4,2,2,3,2,4,3,4,2,63,91.0,0
Female,Loyal Customer,39,Business travel,Business,3512,2,2,2,2,4,4,4,5,5,5,5,5,5,3,9,0.0,1
Male,Loyal Customer,60,Business travel,Eco,158,2,4,4,4,2,2,2,2,1,2,2,3,3,2,26,20.0,0
Female,disloyal Customer,10,Business travel,Eco,1082,1,1,1,4,5,1,5,5,1,2,4,2,3,5,0,0.0,1
Female,Loyal Customer,15,Personal Travel,Business,109,3,5,3,3,4,3,4,4,4,4,4,3,2,4,111,110.0,1
Male,Loyal Customer,68,Personal Travel,Eco,612,2,4,2,3,2,2,2,2,4,4,2,1,1,2,3,0.0,0
Male,Loyal Customer,56,Business travel,Business,838,1,1,1,1,3,4,4,4,4,4,4,3,4,4,21,17.0,1
Female,Loyal Customer,36,Personal Travel,Eco,718,4,4,4,4,2,4,5,2,2,5,3,4,3,2,3,11.0,0
Male,Loyal Customer,52,Business travel,Business,1593,5,5,5,5,4,4,5,4,4,4,4,4,4,4,0,0.0,1
Female,Loyal Customer,32,Business travel,Business,3483,1,2,2,2,1,1,1,4,2,4,3,1,3,1,178,175.0,0
Male,Loyal Customer,64,Business travel,Business,1646,2,2,2,2,4,4,5,5,5,5,5,4,5,4,37,41.0,1
Female,Loyal Customer,64,Business travel,Eco,112,3,4,4,4,3,3,4,3,3,3,3,5,3,2,48,40.0,0
Female,Loyal Customer,43,Personal Travel,Eco,785,2,4,2,3,4,4,5,5,5,2,5,5,5,4,17,70.0,1
Male,Loyal Customer,62,Business travel,Business,2384,2,2,2,2,2,2,2,2,2,2,2,1,2,1,0,0.0,0
Male,Loyal Customer,12,Personal Travel,Eco,304,3,4,3,4,4,3,4,4,3,2,4,3,4,4,0,0.0,1
Female,disloyal Customer,35,Business travel,Business,669,3,3,3,2,4,3,4,4,3,5,2,3,2,4,10,13.0,1
Female,Loyal Customer,43,Business travel,Business,1599,3,3,3,3,3,4,5,5,5,5,5,5,5,3,0,0.0,1
Female,Loyal Customer,67,Personal Travel,Eco,1014,2,4,2,3,2,3,4,3,3,2,3,2,3,1,0,0.0,0
Female,Loyal Customer,30,Personal Travel,Eco,829,3,4,3,1,5,3,5,5,5,4,5,4,4,5,13,12.0,1
Female,Loyal Customer,16,Personal Travel,Eco,971,0,5,0,3,4,0,4,4,3,3,4,5,4,4,127,118.0,0
Male,Loyal Customer,53,Business travel,Business,1663,5,5,5,5,5,5,4,5,5,5,5,4,5,5,32,24.0,1
Female,Loyal Customer,7,Personal Travel,Eco,1024,4,4,4,2,5,4,1,5,3,2,5,3,5,5,0,0.0,1
Female,Loyal Customer,67,Personal Travel,Eco,204,5,4,5,4,5,3,3,3,3,5,3,4,3,1,0,3.0,1
Male,disloyal Customer,38,Business travel,Eco,489,3,0,3,5,3,3,3,3,2,2,4,2,2,3,0,0.0,0
Male,Loyal Customer,23,Personal Travel,Eco,220,2,3,2,2,1,2,1,1,4,5,5,5,5,1,9,0.0,0
Male,Loyal Customer,36,Business travel,Eco,270,5,5,5,5,5,5,5,5,4,2,4,2,3,5,14,7.0,1
Female,Loyal Customer,35,Business travel,Eco,1085,2,5,5,5,2,2,2,2,3,2,3,1,4,2,20,12.0,0
Female,Loyal Customer,18,Business travel,Business,507,4,4,4,4,4,4,4,4,4,3,4,3,4,4,0,0.0,1
Male,Loyal Customer,52,Business travel,Business,2342,5,5,5,5,4,4,1,4,4,4,4,5,4,5,0,5.0,1
Female,Loyal Customer,35,Personal Travel,Eco,682,2,5,2,3,2,2,2,2,5,4,5,5,4,2,9,2.0,0
Female,Loyal Customer,25,Business travel,Business,1853,3,5,5,5,3,3,3,3,2,2,4,4,3,3,13,15.0,0
Male,Loyal Customer,65,Business travel,Business,2733,1,3,3,3,3,4,3,1,1,1,1,3,1,3,6,3.0,0
Male,Loyal Customer,35,Personal Travel,Eco,345,2,3,2,3,1,2,1,1,3,5,4,5,1,1,6,1.0,0
Female,Loyal Customer,28,Business travel,Business,3850,0,4,0,4,5,5,5,5,1,3,5,2,5,5,0,0.0,1
Male,Loyal Customer,25,Personal Travel,Eco,631,2,5,2,1,2,2,4,2,2,4,5,1,4,2,0,0.0,0
Female,disloyal Customer,14,Personal Travel,Eco,762,3,5,3,5,5,3,5,5,3,4,5,4,4,5,0,0.0,1
Male,disloyal Customer,36,Business travel,Eco,399,4,3,4,3,4,4,4,4,1,2,4,4,1,4,0,0.0,1
Male,Loyal Customer,50,Business travel,Business,3279,5,5,3,5,3,4,4,3,3,3,3,5,3,5,0,0.0,1
Female,Loyal Customer,14,Personal Travel,Eco,532,3,4,3,1,1,3,1,1,5,3,5,3,5,1,0,0.0,0
Male,Loyal Customer,49,Personal Travel,Eco,1010,2,5,2,3,2,2,2,2,3,3,5,5,2,2,17,8.0,0
Female,Loyal Customer,57,Business travel,Business,685,2,2,2,2,5,4,5,4,4,4,4,4,4,4,0,0.0,1
Female,Loyal Customer,8,Personal Travel,Eco,954,1,1,0,3,4,0,4,4,3,4,3,3,3,4,0,4.0,0
Male,Loyal Customer,24,Personal Travel,Eco,525,2,2,2,4,2,2,2,2,2,5,3,2,4,2,54,45.0,0
Male,Loyal Customer,56,Business travel,Business,184,0,4,0,3,4,5,4,4,4,4,4,5,4,3,0,0.0,1
Female,Loyal Customer,44,Personal Travel,Eco,2007,1,4,1,1,3,4,5,5,5,1,2,3,5,5,0,0.0,1
Female,Loyal Customer,45,Business travel,Business,3147,4,4,5,4,2,5,5,4,4,3,4,5,4,5,0,0.0,1
Female,Loyal Customer,48,Business travel,Business,3688,4,4,4,4,2,5,4,5,5,5,5,5,5,5,0,0.0,1
Female,Loyal Customer,38,Business travel,Business,1756,4,4,4,4,2,4,5,4,4,4,4,5,4,4,0,0.0,1
Female,Loyal Customer,10,Personal Travel,Eco,1900,5,4,5,2,2,4,4,2,5,4,5,3,5,2,0,0.0,1
Male,Loyal Customer,62,Business travel,Eco,757,2,3,3,3,2,2,2,2,1,2,3,2,3,2,0,0.0,0
Male,disloyal Customer,54,Business travel,Business,1005,4,4,4,5,5,4,5,5,3,5,4,4,4,5,0,0.0,1
Female,Loyal Customer,40,Business travel,Eco,745,4,1,1,1,4,4,4,4,2,5,4,5,3,4,0,0.0,1
Male,Loyal Customer,11,Personal Travel,Eco,432,2,4,2,5,1,2,1,1,4,2,5,3,4,1,98,0.0,0
Male,Loyal Customer,46,Personal Travel,Eco,1750,1,3,0,3,3,0,3,3,5,1,1,1,3,3,32,27.0,0
Male,disloyal Customer,50,Business travel,Eco,1368,5,5,5,1,5,5,3,5,3,3,3,1,2,5,0,0.0,1
Female,Loyal Customer,52,Business travel,Business,683,1,1,1,1,5,5,5,3,1,4,5,5,1,5,242,263.0,1
Female,Loyal Customer,52,Personal Travel,Eco,347,3,4,3,3,4,4,4,4,4,3,4,3,4,3,0,0.0,1
Male,Loyal Customer,16,Business travel,Eco Plus,671,4,2,2,2,4,4,5,4,5,4,5,2,3,4,0,1.0,1
Female,Loyal Customer,39,Business travel,Business,3133,3,3,3,3,2,5,5,3,3,4,3,1,3,3,0,0.0,1
Female,Loyal Customer,43,Personal Travel,Eco,1605,2,4,2,2,4,5,4,3,3,2,3,4,3,3,3,9.0,0
Male,Loyal Customer,60,Business travel,Business,2823,1,1,1,1,4,4,5,5,5,5,5,3,5,4,0,0.0,1
Male,Loyal Customer,62,Personal Travel,Eco,616,2,4,2,4,2,2,2,2,5,2,3,1,2,2,0,0.0,0
Male,Loyal Customer,56,Business travel,Business,1886,1,1,1,1,4,5,4,5,5,5,5,4,5,5,0,0.0,1
Female,Loyal Customer,29,Business travel,Business,2948,5,5,5,5,2,2,2,2,2,2,3,4,2,2,0,3.0,0
Female,disloyal Customer,24,Business travel,Eco,909,0,0,0,3,5,0,5,5,3,3,4,5,5,5,0,0.0,1
Female,disloyal Customer,25,Business travel,Business,602,1,0,1,2,5,1,2,5,4,4,5,3,4,5,0,0.0,1
Female,Loyal Customer,25,Personal Travel,Eco,612,2,5,2,5,5,2,5,5,4,2,5,5,5,5,4,0.0,1
Male,Loyal Customer,61,Business travel,Business,3639,1,1,1,1,4,5,5,5,5,4,5,3,5,3,0,7.0,1
Female,Loyal Customer,40,Business travel,Eco,1107,2,5,5,5,2,2,2,2,1,5,4,1,1,2,0,0.0,0
Male,Loyal Customer,55,Business travel,Business,3534,2,2,5,5,2,3,3,2,2,2,2,3,2,4,0,0.0,0
Male,Loyal Customer,9,Personal Travel,Eco,523,4,5,4,2,4,4,4,4,4,5,5,5,4,4,0,0.0,1
Male,Loyal Customer,78,Business travel,Business,1775,5,5,5,5,3,1,2,5,5,5,5,3,5,5,0,19.0,1
Male,Loyal Customer,8,Business travel,Eco Plus,948,3,3,5,5,3,3,2,3,4,5,4,1,4,3,0,0.0,0
Male,disloyal Customer,26,Business travel,Eco Plus,1874,3,2,2,3,4,2,4,4,5,1,3,1,2,4,10,0.0,0
Male,Loyal Customer,45,Business travel,Business,1612,1,1,4,1,4,4,5,5,5,5,5,4,5,5,0,0.0,1
Male,Loyal Customer,25,Business travel,Eco,387,5,3,3,3,5,5,5,5,2,3,1,1,3,5,0,15.0,1
Male,disloyal Customer,22,Business travel,Eco,399,3,0,3,1,5,3,3,5,5,5,4,4,5,5,0,0.0,1
Female,Loyal Customer,41,Business travel,Business,569,4,5,4,4,4,4,4,5,5,5,5,5,5,4,0,0.0,1
Female,disloyal Customer,24,Business travel,Eco,358,4,2,4,5,4,4,4,4,5,4,5,4,2,4,0,0.0,1
Male,Loyal Customer,29,Business travel,Business,680,5,5,5,5,4,4,4,4,5,3,2,5,1,4,5,0.0,1
Female,disloyal Customer,38,Business travel,Eco,395,2,0,2,5,3,2,3,3,1,2,5,4,4,3,0,0.0,0
Male,Loyal Customer,32,Business travel,Business,1917,3,5,5,5,3,2,3,3,3,3,3,1,4,3,0,0.0,0
Female,Loyal Customer,23,Business travel,Business,590,2,4,4,4,2,2,2,2,3,1,4,3,4,2,22,14.0,0
Female,Loyal Customer,62,Personal Travel,Business,1183,2,1,1,3,5,2,3,2,2,1,2,1,2,3,86,75.0,0
Female,Loyal Customer,47,Personal Travel,Eco,867,2,5,2,4,1,1,2,4,4,2,1,4,4,1,0,0.0,0
Female,Loyal Customer,58,Personal Travel,Eco,598,2,4,2,5,5,4,4,4,4,2,3,4,4,4,0,20.0,1
Male,Loyal Customer,54,Business travel,Eco,1829,2,3,4,3,2,2,2,2,2,5,2,1,3,2,0,0.0,0
Male,Loyal Customer,50,Business travel,Eco,493,5,3,3,3,5,5,5,5,4,5,5,3,5,5,11,0.0,1
Male,Loyal Customer,50,Business travel,Eco,862,4,4,4,4,4,4,4,4,4,3,2,3,5,4,0,31.0,1
Female,disloyal Customer,60,Business travel,Business,1235,4,4,4,2,1,4,1,1,5,5,5,5,4,1,0,0.0,0
Male,Loyal Customer,54,Business travel,Business,192,5,5,5,5,3,5,5,5,5,4,4,5,5,4,0,0.0,1
Female,Loyal Customer,34,Business travel,Business,1849,4,5,5,5,2,4,4,4,4,4,4,2,4,2,0,8.0,1
Female,Loyal Customer,59,Business travel,Eco,1236,4,3,3,3,2,1,4,4,4,4,4,3,4,1,41,93.0,0
Female,Loyal Customer,34,Personal Travel,Eco,86,2,5,0,3,2,0,3,2,1,3,3,5,1,2,0,0.0,0
Male,disloyal Customer,25,Business travel,Business,351,5,1,5,5,2,5,2,2,5,3,5,3,5,2,0,0.0,1
Male,disloyal Customer,34,Business travel,Eco Plus,406,1,1,1,3,4,1,5,4,4,5,3,1,2,4,0,0.0,0
Female,disloyal Customer,24,Business travel,Eco,109,1,4,1,4,1,1,1,1,5,4,5,5,4,1,59,81.0,0
Male,disloyal Customer,37,Business travel,Eco,129,0,5,0,4,4,0,4,4,3,5,1,1,3,4,0,0.0,0
Male,Loyal Customer,48,Business travel,Business,986,3,2,2,2,2,4,4,3,3,3,3,2,3,1,3,18.0,0
Male,disloyal Customer,35,Business travel,Eco Plus,864,3,3,3,4,2,3,2,2,1,2,4,3,4,2,21,7.0,0
Male,Loyal Customer,51,Personal Travel,Eco,182,3,4,3,3,2,3,2,2,3,4,4,3,5,2,46,35.0,0
Female,Loyal Customer,14,Personal Travel,Business,1102,1,4,1,3,1,1,1,1,2,1,3,2,4,1,17,18.0,0
Female,Loyal Customer,20,Personal Travel,Eco Plus,1521,2,4,3,3,1,3,3,1,4,3,4,3,5,1,0,0.0,0
Male,disloyal Customer,43,Business travel,Eco,139,3,0,3,3,4,3,4,4,5,3,3,2,5,4,0,0.0,1
Male,Loyal Customer,31,Business travel,Business,2201,5,5,5,5,2,2,2,2,5,3,3,3,1,2,0,0.0,0
Female,Loyal Customer,30,Personal Travel,Eco,386,2,2,2,3,4,2,4,4,4,3,3,2,3,4,10,0.0,0
Male,Loyal Customer,70,Personal Travel,Eco,529,2,4,2,4,4,2,4,4,5,3,5,3,5,4,101,76.0,1
Male,Loyal Customer,34,Personal Travel,Eco,261,4,4,0,2,3,0,4,3,5,2,1,5,2,3,10,9.0,0
Female,Loyal Customer,45,Business travel,Business,2684,3,3,3,3,2,4,4,4,4,4,4,5,4,4,0,0.0,1
Male,Loyal Customer,43,Business travel,Business,258,3,3,3,3,4,4,5,5,5,5,5,5,5,5,0,0.0,1
Female,Loyal Customer,27,Business travel,Business,3095,4,4,2,4,5,5,5,3,2,3,4,5,3,5,182,388.0,1
Male,Loyal Customer,64,Business travel,Business,308,5,5,5,5,4,1,3,5,5,5,5,3,5,2,0,0.0,1
Female,Loyal Customer,47,Business travel,Business,86,1,1,4,1,1,5,3,5,5,5,4,3,5,4,43,39.0,1
Female,Loyal Customer,26,Business travel,Business,588,5,5,5,5,3,3,3,3,4,5,4,5,5,3,0,0.0,1
Male,Loyal Customer,56,Personal Travel,Eco,997,1,5,1,5,4,1,4,4,5,2,4,3,5,4,0,0.0,1
Female,Loyal Customer,24,Business travel,Eco,1541,2,3,3,3,2,2,2,2,2,1,2,1,2,2,2,0.0,0
Female,Loyal Customer,13,Personal Travel,Eco Plus,874,3,1,3,3,3,3,3,3,3,1,2,4,3,3,0,0.0,0
Male,Loyal Customer,32,Business travel,Business,3861,2,2,2,2,4,4,4,4,5,3,4,3,4,4,0,0.0,1
Male,Loyal Customer,41,Business travel,Eco,867,5,4,4,4,5,5,5,5,1,4,1,4,1,5,0,0.0,1
Male,Loyal Customer,29,Personal Travel,Eco,446,4,5,4,2,5,4,5,5,3,2,5,4,4,5,0,0.0,1
Female,disloyal Customer,25,Business travel,Business,447,2,0,2,2,1,2,1,1,5,2,4,3,4,1,27,16.0,0
Male,Loyal Customer,57,Business travel,Business,765,3,3,3,3,5,4,4,4,4,4,4,3,4,5,0,0.0,1
Female,Loyal Customer,35,Business travel,Eco,1050,3,4,4,4,3,5,3,3,2,4,4,3,3,3,3,0.0,0
Male,Loyal Customer,21,Personal Travel,Eco,828,2,4,1,4,4,1,4,4,5,5,5,3,4,4,0,0.0,1
Female,disloyal Customer,26,Business travel,Business,610,1,0,1,4,3,1,3,3,5,3,5,4,5,3,0,0.0,0
Female,Loyal Customer,37,Personal Travel,Eco,1188,2,2,2,3,2,2,2,2,2,1,4,4,4,2,0,0.0,0
Male,Loyal Customer,57,Business travel,Business,125,4,4,4,4,5,5,4,4,4,4,5,3,4,5,0,0.0,1
Male,Loyal Customer,25,Personal Travel,Eco,721,3,5,3,2,5,3,5,5,2,5,5,4,1,5,40,42.0,1
Female,disloyal Customer,25,Business travel,Business,332,2,0,2,3,2,2,2,2,5,2,5,4,4,2,0,0.0,0
Male,Loyal Customer,67,Personal Travel,Eco,199,3,2,3,3,4,3,4,4,1,1,4,1,3,4,67,49.0,0
Male,Loyal Customer,25,Business travel,Eco Plus,913,0,3,0,1,3,0,5,3,1,1,2,3,4,3,0,0.0,0
Female,Loyal Customer,28,Business travel,Business,2288,4,4,4,4,4,4,4,4,5,5,3,3,5,4,0,0.0,1
Female,Loyal Customer,14,Personal Travel,Eco,328,3,4,3,3,5,3,5,5,4,5,5,5,5,5,0,0.0,1
Female,Loyal Customer,34,Business travel,Business,396,2,2,2,2,5,5,4,5,5,5,5,3,5,4,0,0.0,1
Male,Loyal Customer,16,Personal Travel,Eco,1075,5,2,5,3,4,5,4,4,3,5,3,2,4,4,0,0.0,1
Female,Loyal Customer,51,Business travel,Business,719,3,3,3,3,5,5,4,4,4,4,4,3,4,4,1,0.0,1
Male,Loyal Customer,55,Personal Travel,Business,853,4,4,4,4,2,4,5,4,4,4,4,5,4,3,9,32.0,1
Female,Loyal Customer,37,Business travel,Business,250,1,4,2,2,2,3,4,1,1,1,1,1,1,2,0,0.0,0
Female,Loyal Customer,12,Personal Travel,Eco,151,2,4,2,3,3,2,3,3,3,4,5,4,5,3,0,0.0,0
Male,Loyal Customer,39,Business travel,Business,2697,0,4,0,4,4,5,5,1,1,1,1,3,1,5,0,17.0,0
Female,Loyal Customer,15,Personal Travel,Eco,325,0,4,0,3,2,0,2,2,2,4,1,3,3,2,11,3.0,0
Female,Loyal Customer,38,Personal Travel,Eco,261,5,5,5,1,5,5,5,5,4,3,1,4,3,5,0,0.0,1
Male,Loyal Customer,35,Personal Travel,Eco,650,3,5,3,4,5,3,3,5,2,2,1,3,5,5,0,0.0,1
Female,Loyal Customer,36,Business travel,Business,2149,3,3,3,3,4,4,5,5,5,5,5,3,5,3,0,2.0,1
Male,Loyal Customer,19,Personal Travel,Eco Plus,2585,2,4,2,5,2,2,2,2,3,3,4,5,4,2,0,0.0,0
Female,Loyal Customer,41,Business travel,Business,391,5,5,5,5,4,4,5,4,4,4,4,4,4,3,11,34.0,1
Male,Loyal Customer,39,Personal Travel,Eco,583,2,5,2,2,2,2,2,2,3,2,4,3,5,2,0,0.0,0
Female,Loyal Customer,39,Personal Travel,Eco,719,2,4,2,1,1,2,1,1,5,5,4,4,4,1,45,45.0,0
Female,Loyal Customer,32,Personal Travel,Eco,569,4,3,4,3,5,4,5,5,1,2,3,4,4,5,0,0.0,1
Female,Loyal Customer,14,Personal Travel,Eco,2367,1,2,1,2,5,1,5,5,4,4,1,2,1,5,0,0.0,1
Female,Loyal Customer,40,Personal Travel,Eco,472,4,0,4,1,5,4,5,5,4,2,4,4,5,5,0,0.0,1
Female,Loyal Customer,41,Business travel,Business,569,2,2,2,2,2,4,5,4,4,4,4,3,4,5,7,0.0,1
Male,Loyal Customer,17,Personal Travel,Business,622,2,4,2,5,3,2,3,3,5,2,4,5,5,3,10,0.0,0
Male,Loyal Customer,63,Personal Travel,Eco,651,2,1,1,2,3,1,3,3,2,1,2,3,3,3,0,0.0,0
Female,Loyal Customer,43,Business travel,Business,944,5,5,5,5,4,4,5,3,3,3,3,3,3,3,0,0.0,1
Female,Loyal Customer,17,Personal Travel,Eco,184,2,4,0,4,2,0,2,2,4,3,4,4,5,2,0,0.0,0
Male,Loyal Customer,65,Business travel,Business,954,1,1,4,1,1,4,2,4,4,4,4,3,4,4,2,0.0,1
Male,Loyal Customer,39,Personal Travel,Eco Plus,196,1,4,1,3,5,1,5,5,3,2,5,5,5,5,0,0.0,1
Female,Loyal Customer,44,Business travel,Business,3025,1,1,3,1,3,4,4,4,3,4,5,4,4,4,149,149.0,1
Male,Loyal Customer,52,Business travel,Eco,453,5,2,4,4,5,5,5,5,2,1,3,1,2,5,0,4.0,1
Male,Loyal Customer,47,Business travel,Business,488,2,4,4,4,2,3,3,2,2,2,2,2,2,2,17,4.0,0
Female,Loyal Customer,52,Business travel,Business,1145,5,5,5,5,3,4,5,5,5,4,5,3,5,3,3,0.0,1
Male,Loyal Customer,28,Business travel,Business,1896,5,5,5,5,4,4,4,4,3,3,5,5,5,4,7,2.0,1
Male,Loyal Customer,55,Business travel,Business,3530,5,5,5,5,2,5,5,4,4,4,4,3,4,4,0,0.0,1
Male,Loyal Customer,45,Business travel,Eco,753,4,2,2,2,4,4,4,4,1,2,3,2,2,4,0,8.0,0
Male,Loyal Customer,42,Personal Travel,Eco,337,1,3,1,1,3,1,3,3,2,5,5,4,4,3,0,0.0,0
Female,disloyal Customer,28,Business travel,Eco,1448,3,3,3,4,5,3,5,5,4,3,4,4,3,5,0,0.0,1
Male,Loyal Customer,42,Business travel,Eco,373,3,3,3,3,3,3,3,3,4,4,3,3,3,3,0,0.0,0
Female,Loyal Customer,61,Business travel,Business,3789,5,5,4,5,4,4,4,5,2,2,3,4,1,4,218,189.0,1
Female,Loyal Customer,64,Personal Travel,Business,500,2,5,2,3,2,4,5,3,3,2,3,4,3,5,0,0.0,1
Female,Loyal Customer,26,Business travel,Business,528,1,4,4,4,1,1,1,3,4,3,3,1,1,1,183,180.0,0
Male,Loyal Customer,68,Personal Travel,Eco,1947,2,5,2,3,3,2,3,3,5,5,5,4,4,3,1,28.0,1
Male,Loyal Customer,7,Personal Travel,Eco,1733,3,4,3,2,2,3,2,2,5,3,3,5,4,2,68,93.0,0
Male,Loyal Customer,53,Business travel,Business,3344,1,1,1,1,4,4,5,4,4,4,4,3,4,5,2,4.0,1
Male,Loyal Customer,38,Business travel,Eco,305,5,4,4,4,5,5,5,5,4,2,3,5,1,5,0,0.0,1
Female,Loyal Customer,68,Personal Travel,Eco Plus,701,3,4,3,1,2,2,1,5,5,3,1,2,5,5,14,26.0,0
Female,disloyal Customer,36,Personal Travel,Eco,631,3,1,3,3,3,3,2,3,1,4,4,4,4,3,0,0.0,0
Female,disloyal Customer,34,Business travel,Eco,655,1,1,1,4,5,1,5,5,4,1,3,2,4,5,0,0.0,1
Female,Loyal Customer,32,Business travel,Eco,525,0,0,0,1,5,0,2,5,2,5,2,2,5,5,0,0.0,0
Female,Loyal Customer,61,Business travel,Eco,163,2,5,5,5,1,3,1,2,2,2,2,3,2,5,0,0.0,0
Male,disloyal Customer,40,Business travel,Business,359,1,1,1,3,3,1,3,3,5,2,5,2,3,3,0,0.0,0
Male,Loyal Customer,45,Business travel,Business,2133,4,4,4,4,3,4,4,5,5,4,5,4,5,5,0,8.0,1
Male,Loyal Customer,49,Business travel,Business,2139,5,5,5,5,4,5,4,5,5,5,5,5,5,3,4,25.0,1
Female,Loyal Customer,55,Business travel,Business,2136,4,4,4,4,5,5,4,2,2,2,2,4,2,5,0,0.0,1
Male,Loyal Customer,59,Business travel,Eco Plus,377,5,1,1,1,5,5,5,5,4,2,1,2,2,5,97,82.0,1
Female,disloyal Customer,16,Business travel,Eco Plus,277,2,2,2,4,2,2,2,2,1,2,3,1,4,2,19,16.0,0
Female,Loyal Customer,59,Business travel,Business,1925,2,4,4,4,1,4,4,2,2,2,2,2,2,1,0,0.0,0
Male,Loyal Customer,55,Business travel,Business,3737,2,2,2,2,3,5,4,4,4,4,4,4,4,4,13,3.0,1
Female,Loyal Customer,47,Business travel,Business,471,5,2,2,2,4,3,4,5,5,4,5,2,5,2,33,26.0,1
Male,Loyal Customer,9,Business travel,Eco,776,2,2,2,2,2,2,4,2,1,1,3,1,3,2,16,6.0,0
Male,Loyal Customer,58,Personal Travel,Eco,617,3,0,3,3,2,3,2,2,4,3,5,4,4,2,0,0.0,0
Male,Loyal Customer,41,Business travel,Business,3829,3,5,3,3,1,3,4,5,5,5,5,5,5,5,1,0.0,1
Female,Loyal Customer,51,Business travel,Eco,386,2,2,4,2,2,2,3,2,2,2,2,3,2,2,0,0.0,0
Male,Loyal Customer,23,Personal Travel,Eco,449,4,3,4,3,2,4,5,2,2,2,3,3,1,2,0,0.0,0
Female,disloyal Customer,38,Business travel,Eco,1180,3,3,3,4,1,3,1,1,4,5,2,4,3,1,9,0.0,0
Female,disloyal Customer,23,Business travel,Business,867,4,5,4,4,3,4,3,3,4,2,5,5,5,3,19,2.0,1
Female,Loyal Customer,44,Personal Travel,Eco,715,1,5,1,1,4,1,5,5,5,1,5,5,5,5,0,0.0,1
Female,disloyal Customer,60,Business travel,Eco,1061,2,2,2,3,5,2,1,5,3,3,4,3,3,5,10,5.0,1
Male,disloyal Customer,28,Business travel,Business,543,0,0,0,1,1,0,1,1,5,3,5,3,5,1,14,7.0,0
Female,Loyal Customer,42,Business travel,Business,327,2,2,2,2,5,4,5,5,5,5,5,4,5,4,0,0.0,1
Female,Loyal Customer,43,Business travel,Business,2477,5,5,2,5,3,4,4,5,5,5,5,4,5,4,0,0.0,1
Female,Loyal Customer,32,Personal Travel,Eco,373,2,3,1,1,2,1,5,2,2,2,5,4,5,2,4,0.0,0
Female,Loyal Customer,52,Personal Travel,Eco Plus,190,5,4,5,3,2,4,4,4,4,5,4,5,4,5,0,0.0,1
Female,Loyal Customer,21,Personal Travel,Eco,157,2,5,2,3,1,2,1,1,3,4,5,4,5,1,91,109.0,0
Male,Loyal Customer,29,Personal Travel,Eco,334,2,5,2,5,2,2,2,2,5,4,5,4,4,2,0,0.0,0
Male,Loyal Customer,59,Business travel,Eco Plus,201,2,1,1,1,1,2,1,1,1,3,4,1,3,1,0,0.0,0
Male,Loyal Customer,33,Personal Travel,Eco,2139,1,5,0,3,5,0,5,5,5,5,3,3,5,5,0,0.0,1
Male,Loyal Customer,58,Business travel,Business,2279,2,2,2,2,3,5,4,4,4,4,4,3,4,4,36,16.0,1
Female,disloyal Customer,20,Business travel,Eco,236,2,2,2,4,5,2,5,5,2,2,4,2,4,5,22,15.0,1
Female,Loyal Customer,51,Business travel,Business,3364,1,1,1,1,4,4,5,5,5,5,5,3,5,4,0,0.0,1
Male,Loyal Customer,32,Personal Travel,Eco,868,3,3,3,1,4,3,4,4,4,2,3,4,4,4,0,0.0,1
Male,Loyal Customer,15,Personal Travel,Eco,449,3,3,3,4,4,3,4,4,5,4,5,2,5,4,21,6.0,1
Male,Loyal Customer,37,Personal Travel,Eco,546,1,1,1,3,3,1,3,3,4,1,3,4,3,3,0,6.0,0
Male,Loyal Customer,12,Personal Travel,Eco,965,3,5,3,3,4,3,4,4,3,4,4,3,4,4,0,0.0,1
Female,disloyal Customer,25,Business travel,Eco,108,2,3,1,2,2,1,2,2,2,4,2,1,2,2,76,125.0,0
Female,Loyal Customer,24,Business travel,Business,1721,3,2,3,3,5,5,5,5,3,2,5,3,3,5,0,0.0,1
Male,Loyal Customer,35,Personal Travel,Eco,248,5,5,5,4,2,5,2,2,3,5,4,4,5,2,2,3.0,0
Male,Loyal Customer,52,Business travel,Business,192,4,4,4,4,5,3,1,4,4,4,4,3,4,1,0,0.0,1
Male,Loyal Customer,63,Personal Travel,Eco,594,3,2,3,4,5,3,5,5,4,3,4,2,3,5,13,3.0,1
Female,Loyal Customer,52,Personal Travel,Eco,387,3,4,3,3,5,5,5,5,5,3,5,5,5,4,0,0.0,1
Female,Loyal Customer,25,Business travel,Business,3431,2,5,5,5,2,2,2,2,3,2,3,3,3,2,0,12.0,0
Female,Loyal Customer,60,Business travel,Business,399,3,3,3,3,4,4,4,4,4,4,4,5,4,4,22,27.0,1
Male,disloyal Customer,24,Business travel,Eco,197,3,5,4,4,3,4,5,3,5,4,5,3,5,3,4,4.0,1
Female,disloyal Customer,21,Business travel,Eco,1023,1,2,2,4,2,3,3,1,1,3,3,3,2,3,384,402.0,0
Male,Loyal Customer,25,Business travel,Eco Plus,590,4,3,4,4,4,4,4,4,4,5,4,3,3,4,0,0.0,1
Male,Loyal Customer,67,Business travel,Business,3732,0,5,0,3,2,2,3,1,1,4,4,2,1,5,0,0.0,0
Male,Loyal Customer,27,Personal Travel,Eco Plus,248,4,1,4,2,1,4,1,1,1,1,3,3,3,1,0,22.0,0
Female,disloyal Customer,37,Business travel,Business,550,2,2,2,4,3,2,3,3,4,4,4,4,4,3,3,0.0,0
Female,Loyal Customer,23,Business travel,Business,731,2,2,2,2,4,4,4,4,3,5,5,3,4,4,0,0.0,1
Male,disloyal Customer,41,Business travel,Business,2296,3,3,3,3,5,3,5,5,3,3,4,4,4,5,0,0.0,1
Female,disloyal Customer,38,Business travel,Business,250,5,5,5,3,2,5,2,2,4,2,5,3,4,2,0,0.0,0
Male,Loyal Customer,31,Business travel,Business,937,3,1,1,1,3,3,3,3,2,4,4,4,4,3,22,16.0,0
Female,Loyal Customer,39,Business travel,Business,1505,1,4,4,4,3,4,3,1,1,1,1,3,1,1,0,2.0,0
Female,Loyal Customer,32,Personal Travel,Eco,337,3,5,3,5,5,3,5,5,5,2,5,5,4,5,0,0.0,1
Female,Loyal Customer,25,Business travel,Eco Plus,705,3,4,4,4,3,2,1,3,4,1,3,1,3,3,0,12.0,0
Male,disloyal Customer,59,Business travel,Business,460,5,5,5,1,4,5,4,4,5,2,4,4,5,4,0,0.0,1
Female,Loyal Customer,52,Business travel,Business,3645,0,4,0,4,5,5,5,1,1,1,1,3,1,3,0,0.0,0
Female,Loyal Customer,44,Business travel,Eco,290,3,2,2,2,2,3,4,3,3,3,3,3,3,2,0,0.0,0
Female,Loyal Customer,43,Business travel,Eco,419,5,4,4,4,2,3,4,5,5,5,5,3,5,1,0,0.0,1
Male,disloyal Customer,27,Business travel,Business,287,2,2,2,3,5,2,5,5,4,2,2,3,3,5,104,91.0,1
Female,Loyal Customer,41,Business travel,Business,594,4,4,4,4,2,4,5,5,5,5,5,3,5,4,0,0.0,1
Female,Loyal Customer,59,Personal Travel,Eco,1721,3,3,3,4,4,4,4,4,4,3,4,1,4,3,9,0.0,1
Male,Loyal Customer,12,Personal Travel,Eco,300,2,5,2,5,3,2,3,3,4,5,4,3,5,3,0,7.0,0
Male,disloyal Customer,72,Business travel,Business,279,4,4,4,2,1,4,1,1,1,4,2,3,5,1,0,0.0,0
Female,disloyal Customer,11,Business travel,Eco,529,4,3,4,4,4,4,4,4,4,5,4,4,4,4,15,15.0,1
Female,Loyal Customer,60,Business travel,Business,3515,1,1,1,1,4,5,2,5,5,5,5,5,5,4,0,3.0,1
Female,Loyal Customer,47,Business travel,Business,4502,3,3,2,3,4,4,4,4,5,5,5,4,4,4,0,20.0,1
Male,Loyal Customer,42,Business travel,Business,3383,5,5,2,5,4,5,4,5,5,5,5,5,5,3,0,0.0,1
Male,Loyal Customer,25,Personal Travel,Eco,213,2,2,2,4,1,2,1,1,4,1,4,1,3,1,0,0.0,0
Male,Loyal Customer,29,Personal Travel,Business,1084,2,5,2,3,3,2,3,3,4,4,5,5,4,3,1,0.0,1
Female,Loyal Customer,50,Personal Travel,Eco,695,0,2,0,4,3,3,4,5,5,0,5,2,5,2,0,1.0,0
Female,Loyal Customer,38,Business travel,Business,2194,2,2,2,2,5,5,5,5,5,5,5,4,5,3,2,0.0,1
Female,Loyal Customer,19,Personal Travel,Business,1825,4,4,4,4,5,4,5,5,4,4,3,5,4,5,0,0.0,1
Male,Loyal Customer,36,Personal Travel,Eco,1012,4,3,3,2,4,3,1,4,5,1,5,1,3,4,6,0.0,0
Female,Loyal Customer,17,Personal Travel,Eco,356,4,4,4,3,5,4,5,5,4,5,4,5,5,5,0,0.0,1
Male,Loyal Customer,39,Business travel,Business,611,1,2,2,2,4,4,4,1,1,1,1,2,1,2,46,42.0,0
Female,Loyal Customer,56,Business travel,Eco,90,4,2,2,2,5,4,3,5,5,4,5,4,5,3,0,0.0,1
Female,Loyal Customer,12,Personal Travel,Eco,1235,2,5,2,2,5,2,4,5,3,5,4,3,5,5,0,0.0,1
Male,Loyal Customer,38,Business travel,Business,1306,3,3,3,3,5,5,4,3,3,3,3,3,3,3,0,0.0,1
Female,Loyal Customer,21,Personal Travel,Eco Plus,769,2,1,2,3,5,2,2,5,2,1,3,1,3,5,0,0.0,0
Male,disloyal Customer,29,Business travel,Eco,373,3,2,4,4,2,4,2,2,1,1,3,4,4,2,27,34.0,0
Male,Loyal Customer,41,Business travel,Business,2531,3,2,4,4,3,4,4,3,3,3,3,1,3,4,29,33.0,1
Female,Loyal Customer,18,Personal Travel,Eco,761,2,4,2,1,5,2,5,5,3,4,5,3,5,5,0,0.0,1
Female,Loyal Customer,50,Business travel,Eco,1069,4,2,3,2,2,4,4,4,4,4,4,1,4,1,0,0.0,0
Female,disloyal Customer,22,Business travel,Eco,1027,5,5,5,2,4,5,4,4,4,1,1,3,4,4,22,19.0,1
Male,Loyal Customer,44,Business travel,Business,3913,4,4,4,4,4,5,5,5,5,5,5,5,5,3,0,34.0,1
Female,disloyal Customer,27,Business travel,Eco,238,4,0,4,3,2,4,2,2,2,5,4,2,1,2,0,0.0,0
Male,Loyal Customer,45,Business travel,Business,950,1,1,1,1,3,4,5,3,3,3,3,3,3,3,0,0.0,0
Female,disloyal Customer,14,Business travel,Eco,651,3,0,3,3,4,3,4,4,1,2,3,2,4,4,96,92.0,0
Female,Loyal Customer,17,Personal Travel,Eco,408,2,4,2,3,3,2,3,3,5,3,5,3,4,3,5,3.0,0
Male,Loyal Customer,31,Business travel,Business,2513,1,1,3,1,4,5,5,4,5,4,1,5,3,4,0,0.0,1
Male,disloyal Customer,12,Business travel,Eco,714,3,4,4,3,4,1,5,3,3,4,3,5,2,5,193,189.0,1
Male,disloyal Customer,20,Business travel,Business,1487,5,0,5,3,1,5,1,1,4,2,5,4,5,1,0,0.0,0
Female,Loyal Customer,22,Personal Travel,Eco,1035,3,5,3,2,3,3,3,3,3,3,4,3,5,3,0,3.0,0
Female,Loyal Customer,27,Business travel,Business,3921,3,1,2,1,3,3,3,3,3,4,3,1,4,3,0,0.0,0
Male,Loyal Customer,55,Business travel,Business,1739,5,3,5,5,4,5,5,5,5,5,5,3,5,3,0,1.0,1
Female,Loyal Customer,51,Business travel,Business,2901,1,5,5,5,4,2,1,1,1,1,1,2,1,1,29,12.0,0
Male,disloyal Customer,36,Business travel,Business,1744,3,3,3,4,3,3,3,3,3,5,4,4,5,3,5,0.0,1
Male,Loyal Customer,41,Business travel,Business,1889,0,0,0,4,5,4,4,1,1,1,1,4,1,4,6,5.0,0
Female,disloyal Customer,34,Business travel,Business,335,2,2,2,3,5,2,5,5,4,2,5,5,5,5,0,0.0,1
Male,Loyal Customer,30,Business travel,Business,651,2,3,2,2,4,4,4,4,1,1,4,4,3,4,0,0.0,1
Female,Loyal Customer,43,Business travel,Eco Plus,223,2,1,1,1,4,1,1,2,2,2,2,3,2,1,28,20.0,0
Female,Loyal Customer,25,Business travel,Business,3532,4,4,4,4,4,4,4,4,4,5,1,4,1,4,0,0.0,1
Female,Loyal Customer,26,Business travel,Eco Plus,463,4,3,3,3,4,4,4,4,5,5,4,2,5,4,0,0.0,1
Female,disloyal Customer,35,Business travel,Business,762,2,1,1,1,3,1,3,3,4,4,4,3,4,3,14,25.0,0
Female,Loyal Customer,49,Business travel,Eco Plus,583,3,3,3,3,5,3,4,3,3,3,3,1,3,3,0,2.0,0
Female,disloyal Customer,29,Business travel,Eco,541,2,3,2,4,1,2,1,1,2,4,3,4,4,1,0,0.0,0
Male,Loyal Customer,31,Personal Travel,Eco,1310,2,5,2,2,5,2,5,5,5,3,4,5,5,5,0,20.0,1
Male,Loyal Customer,10,Business travel,Business,3692,1,3,3,3,1,1,1,1,2,4,4,4,3,1,9,30.0,0
Female,Loyal Customer,64,Personal Travel,Eco Plus,272,4,0,4,1,3,4,3,1,1,4,2,5,1,3,4,0.0,0
Female,Loyal Customer,49,Business travel,Business,224,4,4,2,4,4,4,2,5,5,5,5,5,5,4,2,4.0,1
Male,Loyal Customer,59,Business travel,Business,2586,1,3,3,3,1,1,1,1,1,4,3,1,4,1,83,116.0,0
Female,Loyal Customer,16,Personal Travel,Business,1123,3,5,3,5,3,3,3,3,3,5,5,3,5,3,0,8.0,1
Female,Loyal Customer,58,Business travel,Business,2299,1,1,1,1,4,4,4,4,4,4,4,4,4,5,0,0.0,1
Male,Loyal Customer,60,Personal Travel,Eco,868,3,5,3,2,4,3,1,4,5,5,3,4,2,4,0,0.0,1
Male,Loyal Customer,11,Personal Travel,Eco,1050,4,4,4,4,3,4,3,3,4,3,4,4,5,3,0,0.0,1
Male,Loyal Customer,48,Business travel,Business,1851,1,2,1,1,2,5,5,4,4,4,4,5,4,4,0,0.0,1
Male,disloyal Customer,23,Business travel,Eco,489,3,2,3,3,1,3,1,1,2,5,3,2,3,1,51,49.0,0
Male,Loyal Customer,43,Personal Travel,Eco,258,2,5,0,4,5,0,5,5,4,4,2,1,4,5,2,12.0,1
Male,disloyal Customer,22,Business travel,Eco,462,3,4,3,4,1,3,1,1,3,3,1,3,2,1,0,0.0,0
Male,Loyal Customer,57,Business travel,Business,3621,4,4,4,4,3,5,5,4,4,4,4,3,4,4,0,0.0,1
Female,Loyal Customer,45,Business travel,Business,980,2,2,2,2,4,5,5,4,4,4,4,4,4,4,0,0.0,1
Male,Loyal Customer,48,Personal Travel,Business,247,5,5,5,1,3,5,4,3,3,5,3,4,3,4,27,32.0,1
Female,Loyal Customer,33,Personal Travel,Eco,867,2,3,2,3,5,2,4,5,3,3,4,1,4,5,3,62.0,1
Female,Loyal Customer,45,Business travel,Business,1609,5,5,5,5,4,5,5,4,4,4,4,5,4,3,0,0.0,1
Male,Loyal Customer,38,Personal Travel,Eco,369,3,3,3,3,4,3,5,4,5,3,1,4,3,4,26,42.0,1
Female,disloyal Customer,33,Business travel,Business,2979,2,2,2,1,2,5,5,3,2,5,4,5,4,5,4,17.0,1
Male,Loyal Customer,40,Business travel,Business,3896,3,3,3,3,4,4,4,5,5,5,5,5,5,5,0,0.0,1
Female,Loyal Customer,44,Personal Travel,Eco,1411,0,5,0,2,3,5,5,2,2,0,2,2,2,5,0,0.0,0
Female,Loyal Customer,59,Business travel,Eco,680,5,5,5,5,5,1,1,5,5,5,5,1,5,5,8,24.0,1
Female,Loyal Customer,35,Personal Travel,Eco,134,3,0,3,4,4,3,4,4,4,5,5,3,4,4,58,59.0,1
Female,Loyal Customer,35,Business travel,Business,3428,4,2,2,2,4,3,3,4,4,4,4,2,4,3,0,0.0,1
Male,Loyal Customer,46,Personal Travel,Eco,404,4,3,4,4,3,4,5,3,1,2,1,2,4,3,37,10.0,0
Male,Loyal Customer,26,Business travel,Business,1372,1,1,1,1,5,5,5,5,5,5,5,4,5,5,55,76.0,1
Male,disloyal Customer,24,Business travel,Eco,1009,5,5,5,2,5,5,2,5,3,2,5,3,4,5,4,0.0,1
Male,Loyal Customer,38,Business travel,Business,2969,2,2,2,2,4,5,4,4,4,4,4,5,4,4,0,0.0,1
Female,Loyal Customer,32,Business travel,Business,2677,3,3,3,3,3,3,3,3,4,4,5,4,4,3,0,0.0,1
Male,Loyal Customer,45,Business travel,Business,3423,4,1,1,1,2,3,4,4,4,4,4,3,4,1,0,0.0,1
Male,Loyal Customer,59,Personal Travel,Eco,2176,3,1,3,3,2,3,2,2,2,2,4,2,4,2,0,0.0,0
Male,Loyal Customer,50,Personal Travel,Eco,594,3,3,3,4,3,3,1,3,2,3,4,4,3,3,0,22.0,0
Female,Loyal Customer,9,Personal Travel,Eco,925,3,4,3,1,3,3,3,3,3,5,5,4,5,3,0,10.0,1
Male,Loyal Customer,43,Business travel,Eco,2404,5,5,5,5,4,5,4,4,2,2,5,3,4,4,0,0.0,1
Male,Loyal Customer,49,Business travel,Business,813,4,4,4,4,5,5,4,5,5,5,5,5,5,5,5,0.0,1
Male,Loyal Customer,51,Business travel,Business,1407,3,3,3,3,3,4,5,5,5,5,5,3,5,5,0,1.0,1
Male,Loyal Customer,60,Business travel,Business,3239,2,2,2,2,2,5,5,4,4,4,4,3,4,3,37,34.0,1
Male,disloyal Customer,22,Business travel,Eco,190,3,5,3,3,1,3,1,1,5,1,3,1,1,1,0,0.0,0
Female,Loyal Customer,40,Business travel,Eco,241,1,3,3,3,1,1,1,1,2,5,3,4,3,1,0,10.0,0
Male,Loyal Customer,39,Business travel,Eco Plus,216,4,5,5,5,4,4,4,4,3,2,1,4,3,4,0,2.0,1
Female,Loyal Customer,26,Personal Travel,Eco,1009,3,2,3,3,5,3,2,5,2,4,4,3,3,5,0,0.0,1
Male,Loyal Customer,61,Personal Travel,Eco,2288,1,2,1,3,1,1,1,1,1,3,3,2,3,1,0,0.0,0
Male,Loyal Customer,72,Business travel,Eco,209,2,5,5,5,2,2,2,2,2,5,3,2,3,2,0,0.0,0
Male,Loyal Customer,44,Business travel,Business,605,1,0,0,3,2,3,3,3,3,0,2,3,3,3,0,7.0,0
Male,Loyal Customer,21,Personal Travel,Eco,628,4,5,4,3,4,4,5,4,3,3,4,4,4,4,0,0.0,1
Female,Loyal Customer,14,Personal Travel,Eco,295,2,4,2,3,2,2,1,2,5,3,4,3,5,2,0,1.0,0
Female,Loyal Customer,45,Business travel,Business,201,2,2,2,2,3,5,4,5,5,5,5,4,5,3,0,3.0,1
Female,Loyal Customer,7,Personal Travel,Eco,447,3,4,3,2,4,3,4,4,3,5,4,3,5,4,77,88.0,1
Female,Loyal Customer,20,Personal Travel,Eco,187,4,4,4,2,1,4,1,1,4,3,5,3,4,1,0,0.0,0
Female,Loyal Customer,59,Business travel,Business,2291,2,2,2,2,3,4,4,5,5,5,5,5,5,4,12,8.0,1
Female,Loyal Customer,58,Business travel,Eco,588,4,1,1,1,1,4,2,5,5,4,5,4,5,1,0,0.0,1
Male,Loyal Customer,46,Business travel,Business,2104,2,2,2,2,2,4,4,5,5,5,5,3,5,5,0,0.0,1
Male,Loyal Customer,55,Business travel,Business,2357,2,2,2,2,2,5,4,4,4,4,4,4,4,5,7,0.0,1
Male,Loyal Customer,54,Business travel,Business,2494,0,0,0,5,4,4,4,5,5,5,5,4,5,5,1,0.0,1
Female,Loyal Customer,48,Business travel,Business,1908,4,4,4,4,5,5,4,3,3,3,3,3,3,3,0,0.0,1
Male,disloyal Customer,26,Business travel,Business,1797,2,2,2,3,2,2,1,2,3,5,4,5,5,2,0,0.0,0
Female,Loyal Customer,49,Business travel,Business,2809,4,2,2,2,2,4,4,4,4,3,4,1,4,1,0,0.0,1
Female,Loyal Customer,11,Personal Travel,Eco,353,2,5,2,2,4,2,2,4,5,4,3,4,2,4,20,88.0,0
Male,Loyal Customer,40,Business travel,Eco,164,2,5,5,5,2,2,2,2,2,1,3,1,4,2,98,111.0,0
Female,disloyal Customer,22,Business travel,Eco,967,2,2,2,4,5,2,5,5,2,3,3,2,3,5,12,15.0,1
Female,Loyal Customer,15,Personal Travel,Eco,611,3,4,3,1,1,3,1,1,5,4,5,3,5,1,14,5.0,0
Female,Loyal Customer,51,Business travel,Business,2368,3,5,3,3,4,5,3,5,5,5,5,2,5,1,0,0.0,1
Female,disloyal Customer,20,Business travel,Eco,472,1,4,1,3,5,1,3,5,5,4,5,5,5,5,52,67.0,1
Male,Loyal Customer,34,Business travel,Business,1440,3,3,3,3,4,4,4,5,5,4,4,4,5,4,147,157.0,1
Male,Loyal Customer,9,Business travel,Business,2681,2,3,4,4,2,3,2,2,3,5,3,3,4,2,0,0.0,0
Male,disloyal Customer,24,Business travel,Business,101,0,0,0,1,5,0,4,5,3,2,5,4,4,5,0,0.0,1
Female,Loyal Customer,33,Business travel,Business,2707,4,5,5,5,2,3,4,4,4,4,4,2,4,4,3,6.0,1
Female,Loyal Customer,42,Business travel,Business,1912,2,2,2,2,3,5,5,3,3,4,3,4,3,4,34,20.0,1
Male,Loyal Customer,40,Business travel,Business,440,1,1,1,1,3,4,5,5,5,5,5,4,5,3,0,0.0,1
Male,Loyal Customer,31,Business travel,Business,3021,4,2,2,2,4,4,4,4,3,2,4,4,3,4,46,48.0,1
Female,disloyal Customer,22,Business travel,Business,1033,5,4,5,2,4,5,4,4,4,3,5,3,5,4,0,0.0,1
Female,Loyal Customer,51,Personal Travel,Eco,2106,4,5,4,1,3,5,1,2,2,4,2,4,2,4,0,0.0,0
Male,Loyal Customer,32,Personal Travel,Eco,337,2,5,2,3,5,2,5,5,5,4,5,4,5,5,6,0.0,1
Male,Loyal Customer,48,Business travel,Business,90,3,3,3,3,3,5,5,5,5,5,4,4,5,5,0,4.0,1
Male,Loyal Customer,30,Business travel,Business,2182,5,5,2,5,5,5,5,5,5,5,4,1,2,5,47,88.0,1
Male,Loyal Customer,47,Business travel,Business,1119,1,1,2,1,5,5,4,4,4,4,4,4,4,5,0,6.0,1
Female,Loyal Customer,43,Business travel,Eco Plus,746,3,5,5,5,3,3,3,3,5,3,4,3,2,3,191,239.0,0
Male,Loyal Customer,32,Personal Travel,Eco Plus,799,2,5,2,1,2,2,2,2,2,1,1,1,5,2,27,16.0,0
Male,Loyal Customer,29,Business travel,Eco,2586,4,2,5,2,4,4,4,4,4,5,2,4,3,4,0,0.0,1
Female,Loyal Customer,45,Business travel,Business,2153,4,4,4,4,5,4,5,5,5,5,5,3,5,5,0,0.0,1
Male,Loyal Customer,46,Business travel,Business,2766,5,5,4,5,2,4,5,4,4,4,4,5,4,5,0,11.0,1
Male,disloyal Customer,20,Business travel,Eco,247,1,0,2,2,2,2,2,2,3,4,5,3,5,2,0,4.0,0
Male,Loyal Customer,48,Personal Travel,Eco,1013,3,5,3,4,2,3,4,2,2,2,3,2,5,2,0,0.0,0
Female,Loyal Customer,40,Business travel,Eco,102,5,1,1,1,5,5,5,5,1,4,4,3,1,5,4,5.0,1
Female,Loyal Customer,31,Personal Travel,Eco,937,1,4,1,3,1,5,5,3,3,5,4,5,4,5,161,168.0,1
Female,Loyal Customer,55,Personal Travel,Eco,599,2,2,2,4,3,3,4,1,1,2,1,2,1,4,0,0.0,0
Male,Loyal Customer,51,Business travel,Business,1643,1,4,4,4,5,4,3,1,1,1,1,3,1,1,0,0.0,0
Female,Loyal Customer,38,Personal Travel,Eco,1874,2,5,2,5,3,2,3,3,4,5,2,5,1,3,0,3.0,0
Female,Loyal Customer,37,Business travel,Business,1778,5,5,5,5,4,4,4,5,5,5,5,4,5,3,3,0.0,1
Female,Loyal Customer,59,Business travel,Business,3959,3,3,5,3,5,4,4,2,2,2,2,4,2,4,5,49.0,1
Male,Loyal Customer,42,Business travel,Business,3434,4,4,4,4,4,4,4,5,5,5,5,4,5,5,4,0.0,1
Male,Loyal Customer,57,Personal Travel,Eco,347,1,5,1,1,2,1,2,2,2,2,1,2,4,2,0,0.0,0
Female,Loyal Customer,64,Personal Travel,Business,546,4,3,1,3,5,4,4,3,3,1,3,1,3,3,0,0.0,0
Female,Loyal Customer,24,Business travel,Business,3986,4,5,5,5,4,4,4,4,3,1,3,3,4,4,33,26.0,1
Male,Loyal Customer,26,Personal Travel,Eco,1023,3,1,3,3,2,3,2,2,2,4,4,3,4,2,18,7.0,0
Male,Loyal Customer,58,Business travel,Business,1622,5,5,5,5,4,4,4,4,4,4,4,5,4,5,29,34.0,1
Female,Loyal Customer,58,Business travel,Business,1797,1,1,1,1,5,4,3,1,1,1,1,1,1,1,0,1.0,0
Male,disloyal Customer,26,Business travel,Eco,578,3,3,2,3,2,1,1,1,4,2,1,1,5,1,131,121.0,0
Female,Loyal Customer,58,Business travel,Business,2399,2,5,2,2,3,5,4,5,5,5,5,5,5,5,2,0.0,1
Female,Loyal Customer,39,Business travel,Eco,224,5,5,5,5,5,5,5,5,4,4,3,3,4,5,0,0.0,1
Female,Loyal Customer,40,Business travel,Business,2192,2,2,2,2,2,3,2,2,2,2,2,1,2,1,0,0.0,0
Female,Loyal Customer,10,Business travel,Business,3963,1,1,1,1,1,1,1,1,4,1,2,4,2,1,5,0.0,0
Male,Loyal Customer,38,Personal Travel,Eco,1185,2,2,2,4,2,2,2,2,1,1,3,3,4,2,0,23.0,0
Male,Loyal Customer,53,Business travel,Business,458,2,3,3,3,5,3,4,2,2,2,2,1,2,1,0,0.0,0
Male,Loyal Customer,26,Personal Travel,Eco,925,3,5,3,2,4,3,4,4,4,2,4,4,4,4,0,0.0,1
Male,Loyal Customer,7,Personal Travel,Eco,488,1,4,1,5,2,1,2,2,3,3,5,4,4,2,0,0.0,0
Female,disloyal Customer,33,Business travel,Eco,436,4,1,3,4,5,3,5,5,2,4,4,1,4,5,61,60.0,1
Female,Loyal Customer,21,Business travel,Business,692,1,5,5,5,1,1,1,1,4,1,3,3,4,1,111,102.0,0
Male,Loyal Customer,49,Business travel,Business,1699,5,5,5,5,3,5,4,4,4,4,4,5,4,3,0,0.0,1
Female,Loyal Customer,39,Business travel,Business,1481,2,2,2,2,4,5,4,3,3,3,3,4,3,4,7,7.0,1
Male,Loyal Customer,34,Personal Travel,Eco,1671,3,5,3,4,3,3,3,3,4,1,3,5,5,3,22,14.0,0
Female,Loyal Customer,60,Business travel,Business,3752,1,1,1,1,5,5,4,4,4,4,4,4,4,5,18,24.0,1
Female,disloyal Customer,23,Business travel,Business,1310,4,0,4,4,1,4,1,1,3,5,4,3,4,1,0,0.0,0
Female,Loyal Customer,8,Personal Travel,Eco,472,4,5,4,3,1,4,1,1,3,2,5,3,4,1,55,50.0,0
Female,Loyal Customer,24,Personal Travel,Eco,604,3,4,2,4,2,2,2,2,5,3,5,3,4,2,0,0.0,0
Male,Loyal Customer,64,Personal Travel,Eco,2409,4,3,5,4,5,5,5,5,1,3,1,5,4,5,0,0.0,1
Male,Loyal Customer,68,Personal Travel,Business,989,4,4,4,4,3,5,4,4,4,4,4,5,4,5,24,24.0,1
Female,Loyal Customer,72,Business travel,Business,1853,1,2,2,2,1,3,3,1,1,1,1,3,1,1,10,24.0,0
Female,Loyal Customer,53,Business travel,Business,2396,5,5,5,5,2,5,5,4,4,4,4,5,4,3,13,23.0,1
Female,disloyal Customer,24,Business travel,Eco,316,3,1,3,4,3,3,3,3,3,2,3,2,4,3,0,0.0,0
Male,Loyal Customer,18,Personal Travel,Eco,1262,1,5,0,2,3,0,3,3,4,4,3,4,5,3,0,0.0,0
Male,disloyal Customer,38,Business travel,Business,452,3,4,4,1,4,4,4,4,5,3,4,5,4,4,3,11.0,1
Male,Loyal Customer,36,Business travel,Eco,241,2,3,3,3,2,2,2,2,5,3,5,2,4,2,0,3.0,0
Male,disloyal Customer,48,Business travel,Business,247,1,1,1,2,4,1,4,4,5,5,4,3,4,4,0,0.0,1
Male,Loyal Customer,45,Business travel,Business,2989,3,3,3,3,4,4,4,3,3,2,3,2,3,3,0,0.0,1
Male,Loyal Customer,49,Business travel,Business,2580,5,5,5,5,5,5,4,3,3,4,3,5,3,4,0,0.0,1
Male,Loyal Customer,25,Business travel,Business,781,4,1,4,4,4,4,4,4,3,2,3,1,4,4,6,9.0,1
Male,Loyal Customer,45,Business travel,Business,1865,5,5,5,5,3,3,5,4,4,5,4,5,4,5,14,11.0,1
Male,Loyal Customer,41,Personal Travel,Eco,861,3,5,3,4,3,3,3,3,4,5,5,5,4,3,0,1.0,1
Male,disloyal Customer,22,Business travel,Business,395,5,3,5,3,5,5,5,5,5,2,4,4,4,5,8,0.0,1
Female,Loyal Customer,18,Personal Travel,Eco,802,2,5,2,5,2,2,2,2,2,1,2,5,5,2,15,5.0,0
Male,disloyal Customer,21,Business travel,Eco,491,1,0,1,3,4,1,4,4,3,5,4,3,3,4,0,0.0,0
Male,Loyal Customer,31,Business travel,Business,2847,4,4,4,4,5,5,5,5,3,4,5,5,4,5,0,0.0,1
Female,disloyal Customer,21,Business travel,Eco,1846,2,2,2,4,5,2,2,5,4,2,3,3,4,5,0,0.0,1
Female,Loyal Customer,39,Personal Travel,Eco,1454,1,4,1,2,4,1,4,4,5,3,5,5,4,4,0,0.0,1
Male,Loyal Customer,45,Personal Travel,Eco Plus,1199,3,4,3,4,1,3,1,1,4,4,3,2,3,1,3,22.0,0
Female,disloyal Customer,30,Business travel,Eco Plus,432,2,2,2,3,3,2,3,3,4,4,5,4,4,3,2,0.0,0
Male,Loyal Customer,53,Business travel,Business,957,1,3,3,3,5,4,3,1,1,1,1,1,1,2,76,70.0,0
Male,Loyal Customer,56,Business travel,Eco,1452,2,5,5,5,2,2,2,2,1,1,3,3,3,2,0,0.0,0
Female,disloyal Customer,35,Business travel,Business,1751,4,3,3,4,2,3,2,2,3,2,3,4,4,2,10,0.0,0
Male,Loyal Customer,45,Business travel,Business,3173,4,4,4,4,2,5,4,3,3,4,5,4,3,5,35,76.0,1
Female,Loyal Customer,48,Personal Travel,Eco,571,3,5,3,2,2,5,5,4,4,3,4,3,4,3,0,0.0,1
Male,disloyal Customer,23,Business travel,Eco,802,3,3,3,2,3,3,3,3,5,5,5,5,5,3,0,0.0,1
Female,Loyal Customer,39,Business travel,Eco Plus,189,4,5,5,5,4,4,4,4,2,2,2,4,3,4,58,60.0,1
Female,Loyal Customer,59,Personal Travel,Eco Plus,404,3,1,3,3,2,3,4,5,5,3,5,3,5,3,0,0.0,1
Male,Loyal Customer,40,Business travel,Business,3025,4,4,4,4,2,2,1,4,4,4,4,3,4,2,0,0.0,0
Male,Loyal Customer,52,Business travel,Business,1595,0,0,0,4,3,5,1,5,5,5,5,5,5,5,0,0.0,1
Male,Loyal Customer,64,Personal Travel,Eco,1488,3,2,3,1,2,3,2,2,2,5,1,1,2,2,0,5.0,0
Male,Loyal Customer,29,Business travel,Business,1440,5,2,5,5,5,4,5,5,3,2,4,5,4,5,0,0.0,1
Male,disloyal Customer,26,Business travel,Business,1389,4,4,4,1,4,4,4,4,5,2,5,3,4,4,13,0.0,1
Male,Loyal Customer,59,Personal Travel,Eco,1197,3,2,3,4,4,3,2,4,2,5,2,4,4,4,8,1.0,1
Female,disloyal Customer,22,Business travel,Eco,802,2,2,2,3,3,2,3,3,1,3,4,1,3,3,0,0.0,0
Male,Loyal Customer,49,Business travel,Business,3615,3,3,3,3,4,4,5,4,4,5,4,5,4,3,2,0.0,1
Male,Loyal Customer,8,Business travel,Business,1464,2,2,2,2,2,3,2,2,1,5,3,1,4,2,0,0.0,0
Male,Loyal Customer,48,Business travel,Business,2818,5,5,2,5,1,4,5,4,4,4,4,4,4,3,0,0.0,1
Male,Loyal Customer,40,Business travel,Eco,241,2,4,2,2,2,2,2,2,2,4,3,2,3,2,0,4.0,0
Male,Loyal Customer,47,Personal Travel,Eco,1192,1,2,1,3,4,1,4,4,4,1,2,4,4,4,0,0.0,0
Male,Loyal Customer,51,Business travel,Business,1701,2,2,2,2,5,5,4,5,5,5,5,3,5,5,2,0.0,1
Male,Loyal Customer,22,Business travel,Business,1346,3,3,3,3,4,4,4,4,4,2,4,4,5,4,2,0.0,1
Male,disloyal Customer,21,Business travel,Eco,620,4,1,4,4,5,4,5,5,4,3,3,2,4,5,8,23.0,1
Female,Loyal Customer,25,Business travel,Business,600,5,5,5,5,5,5,5,3,2,4,5,5,5,5,174,179.0,1
Female,Loyal Customer,52,Business travel,Business,1662,1,1,1,1,4,4,5,5,5,5,5,3,5,4,0,0.0,1
Female,Loyal Customer,51,Personal Travel,Eco,2519,3,2,3,3,5,3,2,1,1,3,1,1,1,3,5,2.0,0
Female,Loyal Customer,49,Business travel,Business,2905,5,5,5,5,5,4,4,2,2,2,2,3,2,5,4,24.0,1
Male,Loyal Customer,31,Personal Travel,Eco,259,2,5,2,5,3,2,3,3,5,5,4,3,5,3,0,0.0,1
Male,Loyal Customer,34,Business travel,Business,2586,1,5,3,5,4,1,1,1,1,1,1,2,1,1,0,0.0,0
Male,Loyal Customer,64,Personal Travel,Eco,290,3,5,3,4,4,3,4,4,4,2,5,3,5,4,0,0.0,1
Female,Loyal Customer,61,Business travel,Eco,216,5,2,2,2,2,1,2,5,5,5,5,2,5,1,0,0.0,1
Female,Loyal Customer,56,Business travel,Business,3904,3,2,2,2,3,3,3,3,3,3,3,3,3,3,30,29.0,0
Male,Loyal Customer,39,Business travel,Eco Plus,227,3,1,1,1,3,2,3,3,2,1,3,3,4,3,0,0.0,0
Female,disloyal Customer,29,Business travel,Business,2296,1,1,1,4,4,1,4,4,4,4,3,3,4,4,0,0.0,1
Female,Loyal Customer,44,Personal Travel,Eco,794,3,2,3,2,5,2,2,3,3,3,3,2,3,4,0,0.0,0
Male,Loyal Customer,40,Business travel,Business,2356,0,4,0,4,5,4,5,4,4,4,4,5,4,4,4,0.0,1
Female,Loyal Customer,34,Business travel,Business,612,2,2,2,2,1,2,1,4,4,4,4,1,4,5,0,0.0,0
Male,Loyal Customer,60,Business travel,Business,677,1,1,1,1,4,4,4,4,3,4,4,4,4,4,174,172.0,1
Female,Loyal Customer,51,Business travel,Business,3629,2,2,2,2,3,5,4,5,5,5,5,3,5,3,0,40.0,1
Male,Loyal Customer,51,Business travel,Business,3993,3,3,3,3,3,4,5,4,4,4,4,3,4,5,24,11.0,1
Male,Loyal Customer,42,Business travel,Eco,803,5,5,5,5,5,5,5,5,2,5,5,3,3,5,0,0.0,1
Female,Loyal Customer,56,Business travel,Eco,1010,4,4,4,4,1,4,4,4,4,4,4,2,4,2,0,7.0,1
Male,Loyal Customer,48,Personal Travel,Eco,214,3,0,3,2,5,3,5,5,3,2,4,3,4,5,106,96.0,1
Male,Loyal Customer,39,Business travel,Business,822,5,5,5,5,5,4,4,4,4,4,4,5,4,3,0,0.0,1
Male,Loyal Customer,39,Business travel,Business,1784,2,2,2,2,2,4,5,4,4,4,4,3,4,3,0,0.0,1
Male,Loyal Customer,47,Business travel,Business,899,5,5,5,5,2,5,5,5,5,4,5,4,5,3,0,0.0,1
Female,Loyal Customer,45,Business travel,Business,2243,1,1,1,1,3,3,1,5,5,5,5,3,5,4,0,0.0,1
Male,Loyal Customer,54,Business travel,Business,386,2,2,2,2,3,5,4,2,2,2,2,5,2,4,24,22.0,0
Female,Loyal Customer,44,Business travel,Business,3268,1,1,1,1,5,4,4,4,4,4,4,3,4,5,2,0.0,1
Female,disloyal Customer,32,Business travel,Eco,357,1,0,1,3,5,1,5,5,1,4,1,3,2,5,0,0.0,0
Female,Loyal Customer,52,Business travel,Eco Plus,429,2,2,2,2,4,2,5,2,2,2,2,1,2,3,0,2.0,0
Female,disloyal Customer,24,Business travel,Eco,125,3,3,3,4,1,3,4,1,2,4,3,2,3,1,6,12.0,0
Female,Loyal Customer,26,Personal Travel,Eco,1074,3,5,3,2,1,3,1,1,4,5,5,3,5,1,0,0.0,0
Male,Loyal Customer,23,Personal Travel,Eco,297,2,5,2,4,5,2,5,5,5,5,5,4,5,5,31,19.0,1
Female,Loyal Customer,12,Personal Travel,Eco Plus,1670,2,3,2,1,5,2,5,5,5,2,5,1,4,5,0,0.0,1
Male,Loyal Customer,33,Business travel,Business,2465,4,4,4,4,2,2,2,2,5,4,5,3,5,2,0,0.0,0
Female,Loyal Customer,19,Personal Travel,Eco,404,3,3,3,3,3,3,3,3,1,2,4,1,3,3,0,1.0,0
Male,Loyal Customer,26,Personal Travel,Eco,319,2,4,2,1,4,2,4,4,3,2,5,2,3,4,0,24.0,0
Female,Loyal Customer,29,Business travel,Business,1431,5,5,5,5,3,4,3,3,3,3,5,5,4,3,110,93.0,1
Female,disloyal Customer,24,Business travel,Eco,348,3,1,3,3,3,3,3,3,3,5,3,1,3,3,11,27.0,0
Female,Loyal Customer,58,Personal Travel,Eco,977,3,4,3,3,3,5,5,2,2,3,3,3,2,4,4,13.0,0
Female,disloyal Customer,38,Business travel,Eco,637,3,3,2,1,1,2,1,1,3,1,2,3,4,1,17,21.0,0
Female,Loyal Customer,43,Personal Travel,Eco,819,1,3,1,3,2,4,3,1,1,1,1,4,1,3,0,0.0,0
Male,Loyal Customer,44,Personal Travel,Eco,327,3,3,3,4,4,3,4,4,3,3,4,3,4,4,15,6.0,1
Female,Loyal Customer,33,Personal Travel,Eco,190,3,5,3,1,2,3,2,2,3,5,4,4,4,2,0,0.0,0
Male,Loyal Customer,49,Business travel,Business,1726,5,5,5,5,4,3,4,5,5,5,5,5,5,5,0,0.0,1
Male,Loyal Customer,63,Business travel,Eco,2565,2,3,3,3,2,2,2,2,4,2,3,1,3,2,0,0.0,0
Male,Loyal Customer,39,Personal Travel,Eco,814,1,0,1,3,1,1,2,1,4,5,5,5,5,1,0,0.0,0
Female,Loyal Customer,42,Business travel,Eco,143,4,4,4,4,3,5,1,4,4,4,4,1,4,2,39,57.0,0
Male,Loyal Customer,50,Personal Travel,Eco,1041,3,4,3,1,4,3,3,4,4,5,5,3,4,4,30,25.0,1
Male,Loyal Customer,27,Business travel,Business,2866,4,1,4,4,4,4,4,4,4,3,5,5,4,4,9,0.0,1
Male,Loyal Customer,41,Business travel,Eco,156,2,5,5,5,2,2,2,2,4,1,4,5,2,2,36,28.0,0
Female,Loyal Customer,34,Business travel,Business,1511,2,2,2,2,1,5,3,4,4,4,4,3,4,3,1,64.0,1
Male,Loyal Customer,53,Business travel,Eco,1262,2,4,4,4,2,2,2,2,1,3,3,3,3,2,0,0.0,0
Male,disloyal Customer,61,Business travel,Business,338,4,4,4,5,5,4,5,5,5,5,4,5,4,5,0,0.0,1
Male,Loyal Customer,25,Personal Travel,Eco,641,4,1,4,3,5,4,5,5,2,4,4,2,3,5,0,0.0,1
Male,Loyal Customer,51,Business travel,Eco,436,1,3,3,3,1,1,1,1,4,5,3,2,4,1,0,11.0,0
Female,Loyal Customer,49,Business travel,Business,1654,5,5,5,5,4,4,5,5,5,5,5,3,5,5,0,0.0,1
Male,Loyal Customer,9,Personal Travel,Eco,758,2,5,2,1,4,2,4,4,3,2,4,3,3,4,0,1.0,0
Female,Loyal Customer,53,Business travel,Eco,258,4,3,3,3,2,5,2,4,4,4,4,1,4,4,12,3.0,1
Female,Loyal Customer,31,Business travel,Eco Plus,436,3,1,1,1,3,3,3,3,3,5,3,3,4,3,54,44.0,0
Male,Loyal Customer,34,Business travel,Business,2369,1,1,1,1,5,5,5,4,4,4,4,3,4,3,0,0.0,1
Female,Loyal Customer,49,Personal Travel,Eco,780,2,5,2,4,4,5,4,2,2,2,2,4,2,5,0,4.0,0
Female,Loyal Customer,26,Personal Travel,Eco,140,1,0,1,1,1,1,1,1,4,3,5,5,4,1,0,0.0,0
Female,disloyal Customer,80,Business travel,Eco,185,1,1,1,3,2,1,2,2,3,5,3,4,3,2,16,12.0,0
Male,disloyal Customer,23,Business travel,Eco,343,1,2,1,4,5,1,3,5,4,1,3,1,4,5,11,10.0,0
Male,disloyal Customer,22,Business travel,Eco,2342,3,3,3,3,3,3,3,3,3,2,2,4,3,3,17,6.0,0
Female,Loyal Customer,55,Business travel,Business,1965,0,4,0,5,3,4,4,3,3,3,3,5,3,5,54,55.0,1
Female,Loyal Customer,49,Personal Travel,Eco,1337,1,5,2,3,3,5,4,4,4,2,1,5,4,5,0,15.0,1
Male,Loyal Customer,9,Personal Travel,Eco Plus,195,3,3,3,4,4,3,4,4,3,5,4,4,4,4,0,0.0,1
Male,Loyal Customer,28,Personal Travel,Eco,356,3,4,5,4,2,5,2,2,2,5,4,1,4,2,42,32.0,0
Female,Loyal Customer,54,Business travel,Business,2248,2,3,3,3,3,2,3,2,2,2,2,1,2,3,0,0.0,0
Male,Loyal Customer,33,Business travel,Business,395,1,1,2,1,3,4,3,3,1,5,5,5,1,3,5,0.0,0
Female,Loyal Customer,11,Personal Travel,Eco,101,3,5,3,2,2,3,2,2,5,3,1,3,4,2,0,0.0,0
Female,Loyal Customer,12,Business travel,Business,2036,3,3,3,3,4,4,4,4,5,4,2,3,2,4,0,1.0,1
Male,Loyal Customer,34,Business travel,Business,985,1,3,3,3,4,3,3,1,1,2,1,2,1,2,1,14.0,0
Male,Loyal Customer,30,Personal Travel,Eco,948,1,3,1,4,4,1,4,4,2,1,4,2,4,4,9,16.0,0
Male,Loyal Customer,56,Business travel,Business,2418,1,1,1,1,2,5,4,4,4,4,4,3,4,5,14,5.0,1
Female,Loyal Customer,25,Business travel,Business,1069,3,3,3,3,4,5,4,4,5,5,5,4,1,4,0,0.0,1
Female,disloyal Customer,25,Business travel,Eco,909,3,3,3,4,5,3,2,5,3,1,3,4,3,5,22,20.0,1
Female,Loyal Customer,8,Personal Travel,Eco,767,4,5,4,2,1,4,1,1,3,5,4,4,5,1,0,0.0,0
Female,disloyal Customer,21,Business travel,Eco,840,1,1,1,5,5,1,5,5,4,2,4,4,5,5,0,0.0,1
Female,Loyal Customer,52,Business travel,Business,1605,2,2,2,2,4,4,4,5,5,5,5,5,5,3,0,0.0,1
Male,Loyal Customer,39,Business travel,Business,1832,2,4,4,4,5,3,4,2,2,1,2,1,2,4,0,0.0,0
Female,Loyal Customer,36,Personal Travel,Business,551,2,4,2,3,5,5,1,5,5,2,5,2,5,1,0,0.0,1
Female,Loyal Customer,49,Business travel,Business,1797,2,2,2,2,4,5,4,5,5,5,5,4,5,5,11,0.0,1
Female,disloyal Customer,39,Business travel,Business,404,5,5,5,1,1,5,4,1,4,3,5,3,2,1,0,1.0,0
Male,disloyal Customer,48,Business travel,Eco,1050,2,1,1,4,1,1,1,1,2,4,1,3,2,1,0,6.0,0
Male,Loyal Customer,34,Personal Travel,Eco,187,1,5,1,3,4,1,2,4,4,3,5,3,4,4,0,0.0,0
Male,Loyal Customer,57,Business travel,Eco,374,2,2,2,2,2,2,2,2,3,1,2,1,2,2,6,14.0,0
Female,Loyal Customer,47,Business travel,Business,121,5,5,5,5,2,4,4,4,4,5,4,5,4,5,0,2.0,1
Female,Loyal Customer,14,Business travel,Business,2835,2,4,4,4,2,2,2,2,3,5,3,1,3,2,0,0.0,0
Female,Loyal Customer,20,Personal Travel,Eco,677,1,3,1,3,2,1,2,2,3,1,4,4,4,2,20,17.0,0
Male,Loyal Customer,13,Personal Travel,Eco,677,3,5,3,1,5,3,5,5,1,1,3,5,1,5,0,0.0,1
Female,Loyal Customer,15,Business travel,Business,200,2,3,3,3,1,2,2,1,1,5,3,2,4,1,0,0.0,0
Female,Loyal Customer,47,Business travel,Business,1725,5,5,5,5,3,5,4,4,4,4,4,3,4,4,10,4.0,1
Male,Loyal Customer,44,Business travel,Eco,315,4,5,3,5,4,4,4,4,2,1,2,1,2,4,1,0.0,0
Male,Loyal Customer,52,Business travel,Business,3641,2,2,2,2,5,1,3,4,4,4,4,5,4,1,0,0.0,1
Male,Loyal Customer,47,Business travel,Eco,651,2,2,2,2,2,2,2,2,2,1,2,2,2,2,0,5.0,0
Female,Loyal Customer,29,Personal Travel,Eco,2329,4,4,4,4,3,4,3,3,5,2,5,3,5,3,1,0.0,1
Female,Loyal Customer,58,Business travel,Business,3407,0,4,1,1,4,5,5,4,4,4,4,4,4,4,0,0.0,1
Male,disloyal Customer,35,Business travel,Business,937,3,3,3,1,1,3,1,1,5,3,5,3,5,1,1,22.0,0
Female,Loyal Customer,16,Personal Travel,Eco,532,3,5,3,4,2,3,2,2,3,5,4,5,5,2,0,0.0,0
Male,disloyal Customer,21,Business travel,Eco,966,4,4,4,3,2,4,2,2,5,3,5,4,4,2,0,4.0,0
Male,disloyal Customer,33,Business travel,Eco,550,3,2,3,3,3,3,3,3,4,1,4,2,3,3,0,0.0,0
Male,Loyal Customer,43,Business travel,Business,308,3,3,3,3,5,5,4,4,4,4,4,3,4,3,0,0.0,1
Male,Loyal Customer,28,Business travel,Business,806,2,1,2,2,5,5,5,5,4,5,4,3,4,5,0,0.0,1
Male,Loyal Customer,53,Business travel,Business,541,2,2,2,2,1,3,4,2,2,2,2,1,2,3,18,11.0,0
Female,Loyal Customer,52,Business travel,Business,2338,1,1,1,1,4,4,4,1,1,1,1,3,1,2,30,26.0,0
Female,Loyal Customer,43,Personal Travel,Eco,301,3,4,3,3,5,4,5,4,4,3,2,4,4,5,0,0.0,1
Female,Loyal Customer,62,Personal Travel,Eco,1235,2,4,2,3,5,3,4,4,4,2,4,2,4,3,26,4.0,1
Male,Loyal Customer,31,Business travel,Business,1334,1,1,1,1,5,5,5,5,5,4,4,4,4,5,0,0.0,1
Male,Loyal Customer,63,Personal Travel,Eco,2075,3,5,3,1,1,3,1,1,3,2,5,2,4,1,0,0.0,0
Male,Loyal Customer,54,Business travel,Business,2144,4,4,4,4,4,4,5,5,5,5,4,5,5,5,0,0.0,1
Male,Loyal Customer,11,Personal Travel,Eco,515,2,4,2,5,1,2,1,1,4,3,4,3,4,1,9,14.0,0
Female,Loyal Customer,9,Personal Travel,Eco,2288,3,2,4,3,3,4,1,3,1,5,4,3,3,3,28,17.0,0
Male,Loyal Customer,41,Business travel,Business,1242,3,5,4,5,4,4,3,3,3,3,3,1,3,4,0,0.0,1
Male,disloyal Customer,37,Business travel,Business,391,3,4,4,2,3,4,3,3,4,5,4,5,4,3,8,0.0,1
Male,Loyal Customer,37,Business travel,Eco Plus,259,4,4,4,4,4,4,4,4,2,4,3,2,4,4,24,26.0,1
Male,Loyal Customer,58,Personal Travel,Eco,895,1,4,2,5,5,2,5,5,3,4,5,3,5,5,0,0.0,1
Female,Loyal Customer,36,Business travel,Eco,1044,3,4,4,4,3,3,3,3,1,4,3,2,3,3,18,8.0,0
Female,Loyal Customer,43,Business travel,Business,2033,0,0,0,1,4,5,5,3,3,3,3,5,3,4,0,0.0,1
Female,Loyal Customer,48,Business travel,Business,1936,3,3,3,3,4,5,4,2,2,2,2,3,2,4,0,4.0,0
Male,Loyal Customer,45,Business travel,Eco,859,1,2,3,2,1,1,1,1,4,5,4,4,4,1,29,25.0,0
Female,Loyal Customer,60,Business travel,Business,1555,5,5,5,5,5,5,5,3,2,5,5,5,3,5,223,212.0,1
Male,Loyal Customer,35,Business travel,Business,483,1,1,1,1,4,2,2,3,3,3,3,4,3,1,37,45.0,0
Male,Loyal Customer,37,Personal Travel,Eco Plus,1454,2,5,2,4,4,2,4,4,5,3,3,5,5,4,0,1.0,1
Female,disloyal Customer,34,Business travel,Eco,1009,3,3,3,5,2,3,2,2,5,5,2,5,4,2,0,0.0,0
Male,Loyal Customer,49,Business travel,Business,3513,3,3,3,3,5,4,5,5,5,5,5,4,5,5,0,0.0,1
Male,Loyal Customer,56,Personal Travel,Eco,184,3,5,3,4,3,3,3,3,5,4,1,2,2,3,0,0.0,0
Male,Loyal Customer,15,Personal Travel,Eco,594,2,1,2,1,5,2,3,5,3,1,1,1,1,5,0,0.0,0
Female,Loyal Customer,44,Business travel,Business,399,3,3,3,3,5,4,4,4,4,4,4,4,4,5,0,4.0,1
Female,disloyal Customer,24,Business travel,Business,423,5,0,5,5,4,5,1,4,4,3,5,5,4,4,0,0.0,1
Female,Loyal Customer,30,Personal Travel,Eco,475,1,4,1,1,3,1,1,3,4,2,3,4,2,3,1,0.0,0
Male,Loyal Customer,41,Business travel,Business,1440,2,2,2,2,5,5,4,5,5,5,5,3,5,3,3,0.0,1
Female,Loyal Customer,68,Business travel,Business,2710,2,2,2,2,5,4,3,5,5,5,5,3,5,2,3,15.0,1
Female,Loyal Customer,56,Personal Travel,Eco,1910,3,5,3,3,3,4,4,3,5,4,5,4,4,4,132,116.0,1
Male,Loyal Customer,32,Business travel,Business,3803,3,2,2,2,3,2,3,3,1,5,2,4,2,3,25,20.0,0
Female,disloyal Customer,38,Business travel,Eco,326,3,2,3,4,1,3,1,1,3,4,3,3,3,1,0,4.0,0
Female,Loyal Customer,41,Business travel,Business,3905,5,5,5,5,5,2,5,4,4,5,4,2,4,3,27,29.0,1
Female,Loyal Customer,54,Personal Travel,Eco,630,2,5,2,5,5,3,4,1,1,2,1,3,1,2,42,48.0,0
Male,disloyal Customer,39,Business travel,Eco,867,1,1,1,2,5,1,2,5,4,1,2,1,3,5,1,0.0,0
Male,Loyal Customer,27,Personal Travel,Eco Plus,965,2,4,2,1,4,2,4,4,4,3,5,5,4,4,4,0.0,1
Female,Loyal Customer,61,Personal Travel,Eco,628,2,4,2,4,2,4,3,1,1,2,1,4,1,1,20,6.0,0
Female,Loyal Customer,69,Personal Travel,Eco,502,3,3,4,3,3,3,2,2,2,4,2,2,2,2,0,0.0,0
Male,Loyal Customer,11,Personal Travel,Business,239,1,5,1,4,1,1,1,1,4,3,5,3,5,1,0,0.0,0
Female,Loyal Customer,64,Personal Travel,Eco,2565,3,3,3,3,4,3,5,5,5,3,5,5,5,3,0,0.0,1
Male,Loyal Customer,61,Business travel,Eco,295,2,1,1,1,2,2,2,2,1,2,4,2,3,2,0,0.0,0
Male,Loyal Customer,18,Personal Travel,Eco,110,4,2,4,3,3,4,3,3,1,1,2,2,2,3,0,0.0,0
Female,Loyal Customer,58,Business travel,Business,2025,3,3,3,3,5,5,4,4,4,4,4,3,4,3,0,0.0,1
Male,Loyal Customer,25,Personal Travel,Eco,419,2,1,0,3,2,0,2,2,1,3,3,3,3,2,49,59.0,0
Male,disloyal Customer,16,Business travel,Eco,1096,5,5,5,5,2,5,2,2,3,5,5,3,5,2,9,1.0,1
Female,Loyal Customer,35,Business travel,Business,3566,4,4,4,4,4,4,4,4,4,4,4,3,4,5,0,0.0,1
Female,Loyal Customer,54,Business travel,Business,1845,5,5,4,5,5,5,4,5,5,5,5,3,5,3,0,0.0,1
Male,disloyal Customer,62,Business travel,Eco,1010,4,4,4,3,2,4,2,2,2,4,3,2,4,2,102,86.0,0
Male,Loyal Customer,13,Personal Travel,Eco,679,1,4,0,3,1,0,1,1,5,3,5,3,4,1,5,10.0,0
Male,Loyal Customer,42,Business travel,Business,3640,1,1,4,1,4,4,5,4,4,4,4,5,4,5,0,0.0,1
Female,Loyal Customer,50,Personal Travel,Eco,468,3,5,3,3,4,5,4,2,2,3,2,4,2,5,0,18.0,0
Female,Loyal Customer,61,Business travel,Business,3258,1,1,1,1,1,1,2,5,5,5,4,2,5,4,6,11.0,1
Male,Loyal Customer,20,Business travel,Business,2517,2,2,2,2,5,5,5,5,1,4,5,1,3,5,13,0.0,1
Female,Loyal Customer,47,Personal Travel,Eco,196,3,2,3,3,4,3,4,1,1,3,1,4,1,1,0,0.0,0
Female,Loyal Customer,38,Business travel,Business,1211,5,5,5,5,5,3,5,4,4,4,4,1,4,1,0,0.0,1
Female,disloyal Customer,44,Business travel,Eco,321,0,4,0,2,2,0,2,2,4,5,1,3,5,2,0,0.0,0
Female,disloyal Customer,36,Business travel,Business,227,3,2,2,5,1,2,1,1,5,3,4,5,4,1,34,40.0,0
Female,disloyal Customer,22,Business travel,Business,755,4,0,4,4,3,4,3,3,5,5,4,4,5,3,2,0.0,1
Female,Loyal Customer,47,Personal Travel,Eco,804,2,5,2,2,1,2,2,5,5,2,5,2,5,1,0,0.0,0
Female,Loyal Customer,68,Personal Travel,Eco Plus,1448,3,2,3,3,5,4,4,2,2,3,2,3,2,1,0,0.0,0
Male,disloyal Customer,28,Business travel,Business,325,2,2,2,4,2,2,4,2,3,3,4,4,4,2,0,0.0,0
Male,Loyal Customer,55,Business travel,Business,1936,5,5,5,5,3,5,5,4,4,4,4,4,4,3,0,0.0,1
Female,Loyal Customer,32,Personal Travel,Eco,650,1,4,1,4,5,1,5,5,1,5,4,4,4,5,1,0.0,1
Male,Loyal Customer,52,Personal Travel,Business,1020,3,2,3,3,3,3,3,4,2,2,3,3,3,3,155,174.0,0
Male,disloyal Customer,38,Business travel,Eco,971,3,3,3,4,5,3,5,5,2,5,5,5,5,5,0,0.0,1
Female,disloyal Customer,25,Business travel,Business,239,2,5,3,2,5,3,5,5,3,2,5,4,5,5,0,0.0,1
Male,Loyal Customer,15,Personal Travel,Eco,1464,3,5,3,3,1,3,2,1,4,5,4,3,4,1,0,0.0,0
Female,Loyal Customer,34,Business travel,Business,2237,1,1,1,1,3,5,4,4,4,4,5,3,4,5,1,4.0,1
Male,Loyal Customer,9,Business travel,Business,575,3,3,5,3,3,3,3,3,2,4,2,1,3,3,58,47.0,0
Female,Loyal Customer,61,Personal Travel,Business,192,3,2,3,4,2,3,4,2,2,3,2,1,2,3,0,0.0,0
Female,Loyal Customer,43,Business travel,Business,451,1,1,1,1,2,1,2,5,5,5,5,4,5,4,0,2.0,1
Male,Loyal Customer,37,Business travel,Business,3405,5,5,3,5,3,4,1,4,4,4,4,2,4,3,0,0.0,1
Female,Loyal Customer,36,Personal Travel,Eco,645,2,1,2,4,3,2,3,3,2,1,3,4,3,3,91,90.0,0
Female,Loyal Customer,38,Business travel,Eco Plus,349,5,1,1,1,5,5,5,5,1,3,5,2,4,5,0,0.0,1
Female,Loyal Customer,41,Business travel,Business,1697,2,4,2,2,5,4,5,5,5,5,5,3,5,4,54,51.0,1
Male,Loyal Customer,36,Business travel,Eco,201,4,5,5,5,4,4,4,4,2,5,1,1,4,4,0,0.0,1
Male,Loyal Customer,39,Business travel,Eco,226,4,1,1,1,4,4,4,4,5,4,4,5,2,4,11,4.0,1
Female,Loyal Customer,9,Personal Travel,Eco,1056,2,4,2,3,5,2,5,5,4,4,5,3,4,5,22,37.0,1
Female,Loyal Customer,45,Business travel,Business,157,2,2,2,2,3,4,5,5,5,5,5,5,5,3,0,0.0,1
Male,Loyal Customer,42,Business travel,Business,3648,5,5,5,5,2,4,5,4,4,4,4,3,4,4,4,3.0,1
Male,Loyal Customer,22,Business travel,Business,1991,2,1,1,1,2,2,2,2,3,1,3,3,3,2,13,18.0,0
Female,Loyal Customer,36,Personal Travel,Eco,2402,3,3,2,4,5,2,3,5,2,1,4,3,4,5,0,0.0,1
Female,disloyal Customer,30,Business travel,Business,1590,3,3,3,4,5,3,5,5,4,3,3,1,4,5,3,23.0,1
Male,Loyal Customer,52,Business travel,Business,447,3,3,3,3,4,4,4,5,5,5,5,3,5,3,1,0.0,1
Female,Loyal Customer,47,Business travel,Business,1809,5,5,5,5,3,4,5,4,4,4,4,3,4,3,0,0.0,1
Female,Loyal Customer,8,Personal Travel,Eco,725,2,4,2,3,2,2,2,2,4,1,3,4,3,2,3,0.0,0
Female,Loyal Customer,57,Personal Travel,Eco,387,1,5,4,3,3,5,4,1,1,4,1,2,1,3,0,0.0,0
Female,Loyal Customer,60,Business travel,Business,2816,1,1,1,1,3,4,4,5,5,5,5,4,5,3,0,0.0,1
Female,Loyal Customer,13,Personal Travel,Business,1670,4,5,4,4,2,4,2,2,5,3,4,5,4,2,33,25.0,0
Male,Loyal Customer,46,Business travel,Business,2805,2,1,1,1,5,4,4,2,2,2,2,4,2,3,96,111.0,0
Male,Loyal Customer,46,Business travel,Business,2357,3,3,3,3,4,4,4,4,4,3,4,4,4,4,0,0.0,1
Female,disloyal Customer,59,Business travel,Eco,475,2,4,2,3,3,2,1,3,1,5,4,3,3,3,1,0.0,0
Female,disloyal Customer,38,Business travel,Business,715,2,2,2,5,2,2,2,2,5,5,4,4,4,2,0,0.0,0
Female,Loyal Customer,49,Business travel,Business,2435,2,2,2,2,1,4,3,2,2,2,2,3,2,4,2,28.0,0
Male,Loyal Customer,41,Business travel,Business,299,2,5,5,5,2,3,3,2,2,2,2,4,2,3,0,0.0,0
Female,Loyal Customer,40,Business travel,Business,3632,4,1,1,1,5,3,3,4,4,3,4,3,4,4,0,0.0,1
Male,Loyal Customer,50,Business travel,Eco,420,1,4,1,4,1,1,1,1,2,4,3,4,3,1,19,47.0,0
Female,Loyal Customer,48,Business travel,Business,102,3,3,3,3,5,4,4,4,4,5,4,5,4,3,0,0.0,1
Male,disloyal Customer,21,Business travel,Eco,689,1,1,1,4,4,1,4,4,4,1,3,2,3,4,11,18.0,0
Male,Loyal Customer,29,Personal Travel,Eco,425,4,5,4,1,1,4,1,1,3,2,5,3,4,1,21,19.0,0
Male,Loyal Customer,59,Business travel,Business,666,1,1,1,1,5,5,5,4,4,4,4,3,4,4,0,0.0,1
Male,Loyal Customer,62,Business travel,Eco,361,4,2,2,2,4,4,4,4,3,4,5,1,3,4,2,0.0,1
Female,Loyal Customer,61,Personal Travel,Eco,1025,1,5,1,4,2,5,4,5,5,1,2,5,5,5,0,0.0,1
Male,Loyal Customer,9,Personal Travel,Eco,802,1,5,1,1,5,1,5,5,1,2,4,4,2,5,16,1.0,1
Female,Loyal Customer,34,Business travel,Business,1142,4,4,4,4,4,5,4,4,4,4,4,5,4,4,3,0.0,1
Female,disloyal Customer,10,Business travel,Eco,868,5,5,5,3,4,5,4,4,4,4,4,5,5,4,0,0.0,1
Female,Loyal Customer,49,Business travel,Eco,562,2,4,2,4,2,4,4,2,2,2,2,3,2,2,39,30.0,0
Female,Loyal Customer,40,Business travel,Business,2556,1,1,1,1,5,4,5,5,5,4,5,3,5,3,4,7.0,1
Female,Loyal Customer,45,Business travel,Business,2586,2,2,1,2,3,3,4,4,4,4,4,3,4,3,0,0.0,1
Female,Loyal Customer,50,Business travel,Business,2574,2,2,1,2,4,4,5,3,3,4,3,3,3,4,83,80.0,1
Male,disloyal Customer,35,Business travel,Business,677,3,3,3,4,2,3,2,2,5,3,5,3,4,2,71,72.0,0
Male,Loyal Customer,76,Business travel,Business,3257,3,2,2,2,1,1,2,3,3,3,3,1,3,4,0,18.0,0
Male,Loyal Customer,53,Personal Travel,Eco,352,4,5,4,3,1,4,1,1,4,2,4,4,4,1,30,0.0,0
Female,Loyal Customer,36,Business travel,Business,3979,2,2,2,2,3,3,2,2,2,2,2,1,2,2,6,0.0,0
Male,Loyal Customer,25,Business travel,Eco,874,5,2,2,2,5,5,5,5,4,1,4,1,3,5,19,7.0,1
Male,Loyal Customer,14,Personal Travel,Eco,1121,2,4,2,4,2,3,3,3,3,4,2,3,1,3,198,189.0,0
Female,Loyal Customer,52,Personal Travel,Eco,1788,4,5,5,4,5,5,5,2,2,5,2,3,2,3,2,0.0,1
Male,Loyal Customer,11,Personal Travel,Eco,1105,1,4,1,4,3,1,3,3,3,3,1,2,1,3,13,5.0,0
Female,Loyal Customer,44,Personal Travel,Eco,849,2,4,2,1,5,5,4,1,1,2,1,4,1,5,45,44.0,0
Female,Loyal Customer,37,Business travel,Eco,373,5,1,1,1,5,5,5,5,5,4,1,5,1,5,36,37.0,1
Female,Loyal Customer,53,Business travel,Business,1727,1,1,1,1,4,5,5,4,4,4,4,4,4,5,0,0.0,1
Male,Loyal Customer,54,Personal Travel,Eco,296,1,3,1,3,4,1,4,4,1,1,4,3,3,4,2,2.0,0
Female,Loyal Customer,69,Personal Travel,Eco,1256,3,1,3,2,2,1,2,1,1,3,1,1,1,4,0,0.0,0
Female,Loyal Customer,34,Business travel,Business,2048,2,2,2,2,2,5,3,5,5,5,5,4,5,5,0,0.0,1
Female,Loyal Customer,58,Business travel,Business,2078,2,5,5,5,1,4,3,3,3,3,2,3,3,3,0,0.0,0
Female,Loyal Customer,41,Business travel,Business,240,3,3,3,3,3,3,3,3,3,3,3,4,3,4,52,58.0,0
Male,Loyal Customer,53,Business travel,Eco,261,2,4,4,4,2,2,2,2,3,3,1,1,1,2,0,1.0,0
Male,Loyal Customer,68,Personal Travel,Eco,210,4,2,0,3,5,0,5,5,4,4,4,1,3,5,0,0.0,1
Male,Loyal Customer,52,Personal Travel,Eco Plus,1009,2,4,2,1,5,2,5,5,2,5,1,5,2,5,0,0.0,1
Male,Loyal Customer,11,Personal Travel,Eco,337,4,5,2,5,2,2,2,2,3,4,4,5,4,2,0,0.0,0
